cardId	cardName	cardType	abilityId	trigger	executionModel	atomKinds	sceneIds	segmentScenes	branchScenes	routeCandidates	entryEvidence	categories
S01-0001	黑胡子蒂奇	legion	S01-0001:ability:enter:9cf50e2bf6ea81ef	enter	triggered	trigger.observe;cost.discard;operation.draw;operation.move-zone;operation.composite-flow	S01-0001:ability:enter:9cf50e2bf6ea81ef:presentation:enter;S01-0001:ability:enter:9cf50e2bf6ea81ef:presentation:segment:trigger-s01-0001-enter:teach-enter-discard;S01-0001:ability:enter:9cf50e2bf6ea81ef:presentation:segment:trigger-s01-0001-enter:teach-enter-draw	S01-0001:ability:enter:9cf50e2bf6ea81ef:presentation:segment:trigger-s01-0001-enter:teach-enter-discard#1/2;S01-0001:ability:enter:9cf50e2bf6ea81ef:presentation:segment:trigger-s01-0001-enter:teach-enter-draw#2/2		S01-0001:enter:composite	composite-definition	payment;multi-segment-or-branch;zone-or-movement
S01-0001	黑胡子蒂奇	legion	S01-0001:ability:death:efe619e31179fd41	death	triggered	trigger.observe;control.optional;cost.discard;operation.draw;operation.composite-flow	S01-0001:ability:death:efe619e31179fd41:presentation:death;S01-0001:ability:death:efe619e31179fd41:presentation:segment:trigger-s01-0001-death:draw-discard-draw-2;S01-0001:ability:death:efe619e31179fd41:presentation:segment:trigger-s01-0001-death:draw-discard-discard	S01-0001:ability:death:efe619e31179fd41:presentation:segment:trigger-s01-0001-death:draw-discard-draw-2#1/2;S01-0001:ability:death:efe619e31179fd41:presentation:segment:trigger-s01-0001-death:draw-discard-discard#2/2		S01-0001:death:composite	composite-definition	payment;multi-segment-or-branch;zone-or-movement
S01-0002	佣兵部队	legion	S01-0002:ability:active:2786430f57a9abaa	active	rule-action	trigger.observe;condition.expression;operation.move;duration.apply	S01-0002:ability:active:2786430f57a9abaa:presentation:rule-action-cavalry-move				shared-rule-owner	zone-or-movement;continuous-or-duration
S01-0002	佣兵部队	legion	S01-0002:ability:reaction:a472c4e7c34abf4b	reaction	reaction	trigger.observe;control.optional;cost.discard;operation.attack-rule;legacy.resolve	S01-0002:ability:reaction:a472c4e7c34abf4b:presentation:reaction;S01-0002:ability:reaction:a472c4e7c34abf4b:presentation:runtime-response:response-block	S01-0002:ability:reaction:a472c4e7c34abf4b:presentation:runtime-response:response-block#1/1			shared-rule-owner	payment;response
S01-0003	攻城投石车	legion	S01-0003:ability:static:e3471cd2a7042e59	static	continuous	trigger.observe;operation.attack-rule;duration.apply;legacy.resolve					shared-rule-owner	continuous-or-duration
S01-0003	攻城投石车	legion	S01-0003:ability:active:73c59f9367069790	active	activated	trigger.observe;condition.expression;cost.pay-morale;operation.attack-rule;duration.apply;legacy.resolve	S01-0003:ability:active:73c59f9367069790:presentation:active	S01-0003:ability:active:73c59f9367069790:presentation:active#1/1			shared-rule-owner	payment;continuous-or-duration
S01-0004	无名的渗透者	legion	S01-0004:ability:static:1644ef88125b05c1	static	continuous	trigger.observe;special.domain;operation.attack-rule;legacy.resolve					shared-rule-owner	continuous-or-duration
S01-0004	无名的渗透者	legion	S01-0004:ability:active:6f9f6988e1ea4be0	active	activated	trigger.observe;control.optional;cost.pay-morale;operation.move-zone;legacy.resolve	S01-0004:ability:active:6f9f6988e1ea4be0:presentation:active	S01-0004:ability:active:6f9f6988e1ea4be0:presentation:active#1/1			shared-rule-owner	payment;zone-or-movement
S01-0004	无名的渗透者	legion	S01-0004:ability:death:17a2eed7427d41ed	death	triggered	trigger.observe;operation.draw	S01-0004:ability:death:17a2eed7427d41ed:presentation:death	S01-0004:ability:death:17a2eed7427d41ed:presentation:death#1/1		S01-0004:death:92330270dcb6;S01-0004:death:composite	fine-definition	zone-or-movement
S01-0005	万箭齐发	tactic	S01-0005:ability:play:4e2f35a88184b107	play	activated	trigger.observe;condition.expression;selection.target;selection.mode;operation.modify-troops;duration.apply;operation.composite-flow	S01-0005:ability:play:4e2f35a88184b107:presentation:play;S01-0005:ability:play:4e2f35a88184b107:presentation:segment:s01-0005:volley-effect:branch-07f98fae4e83;S01-0005:ability:play:4e2f35a88184b107:presentation:segment:s01-0005:volley-effect:branch-90bcf0ad6062;S01-0005:ability:play:4e2f35a88184b107:presentation:segment:s01-0005:volley-effect:branch-aa29a2c7b7fd	S01-0005:ability:play:4e2f35a88184b107:presentation:segment:s01-0005:volley-effect:branch-07f98fae4e83#1/1;S01-0005:ability:play:4e2f35a88184b107:presentation:segment:s01-0005:volley-effect:branch-90bcf0ad6062#1/1;S01-0005:ability:play:4e2f35a88184b107:presentation:segment:s01-0005:volley-effect:branch-aa29a2c7b7fd#1/1		S01-0005:play:composite	composite-definition	target;multi-segment-or-branch;continuous-or-duration
S01-0006	邪恶仪式	tactic	S01-0006:ability:play:4d15c0a265cfe9f2	play	activated	trigger.observe;cost.discard;operation.composite-flow	S01-0006:ability:play:4d15c0a265cfe9f2:presentation:play;S01-0006:ability:play:4d15c0a265cfe9f2:presentation:segment:s01-0006:evil-ritual-effect	S01-0006:ability:play:4d15c0a265cfe9f2:presentation:segment:s01-0006:evil-ritual-effect#1/1		S01-0006:play:composite	composite-definition	payment;multi-segment-or-branch
S01-0007	野外扎营	tactic	S01-0007:ability:play:82f7ea36d410ae48	play	activated	trigger.observe;control.optional;condition.expression;selection.target;selection.mode;cost.pay-morale;operation.draw;operation.move-zone;visibility.policy;operation.composite-flow	S01-0007:ability:play:82f7ea36d410ae48:presentation:play;S01-0007:ability:play:82f7ea36d410ae48:presentation:reveal-add;S01-0007:ability:play:82f7ea36d410ae48:presentation:segment:s01-0007:camp-search;S01-0007:ability:play:82f7ea36d410ae48:presentation:segment:s01-0007:camp-heal:branch-f2a536a648dc;S01-0007:ability:play:82f7ea36d410ae48:presentation:segment:s01-0007:camp-draw:branch-4c3d7a78a101	S01-0007:ability:play:82f7ea36d410ae48:presentation:segment:s01-0007:camp-search#1/3;S01-0007:ability:play:82f7ea36d410ae48:presentation:segment:s01-0007:camp-heal:branch-f2a536a648dc#2/3;S01-0007:ability:play:82f7ea36d410ae48:presentation:segment:s01-0007:camp-draw:branch-4c3d7a78a101#3/3		S01-0007:play:composite	composite-definition	payment;target;multi-segment-or-branch;zone-or-movement
S01-0008	兵临城下	tactic	S01-0008:ability:play:1fcd2474054827d4	play	activated	trigger.observe;condition.expression;operation.modify-troops;duration.apply;operation.composite-flow	S01-0008:ability:play:1fcd2474054827d4:presentation:play			S01-0008:play:composite	composite-definition	multi-segment-or-branch;continuous-or-duration
S01-0009	战略转移	tactic	S01-0009:ability:play:a31f5ca9e9313984	play	activated	trigger.observe;selection.target;operation.modify-troops;duration.apply;operation.composite-flow	S01-0009:ability:play:a31f5ca9e9313984:presentation:play;S01-0009:ability:play:a31f5ca9e9313984:presentation:segment:s01-0009:strategic-transfer-effect	S01-0009:ability:play:a31f5ca9e9313984:presentation:segment:s01-0009:strategic-transfer-effect#1/1		S01-0009:play:composite	composite-definition	target;multi-segment-or-branch;continuous-or-duration
S01-0010	伪造密令	tactic	S01-0010:ability:play:6b9ba699d4812087	play	activated	trigger.observe;selection.target;operation.move;operation.composite-flow	S01-0010:ability:play:6b9ba699d4812087:presentation:play;S01-0010:ability:play:6b9ba699d4812087:presentation:segment:s01-0010:forged-orders-effect	S01-0010:ability:play:6b9ba699d4812087:presentation:segment:s01-0010:forged-orders-effect#1/1		S01-0010:play:composite	composite-definition	target;multi-segment-or-branch;zone-or-movement
S01-0011	瘟疫感染	tactic	S01-0011:ability:play:a95a1e71bf8c0d92	play	activated	trigger.observe;selection.target;operation.ready;operation.composite-flow	S01-0011:ability:play:a95a1e71bf8c0d92:presentation:play;S01-0011:ability:play:a95a1e71bf8c0d92:presentation:segment:s01-0011:plague-effect	S01-0011:ability:play:a95a1e71bf8c0d92:presentation:segment:s01-0011:plague-effect#1/1		S01-0011:play:composite	composite-definition	target;multi-segment-or-branch
S01-0012	全军出击	tactic	S01-0012:ability:play:05362a9e85146d04	play	activated	trigger.observe;operation.set-state	S01-0012:ability:play:05362a9e85146d04:presentation:play			S01-0012:play:f62964faa615	fine-definition	other
S01-0013	前线侦查	tactic	S01-0013:ability:play:e4eac467c9b7836c	play	activated	trigger.observe;control.optional;selection.target;cost.pay-morale;visibility.policy;operation.composite-flow	S01-0013:ability:play:e4eac467c9b7836c:presentation:play;S01-0013:ability:play:e4eac467c9b7836c:presentation:opponent-hand;S01-0013:ability:play:e4eac467c9b7836c:presentation:segment:s01-0013:scout-reveal;S01-0013:ability:play:e4eac467c9b7836c:presentation:segment:s01-0013:scout-shuffle-effect:branch-ee6e30c47bae	S01-0013:ability:play:e4eac467c9b7836c:presentation:segment:s01-0013:scout-reveal#1/2;S01-0013:ability:play:e4eac467c9b7836c:presentation:segment:s01-0013:scout-shuffle-effect:branch-ee6e30c47bae#2/2		S01-0013:play:composite	composite-definition	payment;target;multi-segment-or-branch
S01-0014	祭天仪式	tactic	S01-0014:ability:play:cec63f278f7e075f	play	activated	trigger.observe;operation.draw;special.domain;operation.composite-flow	S01-0014:ability:play:cec63f278f7e075f:presentation:play;S01-0014:ability:play:cec63f278f7e075f:presentation:segment:s01-0014:ritual-draw;S01-0014:ability:play:cec63f278f7e075f:presentation:segment:s01-0014:ritual-disaster:branch-03217a250cef;S01-0014:ability:play:cec63f278f7e075f:presentation:segment:s01-0014:ritual-disaster:branch-e90a72126a48;S01-0014:ability:play:cec63f278f7e075f:presentation:segment:s01-0014:ritual-disaster:branch-0bc38c50b1da;S01-0014:ability:play:cec63f278f7e075f:presentation:segment:s01-0014:ritual-disaster:branch-35a0f004944e;S01-0014:ability:play:cec63f278f7e075f:presentation:segment:s01-0014:ritual-disaster:branch-4f26103b85a8	S01-0014:ability:play:cec63f278f7e075f:presentation:segment:s01-0014:ritual-draw#1/2;S01-0014:ability:play:cec63f278f7e075f:presentation:segment:s01-0014:ritual-disaster:branch-03217a250cef#2/2;S01-0014:ability:play:cec63f278f7e075f:presentation:segment:s01-0014:ritual-disaster:branch-e90a72126a48#2/2;S01-0014:ability:play:cec63f278f7e075f:presentation:segment:s01-0014:ritual-disaster:branch-0bc38c50b1da#2/2;S01-0014:ability:play:cec63f278f7e075f:presentation:segment:s01-0014:ritual-disaster:branch-35a0f004944e#2/2;S01-0014:ability:play:cec63f278f7e075f:presentation:segment:s01-0014:ritual-disaster:branch-4f26103b85a8#2/2		S01-0014:play:composite	composite-definition	multi-segment-or-branch;zone-or-movement
S01-0015	议和谈判	tactic	S01-0015:ability:play:d3978ea1392a76f1	play	activated	trigger.observe;condition.expression;operation.draw;operation.composite-flow	S01-0015:ability:play:d3978ea1392a76f1:presentation:play;S01-0015:ability:play:d3978ea1392a76f1:presentation:segment:s01-0015:peace-draw;S01-0015:ability:play:d3978ea1392a76f1:presentation:segment:s01-0015:peace-negotiation	S01-0015:ability:play:d3978ea1392a76f1:presentation:segment:s01-0015:peace-draw#1/2;S01-0015:ability:play:d3978ea1392a76f1:presentation:segment:s01-0015:peace-negotiation#2/2		S01-0015:play:composite	composite-definition	multi-segment-or-branch;zone-or-movement
S01-0016	绝对防御	tactic	S01-0016:ability:reaction:eda8f9987e9ccfe3	reaction	reaction	trigger.observe;cost.discard;operation.attack-rule;duration.apply	S01-0016:ability:reaction:eda8f9987e9ccfe3:presentation:reaction;S01-0016:ability:reaction:eda8f9987e9ccfe3:presentation:branch:absolute-defense-response:4e25e8b24b19;S01-0016:ability:reaction:eda8f9987e9ccfe3:presentation:branch:absolute-defense-response:f19eb477b755				shared-rule-owner	payment;response;continuous-or-duration
S01-0017	拼死反抗	tactic	S01-0017:ability:reaction:2daa504e0ab12865	reaction	reaction	trigger.observe;condition.expression;selection.target;selection.mode;operation.modify-troops;operation.rest;operation.composite-flow	S01-0017:ability:reaction:2daa504e0ab12865:presentation:reaction;S01-0017:ability:reaction:2daa504e0ab12865:presentation:branch:last-stand-response:27427b56a5dc;S01-0017:ability:reaction:2daa504e0ab12865:presentation:branch:last-stand-response:56a90ba25497			S01-0017:reaction:composite	composite-definition	target;response;multi-segment-or-branch
S01-0018	落穴陷阱	tactic	S01-0018:ability:reaction:248207b49df4bd77	reaction	reaction	trigger.observe;operation.move-zone	S01-0018:ability:reaction:248207b49df4bd77:presentation:reaction;S01-0018:ability:reaction:248207b49df4bd77:presentation:runtime-response:response-negate	S01-0018:ability:reaction:248207b49df4bd77:presentation:runtime-response:response-negate#1/1			shared-rule-owner	response;zone-or-movement
S01-0019	伏击	tactic	S01-0019:ability:reaction:8828f6a3bf87ce59	reaction	reaction	trigger.observe;selection.target;operation.modify-troops;duration.apply;operation.composite-flow	S01-0019:ability:reaction:8828f6a3bf87ce59:presentation:reaction;S01-0019:ability:reaction:8828f6a3bf87ce59:presentation:runtime-response:reaction	S01-0019:ability:reaction:8828f6a3bf87ce59:presentation:runtime-response:reaction#1/1		S01-0019:reaction:composite	composite-definition	target;response;multi-segment-or-branch;continuous-or-duration
S01-0020	战斗至黎明	tactic	S01-0020:ability:reaction:f099e096c2d7437b	reaction	reaction	trigger.observe;control.optional;condition.expression;operation.draw;operation.modify-troops;duration.apply;operation.composite-flow	S01-0020:ability:reaction:f099e096c2d7437b:presentation:reaction;S01-0020:ability:reaction:f099e096c2d7437b:presentation:segment:response-s01-0020:battle-until-dawn-buff;S01-0020:ability:reaction:f099e096c2d7437b:presentation:segment:response-s01-0020:battle-until-dawn-draw:branch-a0f60237492a	S01-0020:ability:reaction:f099e096c2d7437b:presentation:segment:response-s01-0020:battle-until-dawn-buff#1/2;S01-0020:ability:reaction:f099e096c2d7437b:presentation:segment:response-s01-0020:battle-until-dawn-draw:branch-a0f60237492a#2/2		S01-0020:reaction:composite	composite-definition	response;multi-segment-or-branch;zone-or-movement;continuous-or-duration
S01-0021	摄政皇权	tactic	S01-0021:ability:reaction:a0a418c3c31334fb	reaction	reaction	trigger.observe;condition.expression;operation.damage-master;operation.move-zone;operation.ready;operation.composite-flow	S01-0021:ability:reaction:a0a418c3c31334fb:presentation:reaction;S01-0021:ability:reaction:a0a418c3c31334fb:presentation:segment:trigger-s01-0021-reaction:regency-entry	S01-0021:ability:reaction:a0a418c3c31334fb:presentation:segment:trigger-s01-0021-reaction:regency-entry#1/1		S01-0021:reaction:composite	composite-definition	response;multi-segment-or-branch;zone-or-movement
S01-00C1	士气·通用	rune	S01-00C1:ability:static:db1ae0a9efb4bff8	static	continuous	trigger.observe;legacy.resolve					shared-rule-owner	continuous-or-duration
S01-0101	吕布	legion	S01-0101:ability:static:b5c9e323c0a061cc	static	continuous	trigger.observe;operation.attack-rule					shared-rule-owner	continuous-or-duration
S01-0101	吕布	legion	S01-0101:ability:after-attack:a89315144e297dfc	after-attack	triggered	trigger.observe;control.optional;cost.return-morale;operation.ready;operation.composite-flow	S01-0101:ability:after-attack:a89315144e297dfc:presentation:after-attack			S01-0101:after-attack:composite	composite-definition	payment;multi-segment-or-branch
S01-0101	吕布	legion	S01-0101:ability:enter:5dfde2f721ac6c21	enter	triggered	trigger.observe;control.optional;cost.return-morale;operation.move-zone;special.domain;operation.composite-flow	S01-0101:ability:enter:5dfde2f721ac6c21:presentation:enter			S01-0101:enter:composite	composite-definition	payment;multi-segment-or-branch;zone-or-movement
S01-0101	吕布	legion	S01-0101:ability:static:1f027ad861ea0006	static	continuous	trigger.observe;operation.attack-rule;duration.apply;legacy.resolve					shared-rule-owner	continuous-or-duration
S01-0101	吕布	legion	S01-0101:ability:static:1041797d91099ae1	static	continuous	trigger.observe;operation.attack-rule;duration.apply;legacy.resolve					shared-rule-owner	continuous-or-duration
S01-0102	武则天	legion	S01-0102:ability:enter:20edaa1cc11c4de3	enter	triggered	trigger.observe;control.optional;selection.target;cost.return-morale;operation.move-zone;operation.ready;operation.rest;operation.composite-flow	S01-0102:ability:enter:20edaa1cc11c4de3:presentation:enter			S01-0102:enter:composite	composite-definition	payment;target;multi-segment-or-branch;zone-or-movement
S01-0102	武则天	legion	S01-0102:ability:death:c1581c3f5243c374	death	triggered	trigger.observe;operation.draw;operation.heal-master	S01-0102:ability:death:c1581c3f5243c374:presentation:death			S01-0102:death:6127c1e7e4de	fine-definition	zone-or-movement
S01-0103	李靖	legion	S01-0103:ability:enter:46c35ac58c1f7cec	enter	triggered	trigger.observe;control.optional;condition.expression;selection.target;cost.return-morale;operation.move-zone;operation.ready;visibility.policy;operation.composite-flow	S01-0103:ability:enter:46c35ac58c1f7cec:presentation:enter;S01-0103:ability:enter:46c35ac58c1f7cec:presentation:top-card			S01-0103:enter:composite	composite-definition	payment;target;multi-segment-or-branch;zone-or-movement
S01-0104	韩信	legion	S01-0104:ability:static:a91d7d481db612a9	static	continuous	trigger.observe;condition.expression;operation.move-zone					shared-rule-owner	zone-or-movement;continuous-or-duration
S01-0104	韩信	legion	S01-0104:ability:attack:dca347f8b8ee1cd7	attack	triggered	trigger.observe;control.optional;cost.return-morale;operation.damage-master;operation.modify-troops;operation.keyword;duration.apply;operation.composite-flow	S01-0104:ability:attack:dca347f8b8ee1cd7:presentation:attack			S01-0104:attack:composite	composite-definition	payment;multi-segment-or-branch;continuous-or-duration
S01-0105	刘备	legion	S01-0105:ability:enter:ee4ec5ee9f9e1cce	enter	triggered	trigger.observe;control.optional;selection.target;cost.return-morale;operation.move-zone;operation.ready;operation.composite-flow	S01-0105:ability:enter:ee4ec5ee9f9e1cce:presentation:enter			S01-0105:enter:composite	shared-rule-owner	payment;target;multi-segment-or-branch;zone-or-movement
S01-0105	刘备	legion	S01-0105:ability:active:0e81cd47a6221fd8	active	activated	trigger.observe;control.optional;selection.target;cost.return-morale;cost.rest-source;operation.move-zone;operation.shuffle;visibility.policy	S01-0105:ability:active:0e81cd47a6221fd8:presentation:active;S01-0105:ability:active:0e81cd47a6221fd8:presentation:search-hit;S01-0105:ability:active:0e81cd47a6221fd8:presentation:segment:active-s01-0105-searchbrothers:liubei-search;S01-0105:ability:active:0e81cd47a6221fd8:presentation:segment:active-s01-0105-searchbrothers:liubei-shuffle	S01-0105:ability:active:0e81cd47a6221fd8:presentation:segment:active-s01-0105-searchbrothers:liubei-search#1/2;S01-0105:ability:active:0e81cd47a6221fd8:presentation:segment:active-s01-0105-searchbrothers:liubei-shuffle#2/2			shared-rule-owner	payment;target;multi-segment-or-branch;zone-or-movement
S01-0106	关羽	legion	S01-0106:ability:active:2786430f57a9abaa	active	rule-action	trigger.observe;condition.expression;operation.move;duration.apply	S01-0106:ability:active:2786430f57a9abaa:presentation:rule-action-cavalry-move				shared-rule-owner	zone-or-movement;continuous-or-duration
S01-0106	关羽	legion	S01-0106:ability:attack:9165425af3015018	attack	triggered	trigger.observe;control.optional;cost.return-morale;operation.modify-troops;operation.keyword;duration.apply;operation.composite-flow	S01-0106:ability:attack:9165425af3015018:presentation:attack			S01-0106:attack:composite	composite-definition	payment;multi-segment-or-branch;continuous-or-duration
S01-0107	张飞	legion	S01-0107:ability:static:715fe715dcb8ea28	static	continuous	trigger.observe;control.optional;condition.expression;operation.modify-troops;operation.move-zone					shared-rule-owner	zone-or-movement;continuous-or-duration
S01-0107	张飞	legion	S01-0107:ability:static:af427a4637e1c138	static	continuous	trigger.observe;condition.expression;operation.keyword;duration.apply;legacy.resolve					shared-rule-owner	continuous-or-duration
S01-0108	花木兰	legion	S01-0108:ability:enter:312dd6c6c15d7a5f	enter	triggered	trigger.observe;control.optional;cost.return-morale;operation.move-zone;operation.keyword;operation.composite-flow	S01-0108:ability:enter:312dd6c6c15d7a5f:presentation:enter			S01-0108:enter:composite	composite-definition	payment;multi-segment-or-branch;zone-or-movement
S01-0108	花木兰	legion	S01-0108:ability:death:5bd627fade87c4f9	death	triggered	trigger.observe;selection.target;operation.ready;operation.rest;operation.composite-flow	S01-0108:ability:death:5bd627fade87c4f9:presentation:death			S01-0108:death:composite	composite-definition	target;multi-segment-or-branch
S01-0109	白起	legion	S01-0109:ability:enter:987ca9f7eb3ce489	enter	triggered	trigger.observe;operation.add-morale	S01-0109:ability:enter:987ca9f7eb3ce489:presentation:enter			S01-0109:enter:f9662f973b38	fine-definition	other
S01-0109	白起	legion	S01-0109:ability:active:88c64e7a7e50fb25	active	activated	trigger.observe;cost.rest-source;operation.add-morale	S01-0109:ability:active:88c64e7a7e50fb25:presentation:active	S01-0109:ability:active:88c64e7a7e50fb25:presentation:active#1/1			shared-rule-owner	payment
S01-0110	墨子	legion	S01-0110:ability:static:e3471cd2a7042e59	static	continuous	trigger.observe;operation.attack-rule;duration.apply;legacy.resolve					shared-rule-owner	continuous-or-duration
S01-0110	墨子	legion	S01-0110:ability:enter:eeb5f5bd6f78bbd4	enter	triggered	trigger.observe;control.optional;cost.return-morale;selection.target;operation.keyword;duration.apply;operation.composite-flow	S01-0110:ability:enter:eeb5f5bd6f78bbd4:presentation:enter			S01-0110:enter:composite	composite-definition	payment;target;multi-segment-or-branch;continuous-or-duration
S01-0110	墨子	legion	S01-0110:ability:death:8a11998853c0aa4d	death	triggered	trigger.observe;operation.draw	S01-0110:ability:death:8a11998853c0aa4d:presentation:death	S01-0110:ability:death:8a11998853c0aa4d:presentation:death#1/1		S01-0110:death:2658d4f0c5a0;S01-0110:death:composite	fine-definition	zone-or-movement
S01-0111	诸葛亮	legion	S01-0111:ability:static:e3471cd2a7042e59	static	continuous	trigger.observe;operation.attack-rule;duration.apply;legacy.resolve					shared-rule-owner	continuous-or-duration
S01-0111	诸葛亮	legion	S01-0111:ability:enter:66f869c856a21839	enter	triggered	trigger.observe;control.optional;selection.target;operation.move-zone;visibility.policy;special.domain;operation.composite-flow	S01-0111:ability:enter:66f869c856a21839:presentation:enter;S01-0111:ability:enter:66f869c856a21839:presentation:segment:trigger-s01-0111-enter:zhuge-reveal;S01-0111:ability:enter:66f869c856a21839:presentation:segment:trigger-s01-0111-enter:zhuge-disaster:branch-ff0a46ac3e9f	S01-0111:ability:enter:66f869c856a21839:presentation:segment:trigger-s01-0111-enter:zhuge-reveal#1/2;S01-0111:ability:enter:66f869c856a21839:presentation:segment:trigger-s01-0111-enter:zhuge-disaster:branch-ff0a46ac3e9f#2/2		S01-0111:enter:composite	composite-definition	target;multi-segment-or-branch;zone-or-movement
S01-0111	诸葛亮	legion	S01-0111:ability:attack:9978ebecafb4bcd8	attack	triggered	trigger.observe;operation.composite-flow	S01-0111:ability:attack:9978ebecafb4bcd8:presentation:attack;S01-0111:ability:attack:9978ebecafb4bcd8:presentation:attack-top-card			S01-0111:attack:composite	composite-definition	multi-segment-or-branch
S01-0111	诸葛亮	legion	S01-0111:ability:death:1bb463344321f1bb	death	triggered	trigger.observe;control.optional;condition.expression;selection.target;cost.return-morale;operation.move-zone;operation.ready;visibility.policy;operation.composite-flow	S01-0111:ability:death:1bb463344321f1bb:presentation:death;S01-0111:ability:death:1bb463344321f1bb:presentation:death-top-card			S01-0111:death:composite	composite-definition	payment;target;multi-segment-or-branch;zone-or-movement
S01-0112	孙武	legion	S01-0112:ability:static:e3471cd2a7042e59	static	continuous	trigger.observe;operation.attack-rule;duration.apply;legacy.resolve					shared-rule-owner	continuous-or-duration
S01-0112	孙武	legion	S01-0112:ability:enter:91366d15403c1a7f	enter	triggered	trigger.observe;control.optional;cost.return-morale;operation.move-zone;duration.apply;operation.composite-flow	S01-0112:ability:enter:91366d15403c1a7f:presentation:enter			S01-0112:enter:composite	composite-definition	payment;multi-segment-or-branch;zone-or-movement;continuous-or-duration
S01-0112	孙武	legion	S01-0112:ability:death:c91a9e71e9680c3d	death	triggered	trigger.observe;control.optional;condition.expression;selection.target;special.domain;operation.composite-flow	S01-0112:ability:death:c91a9e71e9680c3d:presentation:death	S01-0112:ability:death:c91a9e71e9680c3d:presentation:death#1/1		S01-0112:death:composite	composite-definition	target;multi-segment-or-branch
S01-0113	养由基	legion	S01-0113:ability:static:e3471cd2a7042e59	static	continuous	trigger.observe;operation.attack-rule;duration.apply;legacy.resolve					shared-rule-owner	continuous-or-duration
S01-0113	养由基	legion	S01-0113:ability:active:e1b5cdab435b4c1f	active	activated	trigger.observe;condition.expression;cost.return-morale;operation.attack-rule;duration.apply;legacy.resolve	S01-0113:ability:active:e1b5cdab435b4c1f:presentation:active	S01-0113:ability:active:e1b5cdab435b4c1f:presentation:active#1/1			shared-rule-owner	payment;continuous-or-duration
S01-0114	秦良玉	legion	S01-0114:ability:static:e3471cd2a7042e59	static	continuous	trigger.observe;operation.attack-rule;duration.apply;legacy.resolve					shared-rule-owner	continuous-or-duration
S01-0114	秦良玉	legion	S01-0114:ability:static:a91d7d481db612a9	static	continuous	trigger.observe;condition.expression;operation.move-zone					shared-rule-owner	zone-or-movement;continuous-or-duration
S01-0114	秦良玉	legion	S01-0114:ability:enter:89b2c77605906107	enter	triggered	trigger.observe;operation.add-morale;operation.move-zone;operation.rest;operation.composite-flow	S01-0114:ability:enter:89b2c77605906107:presentation:enter			S01-0114:enter:composite	composite-definition	multi-segment-or-branch;zone-or-movement
S01-0115	荆轲	legion	S01-0115:ability:static:9ba2f4f5354a2a05	static	continuous	trigger.observe;condition.expression;operation.attack-rule;duration.apply;legacy.resolve					shared-rule-owner	continuous-or-duration
S01-0115	荆轲	legion	S01-0115:ability:enter:9207ec0f85a3108c	enter	triggered	trigger.observe;condition.expression;control.optional;operation.draw	S01-0115:ability:enter:9207ec0f85a3108c:presentation:enter			S01-0115:enter:2cea8046e991	fine-definition	zone-or-movement
S01-0115	荆轲	legion	S01-0115:ability:death:02a4c394eda56050	death	triggered	trigger.observe;control.optional;condition.expression;cost.return-morale;operation.composite-flow	S01-0115:ability:death:02a4c394eda56050:presentation:death			S01-0115:death:composite	composite-definition	payment;multi-segment-or-branch
S01-0116	西施	legion	S01-0116:ability:static:e3471cd2a7042e59	static	continuous	trigger.observe;operation.attack-rule;duration.apply;legacy.resolve					shared-rule-owner	continuous-or-duration
S01-0116	西施	legion	S01-0116:ability:static:74c527aaab5e91cd	static	continuous	trigger.observe;control.optional;condition.expression;selection.target;cost.return-morale;cost.discard;operation.draw;operation.move-zone;operation.ready	S01-0116:ability:static:74c527aaab5e91cd:presentation:segment:active-s01-0116-xishiexchange:xishi-summon:branch-ed6b28a22b58;S01-0116:ability:static:74c527aaab5e91cd:presentation:segment:active-s01-0116-xishiexchange:xishi-draw	S01-0116:ability:static:74c527aaab5e91cd:presentation:segment:active-s01-0116-xishiexchange:xishi-summon:branch-ed6b28a22b58#1/2;S01-0116:ability:static:74c527aaab5e91cd:presentation:segment:active-s01-0116-xishiexchange:xishi-draw#2/2			shared-rule-owner	payment;target;multi-segment-or-branch;zone-or-movement;continuous-or-duration
S01-0117	山河社稷图	artifact	S01-0117:ability:enter:62b39a2956892655	enter	triggered	trigger.observe;operation.add-morale	S01-0117:ability:enter:62b39a2956892655:presentation:enter			S01-0117:enter:6640077e6116	fine-definition	other
S01-0117	山河社稷图	artifact	S01-0117:ability:active:ba48403c4da1e24c	active	activated	trigger.observe;condition.expression;selection.target;selection.mode;cost.return-morale;cost.rest-source;cost.discard;operation.draw;operation.move-zone;operation.ready;visibility.policy	S01-0117:ability:active:ba48403c4da1e24c:presentation:active;S01-0117:ability:active:ba48403c4da1e24c:presentation:search-hit;S01-0117:ability:active:ba48403c4da1e24c:presentation:search-miss;S01-0117:ability:active:ba48403c4da1e24c:presentation:segment:active-s01-0117-artifactdraw:shanhe-draw;S01-0117:ability:active:ba48403c4da1e24c:presentation:segment:active-s01-0117-artifactsearch:shanhe-top-three	S01-0117:ability:active:ba48403c4da1e24c:presentation:segment:active-s01-0117-artifactdraw:shanhe-draw#1/1;S01-0117:ability:active:ba48403c4da1e24c:presentation:segment:active-s01-0117-artifactsearch:shanhe-top-three#1/1			shared-rule-owner	payment;target;zone-or-movement
S01-0118	神妙行军	tactic	S01-0118:ability:play:5a3bc969a95c080b	play	activated	trigger.observe;control.optional;condition.expression;selection.target;cost.return-morale;operation.modify-troops;duration.apply;operation.composite-flow	S01-0118:ability:play:5a3bc969a95c080b:presentation:play;S01-0118:ability:play:5a3bc969a95c080b:presentation:segment:s01-0118:march-buff-segment;S01-0118:ability:play:5a3bc969a95c080b:presentation:segment:s01-0118:march-kill-segment:branch-ac83c0ef8e69	S01-0118:ability:play:5a3bc969a95c080b:presentation:segment:s01-0118:march-buff-segment#1/2;S01-0118:ability:play:5a3bc969a95c080b:presentation:segment:s01-0118:march-kill-segment:branch-ac83c0ef8e69#2/2		S01-0118:play:composite	composite-definition	payment;target;multi-segment-or-branch;continuous-or-duration
S01-0119	观星	tactic	S01-0119:ability:play:6f8f56dae56f79ce	play	activated	trigger.observe;control.optional;operation.add-morale;operation.move-zone;operation.ready;visibility.policy;operation.composite-flow	S01-0119:ability:play:6f8f56dae56f79ce:presentation:play;S01-0119:ability:play:6f8f56dae56f79ce:presentation:segment:s01-0119:observing-stars-reorder;S01-0119:ability:play:6f8f56dae56f79ce:presentation:segment:s01-0119:observing-stars-morale:branch-8dd25b913387	S01-0119:ability:play:6f8f56dae56f79ce:presentation:segment:s01-0119:observing-stars-reorder#1/2;S01-0119:ability:play:6f8f56dae56f79ce:presentation:segment:s01-0119:observing-stars-morale:branch-8dd25b913387#2/2		S01-0119:play:composite	composite-definition	multi-segment-or-branch;zone-or-movement
S01-0120	空城计	tactic	S01-0120:ability:reaction:0865f062354681b2	reaction	reaction	trigger.observe;control.optional;condition.expression;cost.return-morale;operation.draw;operation.attack-rule;duration.apply;operation.composite-flow	S01-0120:ability:reaction:0865f062354681b2:presentation:reaction;S01-0120:ability:reaction:0865f062354681b2:presentation:segment:response-s01-0120:empty-city-block;S01-0120:ability:reaction:0865f062354681b2:presentation:segment:response-s01-0120:empty-city-draw:branch-a0f60237492a	S01-0120:ability:reaction:0865f062354681b2:presentation:segment:response-s01-0120:empty-city-block#1/2;S01-0120:ability:reaction:0865f062354681b2:presentation:segment:response-s01-0120:empty-city-draw:branch-a0f60237492a#2/2		S01-0120:reaction:composite	composite-definition	payment;response;multi-segment-or-branch;zone-or-movement;continuous-or-duration
S01-01C1	士气·天廷	rune	S01-01C1:ability:active:3a8789b35c0c2be4	active	activated	trigger.observe;condition.expression;control.optional;cost.pay-morale;operation.add-morale;duration.apply;legacy.resolve	S01-01C1:ability:active:3a8789b35c0c2be4:presentation:active	S01-01C1:ability:active:3a8789b35c0c2be4:presentation:active#1/1			shared-rule-owner	payment;continuous-or-duration
S01-01C1	士气·天廷	rune	S01-01C1:ability:morale-returned-to-zero:1ba329603e34870a	morale-returned-to-zero	triggered	trigger.observe;condition.expression;control.optional;operation.add-morale	S01-01C1:ability:morale-returned-to-zero:1ba329603e34870a:presentation:morale-returned-to-zero	S01-01C1:ability:morale-returned-to-zero:1ba329603e34870a:presentation:morale-returned-to-zero#1/1		S01-01C1:morale-returned-to-zero:677e76e58375	fine-definition	other
S01-01D1	凌霄宝殿	divinity	S01-01D1:ability:static:103012fd4239104f	static	continuous	trigger.observe;control.optional;condition.expression;cost.return-morale;operation.draw;operation.add-morale;operation.rest;duration.apply	S01-01D1:ability:static:103012fd4239104f:presentation:segment:active-s01-01d1-palacereward:palace-reward-morale;S01-01D1:ability:static:103012fd4239104f:presentation:segment:active-s01-01d1-palacereward:palace-reward-draw	S01-01D1:ability:static:103012fd4239104f:presentation:segment:active-s01-01d1-palacereward:palace-reward-morale#1/2;S01-01D1:ability:static:103012fd4239104f:presentation:segment:active-s01-01d1-palacereward:palace-reward-draw#2/2			shared-rule-owner	payment;multi-segment-or-branch;zone-or-movement;continuous-or-duration
S01-01D1	凌霄宝殿	divinity	S01-01D1:ability:active:32505e4556bad1b8	active	activated	trigger.observe;condition.expression;selection.target;cost.return-morale;cost.rest-source;operation.move-zone;operation.ready	S01-01D1:ability:active:32505e4556bad1b8:presentation:active;S01-01D1:ability:active:32505e4556bad1b8:presentation:segment:active-s01-01d1-palaceexchange:palace-exchange-kill;S01-01D1:ability:active:32505e4556bad1b8:presentation:segment:active-s01-01d1-palaceexchange:palace-exchange-revive:branch-06fbd4d4feb5	S01-01D1:ability:active:32505e4556bad1b8:presentation:segment:active-s01-01d1-palaceexchange:palace-exchange-kill#1/2;S01-01D1:ability:active:32505e4556bad1b8:presentation:segment:active-s01-01d1-palaceexchange:palace-exchange-revive:branch-06fbd4d4feb5#2/2			shared-rule-owner	payment;target;multi-segment-or-branch;zone-or-movement
S01-01D1	凌霄宝殿	divinity	S01-01D1:ability:setup:281db2829152b981	setup	triggered	trigger.observe;operation.add-morale;legacy.resolve	S01-01D1:ability:setup:281db2829152b981:presentation:setup				shared-rule-owner	other
S01-01M1	杨戬	master	S01-01M1:ability:static:c03878ecc263c0e6	static	continuous	trigger.observe;control.optional;cost.pay-morale;operation.draw;operation.move-zone	S01-01M1:ability:static:c03878ecc263c0e6:presentation:segment:active-s01-01m1-drawcycle:yangjian-draw;S01-01M1:ability:static:c03878ecc263c0e6:presentation:segment:active-s01-01m1-drawcycle:yangjian-return	S01-01M1:ability:static:c03878ecc263c0e6:presentation:segment:active-s01-01m1-drawcycle:yangjian-draw#1/2;S01-01M1:ability:static:c03878ecc263c0e6:presentation:segment:active-s01-01m1-drawcycle:yangjian-return#2/2			shared-rule-owner	payment;multi-segment-or-branch;zone-or-movement;continuous-or-duration
S01-01M1	杨戬	master	S01-01M1:ability:static:d024f673ff236321	static	continuous	trigger.observe;control.optional;cost.return-morale					shared-rule-owner	payment;continuous-or-duration
S01-01M1	杨戬	master	S01-01M1:ability:static:0924c3a5995ba164	static	continuous	trigger.observe;control.optional;condition.expression;cost.return-morale;operation.move-zone;operation.ready					shared-rule-owner	payment;zone-or-movement;continuous-or-duration
S01-01M1	杨戬	master	S01-01M1:ability:death:ee5adb706424f233	death	triggered	trigger.observe;control.optional;operation.add-morale;operation.rest	S01-01M1:ability:death:ee5adb706424f233:presentation:death				shared-rule-owner	other
S01-01M2	孟婆	master	S01-01M2:ability:static:f3ee48a69ee29306	static	continuous	trigger.observe;control.optional;condition.expression;selection.target;selection.mode;cost.return-morale;cost.discard;operation.draw;operation.add-morale;operation.rest;duration.apply					shared-rule-owner	payment;target;zone-or-movement;continuous-or-duration
S01-0201	图特摩斯三世	legion	S01-0201:ability:static:7d31de8999ce168a	static	continuous	trigger.observe;operation.move-zone					shared-rule-owner	zone-or-movement;continuous-or-duration
S01-0201	图特摩斯三世	legion	S01-0201:ability:enter:9a481888b22aee09	enter	triggered	trigger.observe;condition.expression;operation.move-zone;operation.composite-flow	S01-0201:ability:enter:9a481888b22aee09:presentation:enter			S01-0201:enter:composite	composite-definition	multi-segment-or-branch;zone-or-movement
S01-0201	图特摩斯三世	legion	S01-0201:ability:attack:5232e2abcec6d049	attack	triggered	trigger.observe;operation.composite-flow	S01-0201:ability:attack:5232e2abcec6d049:presentation:attack;S01-0201:ability:attack:5232e2abcec6d049:presentation:segment:trigger-s01-0201-attack:thutmose-debuff;S01-0201:ability:attack:5232e2abcec6d049:presentation:segment:trigger-s01-0201-attack:thutmose-kill	S01-0201:ability:attack:5232e2abcec6d049:presentation:segment:trigger-s01-0201-attack:thutmose-debuff#1/2;S01-0201:ability:attack:5232e2abcec6d049:presentation:segment:trigger-s01-0201-attack:thutmose-kill#2/2		S01-0201:attack:composite	composite-definition	multi-segment-or-branch
S01-0201	图特摩斯三世	legion	S01-0201:ability:death:3be85aa38d99c0d3	death	triggered	trigger.observe;condition.expression;operation.modify-troops;duration.apply;operation.composite-flow	S01-0201:ability:death:3be85aa38d99c0d3:presentation:death;S01-0201:ability:death:3be85aa38d99c0d3:presentation:segment:trigger-s01-0201-death:thutmose-debuff;S01-0201:ability:death:3be85aa38d99c0d3:presentation:segment:trigger-s01-0201-death:thutmose-kill	S01-0201:ability:death:3be85aa38d99c0d3:presentation:segment:trigger-s01-0201-death:thutmose-debuff#1/2;S01-0201:ability:death:3be85aa38d99c0d3:presentation:segment:trigger-s01-0201-death:thutmose-kill#2/2		S01-0201:death:composite	composite-definition	multi-segment-or-branch;continuous-or-duration
S01-0202	拉美西斯二世	legion	S01-0202:ability:static:76a4a87caae11a73	static	continuous	trigger.observe;condition.expression;operation.move-zone;special.domain;legacy.resolve					shared-rule-owner	zone-or-movement;continuous-or-duration
S01-0202	拉美西斯二世	legion	S01-0202:ability:enter:488058d9c4033af4	enter	triggered	trigger.observe;selection.target;operation.move-zone;operation.composite-flow	S01-0202:ability:enter:488058d9c4033af4:presentation:enter			S01-0202:enter:composite	composite-definition	target;multi-segment-or-branch;zone-or-movement
S01-0203	美尼斯	legion	S01-0203:ability:static:0a317a499dc4420e	static	continuous	trigger.observe;condition.expression;operation.modify-troops;special.domain;legacy.resolve					shared-rule-owner	continuous-or-duration
S01-0203	美尼斯	legion	S01-0203:ability:attack:31291f70ecb6b701	attack	triggered	trigger.observe;control.optional;cost.discard;operation.damage-master;operation.modify-troops;operation.keyword;duration.apply;operation.composite-flow	S01-0203:ability:attack:31291f70ecb6b701:presentation:attack			S01-0203:attack:composite	composite-definition	payment;multi-segment-or-branch;continuous-or-duration
S01-0204	陵墓构造体	legion	S01-0204:ability:static:4108715d77479b32	static	continuous	trigger.observe;control.optional;legacy.resolve					shared-rule-owner	continuous-or-duration
S01-0204	陵墓构造体	legion	S01-0204:ability:enter:a96863e7cb33076c	enter	triggered	trigger.observe;operation.modify-troops;operation.move-zone;special.domain;operation.composite-flow	S01-0204:ability:enter:a96863e7cb33076c:presentation:enter			S01-0204:enter:composite	composite-definition	multi-segment-or-branch;zone-or-movement
S01-0204	陵墓构造体	legion	S01-0204:ability:death:1b878fe13df989c4	death	triggered	trigger.observe;operation.composite-flow	S01-0204:ability:death:1b878fe13df989c4:presentation:death			S01-0204:death:composite	composite-definition	multi-segment-or-branch
S01-0204	陵墓构造体	legion	S01-0204:ability:leave:a59801f7c2874f4a	leave	triggered	trigger.observe;operation.move-zone;operation.rest;special.domain;legacy.resolve	S01-0204:ability:leave:a59801f7c2874f4a:presentation:leave;S01-0204:ability:leave:a59801f7c2874f4a:presentation:tomb-leave-fallback;S01-0204:ability:leave:a59801f7c2874f4a:presentation:tomb-fallback-transition				shared-rule-owner	zone-or-movement
S01-0204	陵墓构造体	legion	S01-0204:ability:static:af427a4637e1c138	static	continuous	trigger.observe;condition.expression;operation.keyword;duration.apply;legacy.resolve					shared-rule-owner	continuous-or-duration
S01-0205	霍列姆赫布	legion	S01-0205:ability:enter:a9cc0bdbb6a76a11	enter	triggered	trigger.observe;control.optional;cost.discard;operation.move-zone;operation.keyword;special.domain;operation.composite-flow	S01-0205:ability:enter:a9cc0bdbb6a76a11:presentation:enter			S01-0205:enter:composite	composite-definition	payment;multi-segment-or-branch;zone-or-movement
S01-0205	霍列姆赫布	legion	S01-0205:ability:death:7016351513168cdb	death	triggered	trigger.observe;control.optional;special.domain;legacy.resolve	S01-0205:ability:death:7016351513168cdb:presentation:death				shared-rule-owner	other
S01-0206	萨拉丁	legion	S01-0206:ability:static:cb39cf42a7feea7b	static	continuous	trigger.observe;control.optional;operation.move					shared-rule-owner	zone-or-movement;continuous-or-duration
S01-0206	萨拉丁	legion	S01-0206:ability:attack:2156a411dc545613	attack	triggered	trigger.observe;operation.modify-troops;operation.composite-flow	S01-0206:ability:attack:2156a411dc545613:presentation:attack			S01-0206:attack:composite	composite-definition	multi-segment-or-branch
S01-0206	萨拉丁	legion	S01-0206:ability:attack:a15431bc0cfd61a3	attack	triggered	trigger.observe;operation.composite-flow	S01-0206:ability:attack:a15431bc0cfd61a3:presentation:attack			S01-0206:attack:composite	composite-definition	multi-segment-or-branch
S01-0206	萨拉丁	legion	S01-0206:ability:death:d2ce1ed43fd89bd5	death	triggered	trigger.observe;control.optional;selection.target;operation.move;special.domain;operation.composite-flow	S01-0206:ability:death:d2ce1ed43fd89bd5:presentation:death			S01-0206:death:composite	composite-definition	target;multi-segment-or-branch;zone-or-movement
S01-0207	图坦卡蒙	legion	S01-0207:ability:enter:c61f303228aa2386	enter	triggered	trigger.observe;control.optional;condition.expression;operation.move-zone;operation.ready;special.domain;operation.composite-flow	S01-0207:ability:enter:c61f303228aa2386:presentation:enter			S01-0207:enter:composite	composite-definition	multi-segment-or-branch;zone-or-movement
S01-0207	图坦卡蒙	legion	S01-0207:ability:death:092c045b23fa41ce	death	triggered	trigger.observe;control.optional;condition.expression;selection.target;operation.move-zone;operation.composite-flow	S01-0207:ability:death:092c045b23fa41ce:presentation:death			S01-0207:death:composite	composite-definition	target;multi-segment-or-branch;zone-or-movement
S01-0208	阿伊	legion	S01-0208:ability:static:e3471cd2a7042e59	static	continuous	trigger.observe;operation.attack-rule;duration.apply;legacy.resolve					shared-rule-owner	continuous-or-duration
S01-0208	阿伊	legion	S01-0208:ability:enter:9a52c746ee2c72ba	enter	triggered	trigger.observe;operation.move-zone;operation.rest;special.domain;operation.composite-flow	S01-0208:ability:enter:9a52c746ee2c72ba:presentation:enter			S01-0208:enter:composite	composite-definition	multi-segment-or-branch;zone-or-movement
S01-0208	阿伊	legion	S01-0208:ability:attack:93868193b6cdce88	attack	triggered	trigger.observe;control.optional;condition.expression;selection.target;cost.pay-morale;operation.modify-troops;duration.apply;operation.composite-flow	S01-0208:ability:attack:93868193b6cdce88:presentation:attack			S01-0208:attack:composite	composite-definition	payment;target;multi-segment-or-branch;continuous-or-duration
S01-0209	纳芙蒂蒂	legion	S01-0209:ability:static:e3471cd2a7042e59	static	continuous	trigger.observe;operation.attack-rule;duration.apply;legacy.resolve					shared-rule-owner	continuous-or-duration
S01-0209	纳芙蒂蒂	legion	S01-0209:ability:enter:fce4676c6a9c75ee	enter	triggered	trigger.observe;condition.expression;operation.composite-flow	S01-0209:ability:enter:fce4676c6a9c75ee:presentation:enter	S01-0209:ability:enter:fce4676c6a9c75ee:presentation:enter#1/1		S01-0209:enter:25c3633f9ebf;S01-0209:enter:composite	fine-definition	multi-segment-or-branch
S01-0209	纳芙蒂蒂	legion	S01-0209:ability:death:af4a4ddd4ac17507	death	triggered	trigger.observe;condition.expression;operation.composite-flow	S01-0209:ability:death:af4a4ddd4ac17507:presentation:death			S01-0209:death:composite	composite-definition	multi-segment-or-branch
S01-0210	尼托克丽丝	legion	S01-0210:ability:static:e3471cd2a7042e59	static	continuous	trigger.observe;operation.attack-rule;duration.apply;legacy.resolve					shared-rule-owner	continuous-or-duration
S01-0210	尼托克丽丝	legion	S01-0210:ability:enter:9f4567a56f4d7190	enter	triggered	trigger.observe;selection.target;operation.ready	S01-0210:ability:enter:9f4567a56f4d7190:presentation:enter	S01-0210:ability:enter:9f4567a56f4d7190:presentation:enter#1/1		S01-0210:enter:028e736b842c;S01-0210:enter:composite	fine-definition	target
S01-0210	尼托克丽丝	legion	S01-0210:ability:death:601fa9db2745d075	death	triggered	trigger.observe;condition.expression;operation.move-zone;operation.ready;operation.composite-flow	S01-0210:ability:death:601fa9db2745d075:presentation:death	S01-0210:ability:death:601fa9db2745d075:presentation:death#1/1		S01-0210:death:composite	composite-definition	multi-segment-or-branch;zone-or-movement
S01-0211	托勒密十三世	legion	S01-0211:ability:static:e3471cd2a7042e59	static	continuous	trigger.observe;operation.attack-rule;duration.apply;legacy.resolve					shared-rule-owner	continuous-or-duration
S01-0211	托勒密十三世	legion	S01-0211:ability:enter:329b99bbae76f963	enter	triggered	trigger.observe;operation.move-zone;duration.apply;operation.composite-flow	S01-0211:ability:enter:329b99bbae76f963:presentation:enter			S01-0211:enter:composite	composite-definition	multi-segment-or-branch;zone-or-movement;continuous-or-duration
S01-0212	陵墓守卫	legion	S01-0212:ability:static:6d8b57888db9839b	static	continuous	trigger.observe;condition.expression;operation.move-zone					shared-rule-owner	zone-or-movement;continuous-or-duration
S01-0212	陵墓守卫	legion	S01-0212:ability:static:025749085872cdff	static	continuous	trigger.observe;control.optional;legacy.resolve					shared-rule-owner	continuous-or-duration
S01-0212	陵墓守卫	legion	S01-0212:ability:static:2f33fb3652e7bd28	static	continuous	trigger.observe;operation.modify-troops					shared-rule-owner	continuous-or-duration
S01-0213	锡瓦的卡巴	legion	S01-0213:ability:static:9ba2f4f5354a2a05	static	continuous	trigger.observe;condition.expression;operation.attack-rule;duration.apply;legacy.resolve					shared-rule-owner	continuous-or-duration
S01-0213	锡瓦的卡巴	legion	S01-0213:ability:after-attack:bf52deb7316f89d3	after-attack	triggered	trigger.observe;control.optional;condition.expression;operation.move-zone;operation.ready;operation.rest	S01-0213:ability:after-attack:bf52deb7316f89d3:presentation:after-attack				shared-rule-owner	zone-or-movement
S01-0214	克利奥帕特拉七世	legion	S01-0214:ability:static:e3471cd2a7042e59	static	continuous	trigger.observe;operation.attack-rule;duration.apply;legacy.resolve					shared-rule-owner	continuous-or-duration
S01-0214	克利奥帕特拉七世	legion	S01-0214:ability:active:30e47404439f2371	active	activated	trigger.observe;control.optional;cost.pay-morale;cost.rest-source;operation.move-zone;operation.ready;special.domain;legacy.resolve	S01-0214:ability:active:30e47404439f2371:presentation:active	S01-0214:ability:active:30e47404439f2371:presentation:active#1/1			shared-rule-owner	payment;zone-or-movement
S01-0215	安卡神碑	artifact	S01-0215:ability:enter:d233a71e98f8438c	enter	triggered	trigger.observe;selection.target;operation.modify-troops;duration.apply;operation.composite-flow	S01-0215:ability:enter:d233a71e98f8438c:presentation:enter			S01-0215:enter:composite	composite-definition	target;multi-segment-or-branch;continuous-or-duration
S01-0215	安卡神碑	artifact	S01-0215:ability:active:6984859bdd4fa8b1	active	activated	trigger.observe;condition.expression;selection.mode;cost.rest-source;legacy.resolve	S01-0215:ability:active:6984859bdd4fa8b1:presentation:active;S01-0215:ability:active:6984859bdd4fa8b1:presentation:segment:active-s01-0215-ankhready:ankh-ready-guard;S01-0215:ability:active:6984859bdd4fa8b1:presentation:segment:active-s01-0215-ankhdraw:ankh-draw	S01-0215:ability:active:6984859bdd4fa8b1:presentation:segment:active-s01-0215-ankhready:ankh-ready-guard#1/1;S01-0215:ability:active:6984859bdd4fa8b1:presentation:segment:active-s01-0215-ankhdraw:ankh-draw#1/1			shared-rule-owner	payment
S01-0215	安卡神碑	artifact	S01-0215:ability:mode-ready-guard:3e3294affff84b58	mode-ready-guard	granted-effect	trigger.observe;selection.target;cost.discard;operation.ready;legacy.resolve	S01-0215:ability:mode-ready-guard:3e3294affff84b58:presentation:mode-ready-guard				shared-rule-owner	payment;target
S01-0215	安卡神碑	artifact	S01-0215:ability:mode-rest-and-draw:8c1a03af8e682c53	mode-rest-and-draw	granted-effect	trigger.observe;selection.target;operation.rest;operation.draw;legacy.resolve	S01-0215:ability:mode-rest-and-draw:8c1a03af8e682c53:presentation:mode-rest-and-draw				shared-rule-owner	payment;target;zone-or-movement
S01-0216	卡诺匹斯箱	artifact	S01-0216:ability:static:bf632dc8776cd134	static	continuous	trigger.observe;special.domain;legacy.resolve					shared-rule-owner	continuous-or-duration
S01-0216	卡诺匹斯箱	artifact	S01-0216:ability:enter:58513d214cc06638	enter	triggered	trigger.observe;selection.target;cost.discard;operation.move-zone;operation.shuffle;visibility.policy;special.domain;operation.composite-flow	S01-0216:ability:enter:58513d214cc06638:presentation:enter;S01-0216:ability:enter:58513d214cc06638:presentation:search-hit;S01-0216:ability:enter:58513d214cc06638:presentation:segment:trigger-s01-0216-enter:canopic-box-search;S01-0216:ability:enter:58513d214cc06638:presentation:segment:trigger-s01-0216-enter:canopic-box-heal-discard	S01-0216:ability:enter:58513d214cc06638:presentation:segment:trigger-s01-0216-enter:canopic-box-search#1/2;S01-0216:ability:enter:58513d214cc06638:presentation:segment:trigger-s01-0216-enter:canopic-box-heal-discard#2/2		S01-0216:enter:composite	composite-definition	payment;target;multi-segment-or-branch;zone-or-movement
S01-0217	卡诺匹斯罐 一	artifact	S01-0217:ability:static:bf632dc8776cd134	static	continuous	trigger.observe;special.domain;legacy.resolve					shared-rule-owner	continuous-or-duration
S01-0217	卡诺匹斯罐 一	artifact	S01-0217:ability:enter:91e4d84326a54571	enter	triggered	trigger.observe;selection.target;cost.discard;operation.damage-master;operation.modify-troops;operation.move-zone;operation.keyword;duration.apply;operation.composite-flow	S01-0217:ability:enter:91e4d84326a54571:presentation:enter;S01-0217:ability:enter:91e4d84326a54571:presentation:segment:trigger-s01-0217-enter:canopic-one;S01-0217:ability:enter:91e4d84326a54571:presentation:segment:trigger-s01-0217-enter:canopic-one-discard	S01-0217:ability:enter:91e4d84326a54571:presentation:segment:trigger-s01-0217-enter:canopic-one#1/2;S01-0217:ability:enter:91e4d84326a54571:presentation:segment:trigger-s01-0217-enter:canopic-one-discard#2/2		S01-0217:enter:composite	composite-definition	payment;target;multi-segment-or-branch;zone-or-movement;continuous-or-duration
S01-0218	卡诺匹斯罐 二	artifact	S01-0218:ability:static:bf632dc8776cd134	static	continuous	trigger.observe;special.domain;legacy.resolve					shared-rule-owner	continuous-or-duration
S01-0218	卡诺匹斯罐 二	artifact	S01-0218:ability:enter:b1ce769580688e47	enter	triggered	trigger.observe;cost.discard;operation.move-zone;duration.apply;operation.composite-flow	S01-0218:ability:enter:b1ce769580688e47:presentation:enter;S01-0218:ability:enter:b1ce769580688e47:presentation:segment:trigger-s01-0218-enter:canopic-two-free;S01-0218:ability:enter:b1ce769580688e47:presentation:segment:trigger-s01-0218-enter:canopic-two-discard	S01-0218:ability:enter:b1ce769580688e47:presentation:segment:trigger-s01-0218-enter:canopic-two-free#1/2;S01-0218:ability:enter:b1ce769580688e47:presentation:segment:trigger-s01-0218-enter:canopic-two-discard#2/2		S01-0218:enter:composite	composite-definition	payment;multi-segment-or-branch;zone-or-movement;continuous-or-duration
S01-0219	卡诺匹斯罐 三	artifact	S01-0219:ability:static:bf632dc8776cd134	static	continuous	trigger.observe;special.domain;legacy.resolve					shared-rule-owner	continuous-or-duration
S01-0219	卡诺匹斯罐 三	artifact	S01-0219:ability:enter:f4375cd8630da57a	enter	triggered	trigger.observe;cost.discard;operation.move-zone;duration.apply;operation.composite-flow	S01-0219:ability:enter:f4375cd8630da57a:presentation:enter;S01-0219:ability:enter:f4375cd8630da57a:presentation:segment:trigger-s01-0219-enter:canopic-three-morale;S01-0219:ability:enter:f4375cd8630da57a:presentation:segment:trigger-s01-0219-enter:canopic-three-discard	S01-0219:ability:enter:f4375cd8630da57a:presentation:segment:trigger-s01-0219-enter:canopic-three-morale#1/2;S01-0219:ability:enter:f4375cd8630da57a:presentation:segment:trigger-s01-0219-enter:canopic-three-discard#2/2		S01-0219:enter:composite	composite-definition	payment;multi-segment-or-branch;zone-or-movement;continuous-or-duration
S01-0220	卡诺匹斯罐 四	artifact	S01-0220:ability:static:bf632dc8776cd134	static	continuous	trigger.observe;special.domain;legacy.resolve					shared-rule-owner	continuous-or-duration
S01-0220	卡诺匹斯罐 四	artifact	S01-0220:ability:enter:c2ed29068ec3f21b	enter	triggered	trigger.observe;selection.target;cost.discard;operation.move-zone;operation.keyword;duration.apply;operation.composite-flow	S01-0220:ability:enter:c2ed29068ec3f21b:presentation:enter;S01-0220:ability:enter:c2ed29068ec3f21b:presentation:segment:trigger-s01-0220-enter:canopic-four;S01-0220:ability:enter:c2ed29068ec3f21b:presentation:segment:trigger-s01-0220-enter:canopic-four-discard	S01-0220:ability:enter:c2ed29068ec3f21b:presentation:segment:trigger-s01-0220-enter:canopic-four#1/2;S01-0220:ability:enter:c2ed29068ec3f21b:presentation:segment:trigger-s01-0220-enter:canopic-four-discard#2/2		S01-0220:enter:composite	composite-definition	payment;target;multi-segment-or-branch;zone-or-movement;continuous-or-duration
S01-0220	卡诺匹斯罐 四	artifact	S01-0220:ability:death:00f139f8bc316591	death	triggered	trigger.observe;operation.modify-troops;duration.apply	S01-0220:ability:death:00f139f8bc316591:presentation:death				shared-rule-owner	continuous-or-duration
S01-0221	杜阿特之门	tactic	S01-0221:ability:play:4b2b6b45cea1e729	play	activated	trigger.observe;condition.expression;selection.target;selection.mode;operation.move-zone;operation.composite-flow	S01-0221:ability:play:4b2b6b45cea1e729:presentation:play;S01-0221:ability:play:4b2b6b45cea1e729:presentation:segment:s01-0221:duat-effect:branch-95ac71e1ac5e;S01-0221:ability:play:4b2b6b45cea1e729:presentation:segment:s01-0221:duat-effect:branch-498defb4e45f	S01-0221:ability:play:4b2b6b45cea1e729:presentation:segment:s01-0221:duat-effect:branch-95ac71e1ac5e#1/1;S01-0221:ability:play:4b2b6b45cea1e729:presentation:segment:s01-0221:duat-effect:branch-498defb4e45f#1/1		S01-0221:play:composite	composite-definition	target;multi-segment-or-branch;zone-or-movement
S01-0222	法老王的庆典	tactic	S01-0222:ability:play:febc4eed18b7b3f5	play	activated	trigger.observe;selection.target;operation.move-zone;visibility.policy;operation.composite-flow	S01-0222:ability:play:febc4eed18b7b3f5:presentation:play;S01-0222:ability:play:febc4eed18b7b3f5:presentation:search-hit			S01-0222:play:composite	composite-definition	target;multi-segment-or-branch;zone-or-movement
S01-0223	不朽之礼	tactic	S01-0223:ability:reaction:0d9f2aa88ce12c5f	reaction	reaction	trigger.observe;control.optional;condition.expression;operation.draw;operation.move-zone;operation.ready;special.domain;operation.composite-flow	S01-0223:ability:reaction:0d9f2aa88ce12c5f:presentation:reaction;S01-0223:ability:reaction:0d9f2aa88ce12c5f:presentation:segment:trigger-s01-0223-reaction:immortal-gift-draw;S01-0223:ability:reaction:0d9f2aa88ce12c5f:presentation:segment:trigger-s01-0223-reaction:immortal-gift-summon:branch-ec5a783201ab;S01-0223:ability:reaction:0d9f2aa88ce12c5f:presentation:segment:trigger-s01-0223-reaction:immortal-gift-summon:branch-69b23a1ecc26	S01-0223:ability:reaction:0d9f2aa88ce12c5f:presentation:segment:trigger-s01-0223-reaction:immortal-gift-draw#1/2;S01-0223:ability:reaction:0d9f2aa88ce12c5f:presentation:segment:trigger-s01-0223-reaction:immortal-gift-summon:branch-ec5a783201ab#2/2;S01-0223:ability:reaction:0d9f2aa88ce12c5f:presentation:segment:trigger-s01-0223-reaction:immortal-gift-summon:branch-69b23a1ecc26#2/2		S01-0223:reaction:composite	composite-definition	response;multi-segment-or-branch;zone-or-movement
S01-0224	智慧法典 卷一	tactic	S01-0224:ability:reaction:e6d8b17383b706ad	reaction	reaction	trigger.observe;control.optional;condition.expression;selection.target;cost.discard;operation.draw;operation.composite-flow	S01-0224:ability:reaction:e6d8b17383b706ad:presentation:reaction;S01-0224:ability:reaction:e6d8b17383b706ad:presentation:segment:wisdom-reward-s01-0224:wisdom-draw;S01-0224:ability:reaction:e6d8b17383b706ad:presentation:segment:wisdom-reward-s01-0224:wisdom-recover:branch-9632b58b03d6	S01-0224:ability:reaction:e6d8b17383b706ad:presentation:segment:wisdom-reward-s01-0224:wisdom-draw#1/2;S01-0224:ability:reaction:e6d8b17383b706ad:presentation:segment:wisdom-reward-s01-0224:wisdom-recover:branch-9632b58b03d6#2/2		S01-0224:reaction:composite	composite-definition	payment;target;response;multi-segment-or-branch;zone-or-movement
S01-02C1	士气·太阳城	rune	S01-02C1:ability:static:91802cda49d575fb	static	continuous	trigger.observe;control.optional;cost.pay-morale;operation.move-zone;operation.ready;special.domain;legacy.resolve					shared-rule-owner	payment;zone-or-movement;continuous-or-duration
S01-02C1	士气·太阳城	rune	S01-02C1:ability:static:ddab147dd97c360f	static	continuous	trigger.observe;control.optional;condition.expression;cost.pay-morale;operation.draw					shared-rule-owner	payment;zone-or-movement;continuous-or-duration
S01-02D1	众神之乡	divinity	S01-02D1:ability:static:d1339da6822c9ae1	static	continuous	trigger.observe;operation.modify-troops;special.domain;legacy.resolve					shared-rule-owner	continuous-or-duration
S01-02D1	众神之乡	divinity	S01-02D1:ability:static:dbf8222a61a31140	static	continuous	trigger.observe;control.optional;selection.target;cost.pay-morale;operation.move-zone;visibility.policy	S01-02D1:ability:static:dbf8222a61a31140:presentation:top-three;S01-02D1:ability:static:dbf8222a61a31140:presentation:search-hit;S01-02D1:ability:static:dbf8222a61a31140:presentation:segment:active-s01-02d1-suntopthree:sun-top-three-search;S01-02D1:ability:static:dbf8222a61a31140:presentation:segment:active-s01-02d1-suntopthree:sun-top-three-recover:branch-a511901811c3	S01-02D1:ability:static:dbf8222a61a31140:presentation:segment:active-s01-02d1-suntopthree:sun-top-three-search#1/2;S01-02D1:ability:static:dbf8222a61a31140:presentation:segment:active-s01-02d1-suntopthree:sun-top-three-recover:branch-a511901811c3#2/2			shared-rule-owner	payment;target;multi-segment-or-branch;zone-or-movement;continuous-or-duration
S01-02D1	众神之乡	divinity	S01-02D1:ability:static:f968b0d6950e6d13	static	continuous	trigger.observe;control.optional;condition.expression;selection.target;cost.pay-morale					shared-rule-owner	payment;target;continuous-or-duration
S01-02D1	众神之乡	divinity	S01-02D1:ability:setup:281db2829152b981	setup	triggered	trigger.observe;operation.add-morale;legacy.resolve	S01-02D1:ability:setup:281db2829152b981:presentation:setup				shared-rule-owner	other
S01-02M1	伊西斯	master	S01-02M1:ability:static:68187ab0edb25d9c	static	continuous	trigger.observe;operation.move-zone	S01-02M1:ability:static:68187ab0edb25d9c:presentation:branch:isis-reward-choice:659277ed61f2;S01-02M1:ability:static:68187ab0edb25d9c:presentation:branch:isis-reward-choice:6e40cf5ffd31				shared-rule-owner	zone-or-movement;continuous-or-duration
S01-02M1	伊西斯	master	S01-02M1:ability:static:53475d8f080332f1	static	continuous	trigger.observe;control.optional;condition.expression;selection.target;cost.discard;operation.draw;special.domain;legacy.resolve					shared-rule-owner	payment;target;zone-or-movement;continuous-or-duration
S01-02M2	复苏的奥西里斯	master	S01-02M2:ability:static:f3398615ac233d89	static	continuous	trigger.observe;control.optional;condition.expression;operation.modify-troops;operation.move-zone;operation.ready;special.domain;legacy.resolve					shared-rule-owner	zone-or-movement;continuous-or-duration
S01-02M3	梅杰德	master	S01-02M3:ability:static:705baec08fc6bc02	static	replacement	trigger.observe;control.optional;condition.expression;selection.target;cost.pay-morale;operation.modify-troops;operation.rest;duration.apply;special.domain;legacy.resolve	S01-02M3:ability:static:705baec08fc6bc02:presentation:branch:medjed-debuff:753f5d2fd845;S01-02M3:ability:static:705baec08fc6bc02:presentation:branch:medjed-debuff:a44cf0cdde71				shared-rule-owner	payment;target;continuous-or-duration
S01-02M3	梅杰德	master	S01-02M3:ability:static:3a86c87f975d5851	static	continuous	trigger.observe;legacy.resolve					shared-rule-owner	continuous-or-duration
S01-02M3	梅杰德	master	S01-02M3:ability:static:c339139cc1c9b00c	static	continuous	trigger.observe;control.optional;operation.damage-master;operation.move-zone;operation.ready;special.domain;legacy.resolve					shared-rule-owner	zone-or-movement;continuous-or-duration
S01-0301	贝奥武夫	legion	S01-0301:ability:static:71dd875155781eb0	static	continuous	trigger.observe;operation.move-zone					shared-rule-owner	zone-or-movement;continuous-or-duration
S01-0301	贝奥武夫	legion	S01-0301:ability:enter:2b2a177bd7b1381b	enter	triggered	trigger.observe;cost.discard;operation.move-zone;operation.composite-flow	S01-0301:ability:enter:2b2a177bd7b1381b:presentation:enter			S01-0301:enter:composite	composite-definition	payment;multi-segment-or-branch;zone-or-movement
S01-0301	贝奥武夫	legion	S01-0301:ability:attack:6eb088eeb2f5b38f	attack	triggered	trigger.observe;control.optional;operation.damage-master;operation.modify-troops;duration.apply	S01-0301:ability:attack:6eb088eeb2f5b38f:presentation:attack	S01-0301:ability:attack:6eb088eeb2f5b38f:presentation:attack#1/1		S01-0301:attack:composite;S01-0301:attack:e5e7ead92d7d	fine-definition	payment;continuous-or-duration
S01-0301	贝奥武夫	legion	S01-0301:ability:death:2f45ff3d516b1628	death	triggered	trigger.observe;control.optional;operation.draw	S01-0301:ability:death:2f45ff3d516b1628:presentation:death	S01-0301:ability:death:2f45ff3d516b1628:presentation:death#1/1		S01-0301:death:5a2bbf5e8e0a	fine-definition	zone-or-movement
S01-0302	金发哈拉尔	legion	S01-0302:ability:static:acc29b0ca499d087	static	continuous	trigger.observe;condition.expression;operation.move-zone					shared-rule-owner	zone-or-movement;continuous-or-duration
S01-0302	金发哈拉尔	legion	S01-0302:ability:attack:e1925644421ebcfc	attack	triggered	trigger.observe;condition.expression;operation.keyword	S01-0302:ability:attack:e1925644421ebcfc:presentation:attack			S01-0302:attack:e04d7868260a	fine-definition	other
S01-0302	金发哈拉尔	legion	S01-0302:ability:death:245b8340cc94aed0	death	triggered	trigger.observe;operation.heal-master	S01-0302:ability:death:245b8340cc94aed0:presentation:death	S01-0302:ability:death:245b8340cc94aed0:presentation:death#1/1		S01-0302:death:37360d878a08	fine-definition	other
S01-0303	传奇的拉格纳	legion	S01-0303:ability:hand-play:5e06807975eda2b7	hand-play	special-summon	trigger.observe;condition.expression;control.optional;operation.damage-master;operation.set-state;legacy.resolve	S01-0303:ability:hand-play:5e06807975eda2b7:presentation:hand-play				shared-rule-owner	payment
S01-0303	传奇的拉格纳	legion	S01-0303:ability:enter:ad235a4ffdc55fe7	enter	triggered	trigger.observe;condition.expression;operation.keyword	S01-0303:ability:enter:ad235a4ffdc55fe7:presentation:enter			S01-0303:enter:0f91bb74d4d3	fine-definition	other
S01-0303	传奇的拉格纳	legion	S01-0303:ability:death:d26c9c0565422dce	death	triggered	trigger.observe;control.optional;operation.draw;cost.discard;operation.composite-flow	S01-0303:ability:death:d26c9c0565422dce:presentation:death;S01-0303:ability:death:d26c9c0565422dce:presentation:segment:trigger-s01-0303-death:draw-discard-draw-1;S01-0303:ability:death:d26c9c0565422dce:presentation:segment:trigger-s01-0303-death:draw-discard-discard	S01-0303:ability:death:d26c9c0565422dce:presentation:segment:trigger-s01-0303-death:draw-discard-draw-1#1/2;S01-0303:ability:death:d26c9c0565422dce:presentation:segment:trigger-s01-0303-death:draw-discard-discard#2/2		S01-0303:death:composite	composite-definition	payment;multi-segment-or-branch;zone-or-movement
S01-0304	无情者哈拉尔	legion	S01-0304:ability:hand-play:5e06807975eda2b7	hand-play	special-summon	trigger.observe;condition.expression;control.optional;operation.damage-master;operation.set-state;legacy.resolve	S01-0304:ability:hand-play:5e06807975eda2b7:presentation:hand-play				shared-rule-owner	payment
S01-0304	无情者哈拉尔	legion	S01-0304:ability:enter:746ece3973c3f91f	enter	triggered	trigger.observe;condition.expression;control.optional;operation.damage-master	S01-0304:ability:enter:746ece3973c3f91f:presentation:enter			S01-0304:enter:23a83edc0093	fine-definition	other
S01-0304	无情者哈拉尔	legion	S01-0304:ability:death:0d6332e67771e0c7	death	triggered	trigger.observe;selection.target;operation.move-zone;operation.composite-flow	S01-0304:ability:death:0d6332e67771e0c7:presentation:death	S01-0304:ability:death:0d6332e67771e0c7:presentation:death#1/1		S01-0304:death:composite	composite-definition	target;multi-segment-or-branch;zone-or-movement
S01-0305	勇士比约恩	legion	S01-0305:ability:static:9ed1ca8df2e5f029	static	continuous	trigger.observe;condition.expression;operation.move-zone					shared-rule-owner	zone-or-movement;continuous-or-duration
S01-0305	勇士比约恩	legion	S01-0305:ability:death:4459928b1e637a61	death	triggered	trigger.observe;control.optional;special.domain;operation.move-zone;operation.rest;operation.composite-flow	S01-0305:ability:death:4459928b1e637a61:presentation:death			S01-0305:death:composite	composite-definition	payment;multi-segment-or-branch;zone-or-movement
S01-0306	奥拉夫二世	legion	S01-0306:ability:static:9ed1ca8df2e5f029	static	continuous	trigger.observe;condition.expression;operation.move-zone					shared-rule-owner	zone-or-movement;continuous-or-duration
S01-0306	奥拉夫二世	legion	S01-0306:ability:attack:4baebddb65fe13d0	attack	triggered	trigger.observe;control.optional;special.domain;operation.damage-master;operation.keyword;duration.apply;operation.composite-flow	S01-0306:ability:attack:4baebddb65fe13d0:presentation:attack			S01-0306:attack:composite	composite-definition	payment;multi-segment-or-branch;continuous-or-duration
S01-0306	奥拉夫二世	legion	S01-0306:ability:death:a6393afdf779878c	death	triggered	trigger.observe;control.optional;cost.discard;operation.draw;operation.composite-flow	S01-0306:ability:death:a6393afdf779878c:presentation:death;S01-0306:ability:death:a6393afdf779878c:presentation:segment:trigger-s01-0306-death:draw-discard-draw-2;S01-0306:ability:death:a6393afdf779878c:presentation:segment:trigger-s01-0306-death:draw-discard-discard	S01-0306:ability:death:a6393afdf779878c:presentation:segment:trigger-s01-0306-death:draw-discard-draw-2#1/2;S01-0306:ability:death:a6393afdf779878c:presentation:segment:trigger-s01-0306-death:draw-discard-discard#2/2		S01-0306:death:composite	composite-definition	payment;multi-segment-or-branch;zone-or-movement
S01-0307	阿尔维达	legion	S01-0307:ability:static:b89287bced985f8c	static	continuous	trigger.observe;control.optional;cost.discard;operation.move-zone;operation.ready;special.domain;legacy.resolve					shared-rule-owner	payment;zone-or-movement;continuous-or-duration
S01-0307	阿尔维达	legion	S01-0307:ability:death:79329a4fe221b0e0	death	triggered	trigger.observe;condition.expression;operation.move-zone;operation.composite-flow	S01-0307:ability:death:79329a4fe221b0e0:presentation:death	S01-0307:ability:death:79329a4fe221b0e0:presentation:death#1/1		S01-0307:death:composite	composite-definition	multi-segment-or-branch;zone-or-movement
S01-0308	血斧艾瑞克	legion	S01-0308:ability:hand-play:5e06807975eda2b7	hand-play	special-summon	trigger.observe;condition.expression;control.optional;operation.damage-master;operation.set-state;legacy.resolve	S01-0308:ability:hand-play:5e06807975eda2b7:presentation:hand-play				shared-rule-owner	payment
S01-0308	血斧艾瑞克	legion	S01-0308:ability:after-damage:33e459431fcbeeb0	after-damage	triggered	trigger.observe;condition.expression;selection.target;cost.discard;operation.composite-flow	S01-0308:ability:after-damage:33e459431fcbeeb0:presentation:after-damage	S01-0308:ability:after-damage:33e459431fcbeeb0:presentation:after-damage#1/1		S01-0308:after-damage:a70537158d73;S01-0308:after-damage:composite	composite-definition	payment;target;multi-segment-or-branch
S01-0308	血斧艾瑞克	legion	S01-0308:ability:death:94ee1a17102e681e	death	triggered	trigger.observe;selection.target;operation.move-zone;operation.composite-flow	S01-0308:ability:death:94ee1a17102e681e:presentation:death	S01-0308:ability:death:94ee1a17102e681e:presentation:death#1/1		S01-0308:death:composite	composite-definition	target;multi-segment-or-branch;zone-or-movement
S01-0309	布伦希尔德	legion	S01-0309:ability:static:e3471cd2a7042e59	static	continuous	trigger.observe;operation.attack-rule;duration.apply;legacy.resolve					shared-rule-owner	continuous-or-duration
S01-0309	布伦希尔德	legion	S01-0309:ability:enter:e9dcf28980e1de53	enter	triggered	trigger.observe;control.optional;special.domain;operation.move-zone;operation.ready;operation.composite-flow	S01-0309:ability:enter:e9dcf28980e1de53:presentation:enter			S01-0309:enter:composite	composite-definition	payment;multi-segment-or-branch;zone-or-movement
S01-0309	布伦希尔德	legion	S01-0309:ability:death:cd0e9cfabc8baede	death	triggered	trigger.observe;condition.expression;control.optional;operation.draw	S01-0309:ability:death:cd0e9cfabc8baede:presentation:death	S01-0309:ability:death:cd0e9cfabc8baede:presentation:death#1/1		S01-0309:death:b4fd13c1bd50	fine-definition	zone-or-movement
S01-0310	齐格鲁德	legion	S01-0310:ability:hand-play:5e06807975eda2b7	hand-play	special-summon	trigger.observe;condition.expression;control.optional;operation.damage-master;operation.set-state;legacy.resolve	S01-0310:ability:hand-play:5e06807975eda2b7:presentation:hand-play				shared-rule-owner	payment
S01-0310	齐格鲁德	legion	S01-0310:ability:active:0a0575206e996652	active	rule-action	trigger.observe;condition.expression;operation.move;duration.apply	S01-0310:ability:active:0a0575206e996652:presentation:rule-action-cavalry-move				shared-rule-owner	zone-or-movement;continuous-or-duration
S01-0310	齐格鲁德	legion	S01-0310:ability:attack:02cb9deafea9e44b	attack	triggered	trigger.observe;condition.expression;operation.modify-troops;duration.apply;operation.composite-flow	S01-0310:ability:attack:02cb9deafea9e44b:presentation:attack			S01-0310:attack:composite	composite-definition	multi-segment-or-branch;continuous-or-duration
S01-0311	古斯塔夫一世	legion	S01-0311:ability:attack:0f533a6e93811615	attack	triggered	trigger.observe;control.optional;operation.move-zone;operation.modify-troops;duration.apply	S01-0311:ability:attack:0f533a6e93811615:presentation:attack	S01-0311:ability:attack:0f533a6e93811615:presentation:attack#1/1		S01-0311:attack:6b6b4aa387ed;S01-0311:attack:composite	fine-definition	payment;zone-or-movement;continuous-or-duration
S01-0311	古斯塔夫一世	legion	S01-0311:ability:static:3409dd9fa29f684f	static	continuous	trigger.observe;legacy.resolve					shared-rule-owner	continuous-or-duration
S01-0311	古斯塔夫一世	legion	S01-0311:ability:after-attack:65ce2315ff4c0465	after-attack	triggered	trigger.observe;control.optional;special.domain;operation.ready;legacy.resolve	S01-0311:ability:after-attack:65ce2315ff4c0465:presentation:after-attack				shared-rule-owner	payment
S01-0312	铁盾拉葛莎	legion	S01-0312:ability:static:b2e1a67373ad69cc	static	continuous	trigger.observe;control.optional;condition.expression;operation.modify-troops					shared-rule-owner	continuous-or-duration
S01-0312	铁盾拉葛莎	legion	S01-0312:ability:static:af427a4637e1c138	static	continuous	trigger.observe;condition.expression;operation.keyword;duration.apply;legacy.resolve					shared-rule-owner	continuous-or-duration
S01-0313	神箭奥德尔	legion	S01-0313:ability:static:e3471cd2a7042e59	static	continuous	trigger.observe;operation.attack-rule;duration.apply;legacy.resolve					shared-rule-owner	continuous-or-duration
S01-0313	神箭奥德尔	legion	S01-0313:ability:enter:48f49bf5f355a620	enter	triggered	trigger.observe;control.optional;special.domain;operation.draw;operation.move-zone;operation.composite-flow	S01-0313:ability:enter:48f49bf5f355a620:presentation:enter			S01-0313:enter:composite	composite-definition	payment;multi-segment-or-branch;zone-or-movement
S01-0313	神箭奥德尔	legion	S01-0313:ability:death:8cc83cce5988d4da	death	triggered	trigger.observe;control.optional;selection.target;operation.rest	S01-0313:ability:death:8cc83cce5988d4da:presentation:death	S01-0313:ability:death:8cc83cce5988d4da:presentation:death#1/1		S01-0313:death:9fe415ca2a9a;S01-0313:death:composite	fine-definition	target
S01-0314	奥尔加	legion	S01-0314:ability:static:e3471cd2a7042e59	static	continuous	trigger.observe;operation.attack-rule;duration.apply;legacy.resolve					shared-rule-owner	continuous-or-duration
S01-0314	奥尔加	legion	S01-0314:ability:hand-play:5e06807975eda2b7	hand-play	special-summon	trigger.observe;condition.expression;control.optional;operation.damage-master;operation.set-state;legacy.resolve	S01-0314:ability:hand-play:5e06807975eda2b7:presentation:hand-play				shared-rule-owner	payment
S01-0314	奥尔加	legion	S01-0314:ability:active:a923615d65edc8ea	active	activated	trigger.observe;condition.expression;control.optional;selection.target;cost.discard;operation.modify-troops;duration.apply;legacy.resolve	S01-0314:ability:active:a923615d65edc8ea:presentation:active	S01-0314:ability:active:a923615d65edc8ea:presentation:active#1/1			shared-rule-owner	payment;target;continuous-or-duration
S01-0315	无骨者伊瓦尔	legion	S01-0315:ability:enter:f908c4d5feb68d83	enter	triggered	trigger.observe;control.optional;selection.target;operation.move-zone;visibility.policy;operation.composite-flow	S01-0315:ability:enter:f908c4d5feb68d83:presentation:enter			S01-0315:enter:composite	composite-definition	target;multi-segment-or-branch;zone-or-movement
S01-0316	夺命诗人埃吉尔	legion	S01-0316:ability:static:9ba2f4f5354a2a05	static	continuous	trigger.observe;condition.expression;operation.attack-rule;duration.apply;legacy.resolve					shared-rule-owner	continuous-or-duration
S01-0316	夺命诗人埃吉尔	legion	S01-0316:ability:enter:de98adb89823943b	enter	triggered	trigger.observe;control.optional;selection.target;cost.discard;operation.modify-troops;operation.move-zone;duration.apply;operation.composite-flow	S01-0316:ability:enter:de98adb89823943b:presentation:enter			S01-0316:enter:composite	composite-definition	payment;target;multi-segment-or-branch;zone-or-movement;continuous-or-duration
S01-0317	神剑格拉墨	artifact	S01-0317:ability:enter:9baca9d4cee2f52d	enter	triggered	trigger.observe;control.optional;condition.expression;selection.target;cost.discard;operation.move-zone;operation.composite-flow	S01-0317:ability:enter:9baca9d4cee2f52d:presentation:enter			S01-0317:enter:composite	composite-definition	payment;target;multi-segment-or-branch;zone-or-movement
S01-0317	神剑格拉墨	artifact	S01-0317:ability:active:90c21e26f3d58b69	active	activated	trigger.observe;control.optional;cost.pay-morale;cost.rest-source;operation.ready	S01-0317:ability:active:90c21e26f3d58b69:presentation:active;S01-0317:ability:active:90c21e26f3d58b69:presentation:segment:active-s01-0317-gramdamage:gram-nonlethal-damage	S01-0317:ability:active:90c21e26f3d58b69:presentation:segment:active-s01-0317-gramdamage:gram-nonlethal-damage#1/1			shared-rule-owner	payment
S01-0318	女武神的召唤	tactic	S01-0318:ability:play:0ac378464637b6dc	play	activated	trigger.observe;control.optional;condition.expression;selection.target;special.domain;operation.move-zone;operation.ready;operation.composite-flow	S01-0318:ability:play:0ac378464637b6dc:presentation:play;S01-0318:ability:play:0ac378464637b6dc:presentation:segment:s01-0318:valkyrie-summon-effect	S01-0318:ability:play:0ac378464637b6dc:presentation:segment:s01-0318:valkyrie-summon-effect#1/1		S01-0318:play:composite	composite-definition	payment;target;multi-segment-or-branch;zone-or-movement
S01-0319	猎杀时刻	tactic	S01-0319:ability:play:287fda1f2a7a5d38	play	activated	trigger.observe;condition.expression;operation.composite-flow	S01-0319:ability:play:287fda1f2a7a5d38:presentation:play;S01-0319:ability:play:287fda1f2a7a5d38:presentation:segment:s01-0319:hunt-effect	S01-0319:ability:play:287fda1f2a7a5d38:presentation:segment:s01-0319:hunt-effect#1/1		S01-0319:play:composite	composite-definition	multi-segment-or-branch
S01-0320	复仇血鹰	tactic	S01-0320:ability:reaction:d7c7714154523f44	reaction	reaction	trigger.observe;selection.target;operation.modify-troops;operation.move-zone;operation.composite-flow	S01-0320:ability:reaction:d7c7714154523f44:presentation:reaction;S01-0320:ability:reaction:d7c7714154523f44:presentation:segment:trigger-s01-0320:blood-eagle-debuff;S01-0320:ability:reaction:d7c7714154523f44:presentation:segment:trigger-s01-0320:blood-eagle-recover:branch-9632b58b03d6	S01-0320:ability:reaction:d7c7714154523f44:presentation:segment:trigger-s01-0320:blood-eagle-debuff#1/2;S01-0320:ability:reaction:d7c7714154523f44:presentation:segment:trigger-s01-0320:blood-eagle-recover:branch-9632b58b03d6#2/2		S01-0320:reaction:composite	composite-definition	target;response;multi-segment-or-branch;zone-or-movement
S01-03C1	士气·阿斯加德	rune	S01-03C1:ability:static:fa92f5d792a32bdc	static	continuous	trigger.observe;control.optional;condition.expression;cost.pay-morale;operation.draw					shared-rule-owner	payment;zone-or-movement;continuous-or-duration
S01-03D1	英灵殿	divinity	S01-03D1:ability:static:d89d0b3dade7b6c8	static	continuous	trigger.observe;control.optional;special.domain;duration.apply;legacy.resolve					shared-rule-owner	payment;continuous-or-duration
S01-03D1	英灵殿	divinity	S01-03D1:ability:static:d45b38f3f8bf48bc	static	continuous	trigger.observe;control.optional;selection.target;cost.pay-morale;cost.discard;operation.move-zone	S01-03D1:ability:static:d45b38f3f8bf48bc:presentation:segment:active-s01-03d1-valhallarecover:valhalla-mill;S01-03D1:ability:static:d45b38f3f8bf48bc:presentation:segment:active-s01-03d1-valhallarecover:valhalla-recover:branch-a511901811c3	S01-03D1:ability:static:d45b38f3f8bf48bc:presentation:segment:active-s01-03d1-valhallarecover:valhalla-mill#1/2;S01-03D1:ability:static:d45b38f3f8bf48bc:presentation:segment:active-s01-03d1-valhallarecover:valhalla-recover:branch-a511901811c3#2/2			shared-rule-owner	payment;target;multi-segment-or-branch;zone-or-movement;continuous-or-duration
S01-03D1	英灵殿	divinity	S01-03D1:ability:active:4260db0837113c77	active	activated	trigger.observe;condition.expression;cost.rest-source	S01-03D1:ability:active:4260db0837113c77:presentation:active;S01-03D1:ability:active:4260db0837113c77:presentation:segment:active-s01-03d1-valhallakill:valhalla-kill-broad;S01-03D1:ability:active:4260db0837113c77:presentation:segment:active-s01-03d1-valhallakill:valhalla-kill-low	S01-03D1:ability:active:4260db0837113c77:presentation:segment:active-s01-03d1-valhallakill:valhalla-kill-broad#1/2;S01-03D1:ability:active:4260db0837113c77:presentation:segment:active-s01-03d1-valhallakill:valhalla-kill-low#2/2			shared-rule-owner	payment;multi-segment-or-branch
S01-03D1	英灵殿	divinity	S01-03D1:ability:setup:281db2829152b981	setup	triggered	trigger.observe;operation.add-morale;legacy.resolve	S01-03D1:ability:setup:281db2829152b981:presentation:setup				shared-rule-owner	other
S01-03M1	瓦尔基里	master	S01-03M1:ability:static:794dd14bacd363d7	static	continuous	trigger.observe;control.optional;cost.discard;operation.draw					shared-rule-owner	payment;zone-or-movement;continuous-or-duration
S01-03M1	瓦尔基里	master	S01-03M1:ability:static:d047647f18d541e4	static	continuous	trigger.observe;control.optional;selection.target;cost.pay-morale;operation.move-zone					shared-rule-owner	payment;target;zone-or-movement;continuous-or-duration
S01-03M2	洛基	master	S01-03M2:ability:static:ab4daf32452349c5	static	continuous	trigger.observe;control.optional;condition.expression;selection.target;selection.mode;cost.pay-morale;cost.discard;operation.draw;operation.move-zone	S01-03M2:ability:static:ab4daf32452349c5:presentation:segment:active-s01-03m2-lokicycle:draw-discard-draw-1;S01-03M2:ability:static:ab4daf32452349c5:presentation:segment:active-s01-03m2-lokicycle:draw-discard-discard	S01-03M2:ability:static:ab4daf32452349c5:presentation:segment:active-s01-03m2-lokicycle:draw-discard-draw-1#1/2;S01-03M2:ability:static:ab4daf32452349c5:presentation:segment:active-s01-03m2-lokicycle:draw-discard-discard#2/2			shared-rule-owner	payment;target;multi-segment-or-branch;zone-or-movement;continuous-or-duration
S01-0401	本多忠胜	legion	S01-0401:ability:enter:c25e438ab6938fb8	enter	triggered	trigger.observe;operation.keyword	S01-0401:ability:enter:c25e438ab6938fb8:presentation:enter			S01-0401:enter:1d0cd4b03e85	fine-definition	other
S01-0401	本多忠胜	legion	S01-0401:ability:attack:ecd7f4f29923a686	attack	triggered	trigger.observe;duration.apply;operation.composite-flow	S01-0401:ability:attack:ecd7f4f29923a686:presentation:attack;S01-0401:ability:attack:ecd7f4f29923a686:presentation:segment:trigger-s01-0401-attack:honda-debuff;S01-0401:ability:attack:ecd7f4f29923a686:presentation:segment:trigger-s01-0401-attack:honda-kill	S01-0401:ability:attack:ecd7f4f29923a686:presentation:segment:trigger-s01-0401-attack:honda-debuff#1/2;S01-0401:ability:attack:ecd7f4f29923a686:presentation:segment:trigger-s01-0401-attack:honda-kill#2/2		S01-0401:attack:composite	composite-definition	multi-segment-or-branch;continuous-or-duration
S01-0402	织田信长	legion	S01-0402:ability:enter:28437823889be2d3	enter	triggered	trigger.observe;condition.expression;operation.move-zone;operation.composite-flow	S01-0402:ability:enter:28437823889be2d3:presentation:enter			S01-0402:enter:composite	composite-definition	multi-segment-or-branch;zone-or-movement
S01-0402	织田信长	legion	S01-0402:ability:attack:54bfa6b97746205c	attack	triggered	trigger.observe;control.optional;cost.pay-morale;duration.apply;operation.composite-flow	S01-0402:ability:attack:54bfa6b97746205c:presentation:attack			S01-0402:attack:composite	composite-definition	payment;multi-segment-or-branch;continuous-or-duration
S01-0403	上杉谦信	legion	S01-0403:ability:enter:ebef3f55d68053ea	enter	triggered	trigger.observe;condition.expression;operation.move-zone;operation.composite-flow	S01-0403:ability:enter:ebef3f55d68053ea:presentation:enter			S01-0403:enter:composite	composite-definition	multi-segment-or-branch;zone-or-movement
S01-0403	上杉谦信	legion	S01-0403:ability:death:c3e5fc27d01fe269	death	triggered	trigger.observe;operation.composite-flow	S01-0403:ability:death:c3e5fc27d01fe269:presentation:death	S01-0403:ability:death:c3e5fc27d01fe269:presentation:death#1/1		S01-0403:death:composite	shared-rule-owner	multi-segment-or-branch
S01-0404	真田幸村	legion	S01-0404:ability:enter:c25e438ab6938fb8	enter	triggered	trigger.observe;operation.keyword	S01-0404:ability:enter:c25e438ab6938fb8:presentation:enter			S01-0404:enter:1d0cd4b03e85	fine-definition	other
S01-0405	宫本武藏	legion	S01-0405:ability:enter:46425018899cf08f	enter	triggered	trigger.observe;condition.expression;operation.keyword	S01-0405:ability:enter:46425018899cf08f:presentation:enter			S01-0405:enter:452426378ce6	fine-definition	other
S01-0405	宫本武藏	legion	S01-0405:ability:attack:fcbd396bbfbd88b2	attack	triggered	trigger.observe;condition.expression;control.optional;operation.draw	S01-0405:ability:attack:fcbd396bbfbd88b2:presentation:attack			S01-0405:attack:239e1ef3b984	fine-definition	zone-or-movement
S01-0406	土方岁三	legion	S01-0406:ability:enter:796189ebff95263b	enter	triggered	trigger.observe;condition.expression;operation.move-zone;operation.composite-flow	S01-0406:ability:enter:796189ebff95263b:presentation:enter;S01-0406:ability:enter:796189ebff95263b:presentation:segment:trigger-s01-0406-enter:hijikata-kill-broad;S01-0406:ability:enter:796189ebff95263b:presentation:segment:trigger-s01-0406-enter:hijikata-kill-low	S01-0406:ability:enter:796189ebff95263b:presentation:segment:trigger-s01-0406-enter:hijikata-kill-broad#1/2;S01-0406:ability:enter:796189ebff95263b:presentation:segment:trigger-s01-0406-enter:hijikata-kill-low#2/2		S01-0406:enter:composite	composite-definition	multi-segment-or-branch;zone-or-movement
S01-0406	土方岁三	legion	S01-0406:ability:attack:fc9e1069bf13d12c	attack	triggered	trigger.observe;control.optional;condition.expression;cost.pay-morale;operation.composite-flow	S01-0406:ability:attack:fc9e1069bf13d12c:presentation:attack			S01-0406:attack:composite	composite-definition	payment;multi-segment-or-branch
S01-0407	坂本龙马	legion	S01-0407:ability:enter:b266fb12242feb01	enter	triggered	trigger.observe;control.optional;selection.target;operation.move-zone;operation.move;operation.composite-flow	S01-0407:ability:enter:b266fb12242feb01:presentation:enter			S01-0407:enter:composite	composite-definition	target;multi-segment-or-branch;zone-or-movement
S01-0407	坂本龙马	legion	S01-0407:ability:death:72f3dbe02322db28	death	triggered	trigger.observe;condition.expression;operation.move-zone;operation.rest;operation.composite-flow	S01-0407:ability:death:72f3dbe02322db28:presentation:death	S01-0407:ability:death:72f3dbe02322db28:presentation:death#1/1		S01-0407:death:composite	composite-definition	multi-segment-or-branch;zone-or-movement
S01-0408	高杉晋作	legion	S01-0408:ability:enter:de6b286ed9bd7a9c	enter	triggered	trigger.observe;selection.target;operation.draw;operation.move-zone;duration.apply;operation.composite-flow	S01-0408:ability:enter:de6b286ed9bd7a9c:presentation:enter			S01-0408:enter:composite	composite-definition	target;multi-segment-or-branch;zone-or-movement;continuous-or-duration
S01-0408	高杉晋作	legion	S01-0408:ability:attack:6577727173c2557b	attack	triggered	trigger.observe;control.optional;selection.target;cost.pay-morale;duration.apply;operation.composite-flow	S01-0408:ability:attack:6577727173c2557b:presentation:attack			S01-0408:attack:composite	composite-definition	payment;target;multi-segment-or-branch;continuous-or-duration
S01-0409	源义经	legion	S01-0409:ability:static:6c03e83e9e18abb1	static	continuous	trigger.observe;condition.expression;operation.attack-rule;duration.apply;legacy.resolve					shared-rule-owner	continuous-or-duration
S01-0409	源义经	legion	S01-0409:ability:attack:c900a6435336564c	attack	triggered	trigger.observe;condition.expression;operation.modify-troops;duration.apply;legacy.resolve	S01-0409:ability:attack:c900a6435336564c:presentation:attack				shared-rule-owner	continuous-or-duration
S01-0409	源义经	legion	S01-0409:ability:active:56a01edf47ee1225	active	rule-action	trigger.observe;condition.expression;operation.move;duration.apply	S01-0409:ability:active:56a01edf47ee1225:presentation:rule-action-cavalry-move				shared-rule-owner	zone-or-movement;continuous-or-duration
S01-0409	源义经	legion	S01-0409:ability:after-attack:87f74fda19997f92	after-attack	triggered	trigger.observe;condition.expression;control.optional;operation.draw	S01-0409:ability:after-attack:87f74fda19997f92:presentation:after-attack			S01-0409:after-attack:8e3049f64790	fine-definition	zone-or-movement
S01-0410	巴御前	legion	S01-0410:ability:static:e3471cd2a7042e59	static	continuous	trigger.observe;operation.attack-rule;duration.apply;legacy.resolve					shared-rule-owner	continuous-or-duration
S01-0410	巴御前	legion	S01-0410:ability:enter:c25e438ab6938fb8	enter	triggered	trigger.observe;operation.keyword	S01-0410:ability:enter:c25e438ab6938fb8:presentation:enter			S01-0410:enter:1d0cd4b03e85	fine-definition	other
S01-0411	安倍晴明	legion	S01-0411:ability:static:e3471cd2a7042e59	static	continuous	trigger.observe;operation.attack-rule;duration.apply;legacy.resolve					shared-rule-owner	continuous-or-duration
S01-0411	安倍晴明	legion	S01-0411:ability:enter:b1a723e4b7ce332a	enter	triggered	trigger.observe;selection.target;operation.move-zone;operation.keyword;operation.composite-flow	S01-0411:ability:enter:b1a723e4b7ce332a:presentation:enter			S01-0411:enter:composite	composite-definition	target;multi-segment-or-branch;zone-or-movement
S01-0411	安倍晴明	legion	S01-0411:ability:death:00f139f8bc316591	death	triggered	trigger.observe;operation.modify-troops;duration.apply	S01-0411:ability:death:00f139f8bc316591:presentation:death				shared-rule-owner	continuous-or-duration
S01-0412	立花誾千代	legion	S01-0412:ability:enter:202b0cded455ddcc	enter	triggered	trigger.observe;selection.target;operation.move-zone;duration.apply;operation.composite-flow	S01-0412:ability:enter:202b0cded455ddcc:presentation:enter			S01-0412:enter:composite	composite-definition	target;multi-segment-or-branch;zone-or-movement;continuous-or-duration
S01-0412	立花誾千代	legion	S01-0412:ability:death:8e3f657c72894324	death	triggered	trigger.observe;operation.composite-flow	S01-0412:ability:death:8e3f657c72894324:presentation:death			S01-0412:death:composite	composite-definition	multi-segment-or-branch
S01-0413	源博雅	legion	S01-0413:ability:static:e3471cd2a7042e59	static	continuous	trigger.observe;operation.attack-rule;duration.apply;legacy.resolve					shared-rule-owner	continuous-or-duration
S01-0413	源博雅	legion	S01-0413:ability:enter:eb2856bbafa7432e	enter	triggered	trigger.observe;condition.expression;control.optional;operation.draw	S01-0413:ability:enter:eb2856bbafa7432e:presentation:enter			S01-0413:enter:972e753aee1c	fine-definition	zone-or-movement
S01-0413	源博雅	legion	S01-0413:ability:attack:f4160b9115a574fa	attack	triggered	trigger.observe;selection.target;duration.apply;operation.composite-flow	S01-0413:ability:attack:f4160b9115a574fa:presentation:attack			S01-0413:attack:composite	composite-definition	target;multi-segment-or-branch;continuous-or-duration
S01-0414	桂小五郎	legion	S01-0414:ability:static:e001b352b3693d93	static	continuous	trigger.observe;legacy.resolve					shared-rule-owner	continuous-or-duration
S01-0414	桂小五郎	legion	S01-0414:ability:after-attack:a356848bc7dd9124	after-attack	triggered	trigger.observe;control.optional;operation.move-zone;operation.ready;operation.composite-flow	S01-0414:ability:after-attack:a356848bc7dd9124:presentation:after-attack			S01-0414:after-attack:composite	composite-definition	multi-segment-or-branch;zone-or-movement
S01-0415	服部半藏	legion	S01-0415:ability:static:9ba2f4f5354a2a05	static	continuous	trigger.observe;condition.expression;operation.attack-rule;duration.apply;legacy.resolve					shared-rule-owner	continuous-or-duration
S01-0415	服部半藏	legion	S01-0415:ability:enter:1aab52e1a0bc424b	enter	triggered	trigger.observe;operation.move-zone;operation.keyword;operation.composite-flow	S01-0415:ability:enter:1aab52e1a0bc424b:presentation:enter;S01-0415:ability:enter:1aab52e1a0bc424b:presentation:enter-hide			S01-0415:enter:composite	composite-definition	multi-segment-or-branch;zone-or-movement
S01-0415	服部半藏	legion	S01-0415:ability:active:32503fbfe07e2ecf	active	activated	trigger.observe;condition.expression;operation.set-state	S01-0415:ability:active:32503fbfe07e2ecf:presentation:active	S01-0415:ability:active:32503fbfe07e2ecf:presentation:active#1/1		S01-0415:active:59bbf5fb56da	fine-definition	other
S01-0416	稻姬本多小松	legion	S01-0416:ability:static:e3471cd2a7042e59	static	continuous	trigger.observe;operation.attack-rule;duration.apply;legacy.resolve					shared-rule-owner	continuous-or-duration
S01-0416	稻姬本多小松	legion	S01-0416:ability:enter:b209f6a32efee3d1	enter	triggered	trigger.observe;operation.move-zone;operation.composite-flow	S01-0416:ability:enter:b209f6a32efee3d1:presentation:enter			S01-0416:enter:composite	composite-definition	multi-segment-or-branch;zone-or-movement
S01-0416	稻姬本多小松	legion	S01-0416:ability:attack:15cb5a1ab50cdcc8	attack	triggered	trigger.observe;condition.expression;selection.target;operation.modify-troops;duration.apply;operation.composite-flow	S01-0416:ability:attack:15cb5a1ab50cdcc8:presentation:attack			S01-0416:attack:composite	composite-definition	target;multi-segment-or-branch;continuous-or-duration
S01-0417	草薙剑	artifact	S01-0417:ability:enter:0ff28c505ec1b830	enter	triggered	trigger.observe;condition.expression;operation.move-zone;operation.composite-flow	S01-0417:ability:enter:0ff28c505ec1b830:presentation:enter			S01-0417:enter:composite	composite-definition	multi-segment-or-branch;zone-or-movement
S01-0417	草薙剑	artifact	S01-0417:ability:static:f10ff922d718f82e	static	continuous	trigger.observe;control.optional;condition.expression;selection.target;selection.mode;cost.pay-morale;operation.damage-master;operation.keyword;duration.apply					shared-rule-owner	payment;target;continuous-or-duration
S01-0418	天诛	tactic	S01-0418:ability:play:5c9770f2a2ff41da	play	activated	trigger.observe;condition.expression;operation.composite-flow	S01-0418:ability:play:5c9770f2a2ff41da:presentation:play;S01-0418:ability:play:5c9770f2a2ff41da:presentation:segment:s01-0418:divine-punishment-effect	S01-0418:ability:play:5c9770f2a2ff41da:presentation:segment:s01-0418:divine-punishment-effect#1/1		S01-0418:play:composite	composite-definition	multi-segment-or-branch
S01-0419	花魁的馈赠	tactic	S01-0419:ability:play:97db2728de7886de	play	activated	trigger.observe;selection.target;operation.move-zone;operation.ready;visibility.policy;operation.composite-flow	S01-0419:ability:play:97db2728de7886de:presentation:play;S01-0419:ability:play:97db2728de7886de:presentation:reveal-add;S01-0419:ability:play:97db2728de7886de:presentation:search-add;S01-0419:ability:play:97db2728de7886de:presentation:segment:s01-0419:oiran-search;S01-0419:ability:play:97db2728de7886de:presentation:segment:s01-0419:oiran-ready-morale:branch-8dd25b913387	S01-0419:ability:play:97db2728de7886de:presentation:segment:s01-0419:oiran-search#1/2;S01-0419:ability:play:97db2728de7886de:presentation:segment:s01-0419:oiran-ready-morale:branch-8dd25b913387#2/2		S01-0419:play:composite	composite-definition	target;multi-segment-or-branch;zone-or-movement
S01-0420	切腹仪式	tactic	S01-0420:ability:reaction:f505901f3f9c8724	reaction	reaction	trigger.observe;selection.target;operation.draw;operation.composite-flow	S01-0420:ability:reaction:f505901f3f9c8724:presentation:reaction;S01-0420:ability:reaction:f505901f3f9c8724:presentation:segment:trigger-s01-0420-reaction:seppuku-draw;S01-0420:ability:reaction:f505901f3f9c8724:presentation:segment:trigger-s01-0420-reaction:seppuku-cost	S01-0420:ability:reaction:f505901f3f9c8724:presentation:segment:trigger-s01-0420-reaction:seppuku-draw#1/2;S01-0420:ability:reaction:f505901f3f9c8724:presentation:segment:trigger-s01-0420-reaction:seppuku-cost#2/2		S01-0420:reaction:composite	composite-definition	target;response;multi-segment-or-branch;zone-or-movement
S01-04C1	士气·高天原	rune	S01-04C1:ability:static:7f60c31c00b0f718	static	continuous	trigger.observe;control.optional;selection.target;cost.pay-morale;operation.draw;operation.ready;operation.move					shared-rule-owner	payment;target;zone-or-movement;continuous-or-duration
S01-04D1	黄泉之门	divinity	S01-04D1:ability:static:fcd47c32a0a46e1a	static	continuous	trigger.observe;operation.move-zone;duration.apply					shared-rule-owner	zone-or-movement;continuous-or-duration
S01-04D1	黄泉之门	divinity	S01-04D1:ability:static:3c467d3eba318af6	static	continuous	trigger.observe;control.optional;condition.expression;cost.pay-morale;operation.draw;duration.apply	S01-04D1:ability:static:3c467d3eba318af6:presentation:segment:active-s01-04d1-yomisweep:yomi-draw;S01-04D1:ability:static:3c467d3eba318af6:presentation:segment:active-s01-04d1-yomisweep:yomi-cost-debuff;S01-04D1:ability:static:3c467d3eba318af6:presentation:segment:active-s01-04d1-yomisweep:yomi-kill3;S01-04D1:ability:static:3c467d3eba318af6:presentation:segment:active-s01-04d1-yomisweep:yomi-kill1	S01-04D1:ability:static:3c467d3eba318af6:presentation:segment:active-s01-04d1-yomisweep:yomi-draw#1/4;S01-04D1:ability:static:3c467d3eba318af6:presentation:segment:active-s01-04d1-yomisweep:yomi-cost-debuff#2/4;S01-04D1:ability:static:3c467d3eba318af6:presentation:segment:active-s01-04d1-yomisweep:yomi-kill3#3/4;S01-04D1:ability:static:3c467d3eba318af6:presentation:segment:active-s01-04d1-yomisweep:yomi-kill1#4/4			shared-rule-owner	payment;multi-segment-or-branch;zone-or-movement;continuous-or-duration
S01-04D1	黄泉之门	divinity	S01-04D1:ability:active:1dcb5503b8cd59a8	active	activated	trigger.observe;selection.target;cost.rest-source;operation.move-zone	S01-04D1:ability:active:1dcb5503b8cd59a8:presentation:active;S01-04D1:ability:active:1dcb5503b8cd59a8:presentation:segment:active-s01-04d1-yomirecover:yomi-grave-recover	S01-04D1:ability:active:1dcb5503b8cd59a8:presentation:segment:active-s01-04d1-yomirecover:yomi-grave-recover#1/1			shared-rule-owner	payment;target;zone-or-movement
S01-04D1	黄泉之门	divinity	S01-04D1:ability:setup:281db2829152b981	setup	triggered	trigger.observe;operation.add-morale;legacy.resolve	S01-04D1:ability:setup:281db2829152b981:presentation:setup				shared-rule-owner	other
S01-04M1	天照大神	master	S01-04M1:ability:static:2c285709f5669922	static	continuous	trigger.observe;control.optional;selection.target;cost.pay-morale;duration.apply	S01-04M1:ability:static:2c285709f5669922:presentation:segment:active-s01-04m1-amaterasukill:amaterasu-debuff;S01-04M1:ability:static:2c285709f5669922:presentation:segment:active-s01-04m1-amaterasukill:amaterasu-kill	S01-04M1:ability:static:2c285709f5669922:presentation:segment:active-s01-04m1-amaterasukill:amaterasu-debuff#1/2;S01-04M1:ability:static:2c285709f5669922:presentation:segment:active-s01-04m1-amaterasukill:amaterasu-kill#2/2			shared-rule-owner	payment;target;multi-segment-or-branch;continuous-or-duration
S01-04M1	天照大神	master	S01-04M1:ability:static:51c3f1e1976210f8	static	continuous	trigger.observe;control.optional;cost.discard;operation.modify-troops;operation.ready;duration.apply	S01-04M1:ability:static:51c3f1e1976210f8:presentation:segment:active-s01-04m1-amaterasuready:amaterasu-ready;S01-04M1:ability:static:51c3f1e1976210f8:presentation:segment:active-s01-04m1-amaterasuready:amaterasu-front-buff	S01-04M1:ability:static:51c3f1e1976210f8:presentation:segment:active-s01-04m1-amaterasuready:amaterasu-ready#1/2;S01-04M1:ability:static:51c3f1e1976210f8:presentation:segment:active-s01-04m1-amaterasuready:amaterasu-front-buff#2/2			shared-rule-owner	payment;multi-segment-or-branch;continuous-or-duration
S01-04M2	须佐之男	master	S01-04M2:ability:static:ce8699cac703af1c	static	continuous	trigger.observe;control.optional;selection.target;cost.pay-morale;duration.apply					shared-rule-owner	payment;target;continuous-or-duration
S01-04M2	须佐之男	master	S01-04M2:ability:attack:ebb2054e23f75cd1	attack	triggered	trigger.observe;control.optional;cost.pay-morale;operation.modify-troops	S01-04M2:ability:attack:ebb2054e23f75cd1:presentation:attack				shared-rule-owner	payment
S01-04M2	须佐之男	master	S01-04M2:ability:leave:4e83a7191108369b	leave	triggered	trigger.observe;control.optional;selection.target;operation.move-zone	S01-04M2:ability:leave:4e83a7191108369b:presentation:leave				shared-rule-owner	target;zone-or-movement
S01-DS01	黯陨晨星	destruction	S01-DS01:ability:static:9b5681c438931452	static	continuous	trigger.observe;control.optional;condition.expression;selection.target;selection.mode;operation.ready;operation.rest;duration.apply;special.domain;legacy.resolve					shared-rule-owner	target;continuous-or-duration;disaster-or-trial
S01-DS02	百鬼夜行	destruction	S01-DS02:ability:disaster:4548c9e0f724c914	disaster	triggered	trigger.observe;operation.damage-master	S01-DS02:ability:disaster:4548c9e0f724c914:presentation:disaster			S01-DS02:disaster:f2809be9eab9	fine-definition	disaster-or-trial
S01-DS02	百鬼夜行	destruction	S01-DS02:ability:static:4408d437a8ab5e5a	static	continuous	trigger.observe;special.domain;legacy.resolve					shared-rule-owner	continuous-or-duration;disaster-or-trial
S01-DS02	百鬼夜行	destruction	S01-DS02:ability:turn-end:9d632a451357ff71	turn-end	triggered	trigger.observe;condition.expression;operation.move-zone;special.domain;legacy.resolve	S01-DS02:ability:turn-end:9d632a451357ff71:presentation:turn-end				shared-rule-owner	zone-or-movement;disaster-or-trial
S01-DS03	腐秽大地	destruction	S01-DS03:ability:disaster:b550db07535ba893	disaster	triggered	trigger.observe;special.domain;operation.composite-flow	S01-DS03:ability:disaster:b550db07535ba893:presentation:disaster			S01-DS03:disaster:composite	composite-definition	multi-segment-or-branch;disaster-or-trial
S01-DS03	腐秽大地	destruction	S01-DS03:ability:static:70004a014a03d2a0	static	continuous	trigger.observe;special.domain;legacy.resolve					shared-rule-owner	continuous-or-duration;disaster-or-trial
S01-DS04	雷霆天怒	destruction	S01-DS04:ability:disaster:1ea0951ecffc8449	disaster	triggered	trigger.observe;selection.target;special.domain;operation.composite-flow	S01-DS04:ability:disaster:1ea0951ecffc8449:presentation:disaster			S01-DS04:disaster:composite	composite-definition	target;multi-segment-or-branch;disaster-or-trial
S01-DS04	雷霆天怒	destruction	S01-DS04:ability:static:017c7359962a2512	static	continuous	trigger.observe;condition.expression;special.domain;legacy.resolve					shared-rule-owner	continuous-or-duration;disaster-or-trial
S01-DS04	雷霆天怒	destruction	S01-DS04:ability:attack:68f2ff0b600a41e8	attack	triggered	trigger.observe;operation.rest;special.domain;legacy.resolve	S01-DS04:ability:attack:68f2ff0b600a41e8:presentation:attack				shared-rule-owner	disaster-or-trial
S01-DS05	魔龙降世	destruction	S01-DS05:ability:disaster:7179195220edfe82	disaster	triggered	trigger.observe;operation.move-zone;special.domain;operation.composite-flow	S01-DS05:ability:disaster:7179195220edfe82:presentation:disaster			S01-DS05:disaster:composite	composite-definition	multi-segment-or-branch;zone-or-movement;disaster-or-trial
S01-DS06	神之天平	destruction	S01-DS06:ability:disaster:d3fabe5fa268d242	disaster	triggered	trigger.observe;condition.expression;cost.discard;operation.draw;special.domain;operation.composite-flow	S01-DS06:ability:disaster:d3fabe5fa268d242:presentation:disaster			S01-DS06:disaster:composite	composite-definition	payment;multi-segment-or-branch;zone-or-movement;disaster-or-trial
S01-DS07	天启默示录	destruction	S01-DS07:ability:disaster:040d7237df85e67c	disaster	triggered	trigger.observe;condition.expression;operation.draw;operation.move-zone;special.domain;operation.composite-flow	S01-DS07:ability:disaster:040d7237df85e67c:presentation:disaster			S01-DS07:disaster:composite	composite-definition	multi-segment-or-branch;zone-or-movement;disaster-or-trial
S01-DS08	虚构的圣杯	destruction	S01-DS08:ability:static:3e7cd5724f09420c	static	continuous	trigger.observe;condition.expression;special.domain;legacy.resolve					shared-rule-owner	continuous-or-duration;disaster-or-trial
S01-DS09	诸神黄昏	destruction	S01-DS09:ability:disaster:1769e30a76faee99	disaster	triggered	trigger.observe;condition.expression;operation.draw;special.domain;operation.composite-flow	S01-DS09:ability:disaster:1769e30a76faee99:presentation:disaster			S01-DS09:disaster:composite	composite-definition	multi-segment-or-branch;zone-or-movement;disaster-or-trial
S01-DS10	湮灭	destruction	S01-DS10:ability:static:33501d2503c08b73	static	continuous	trigger.observe;special.domain;legacy.resolve					shared-rule-owner	continuous-or-duration;disaster-or-trial
S01-DS10	湮灭	destruction	S01-DS10:ability:turn-start:a790e35d0012c86f	turn-start	triggered	trigger.observe;special.domain;legacy.resolve	S01-DS10:ability:turn-start:a790e35d0012c86f:presentation:turn-start				shared-rule-owner	disaster-or-trial
S02-0001	驱魔道士 陆瑛	legion	S02-0001:ability:after-opponent-tactic:6d30a9b672845491	after-opponent-tactic	triggered	trigger.observe;control.optional;selection.target;legacy.resolve	S02-0001:ability:after-opponent-tactic:6d30a9b672845491:presentation:after-opponent-tactic	S02-0001:ability:after-opponent-tactic:6d30a9b672845491:presentation:after-opponent-tactic#1/1			shared-rule-owner	target
S02-0001	驱魔道士 陆瑛	legion	S02-0001:ability:enter:dcff9e78d7ca1141	enter	triggered	trigger.observe;operation.set-state	S02-0001:ability:enter:dcff9e78d7ca1141:presentation:enter			S02-0001:enter:92574b8824a8	fine-definition	other
S02-0002	疯狂的爱丽丝	legion	S02-0002:ability:continuous:5643b9f0c6e298e6	continuous	continuous	trigger.observe;operation.attack-rule;legacy.resolve					shared-rule-owner	continuous-or-duration
S02-0002	疯狂的爱丽丝	legion	S02-0002:ability:after-kill:2187acbb87c49880	after-kill	triggered	trigger.observe;condition.expression;control.optional;operation.ready	S02-0002:ability:after-kill:2187acbb87c49880:presentation:after-kill	S02-0002:ability:after-kill:2187acbb87c49880:presentation:after-kill#1/1		S02-0002:after-kill:afe29aae93bc	fine-definition	other
S02-0003	宫廷魔术师	legion	S02-0003:ability:continuous:e9823ffd970d6ce6	continuous	continuous	trigger.observe;operation.attack-rule;legacy.resolve					shared-rule-owner	continuous-or-duration
S02-0003	宫廷魔术师	legion	S02-0003:ability:enter:0907b9ab55d8b4fb	enter	triggered	trigger.observe;control.optional;selection.target;operation.move-zone;operation.composite-flow	S02-0003:ability:enter:0907b9ab55d8b4fb:presentation:enter			S02-0003:enter:composite	composite-definition	target;multi-segment-or-branch;zone-or-movement
S02-0003	宫廷魔术师	legion	S02-0003:ability:active:484fb98a6af8df3f	active	activated	trigger.observe;cost.rest-source;duration.apply;legacy.resolve	S02-0003:ability:active:484fb98a6af8df3f:presentation:active	S02-0003:ability:active:484fb98a6af8df3f:presentation:active#1/1			shared-rule-owner	payment;continuous-or-duration
S02-0004	路易芒德兰	legion	S02-0004:ability:continuous:16dc08d7324d1649	continuous	continuous	trigger.observe;condition.expression;operation.modify-troops;operation.set-state;legacy.resolve					shared-rule-owner	continuous-or-duration
S02-0004	路易芒德兰	legion	S02-0004:ability:granted:be3174252606645e	granted	granted-continuous	trigger.observe;control.optional;selection.target;operation.keyword;legacy.resolve					shared-rule-owner	target;continuous-or-duration
S02-0005	戏法师的傀儡	legion	S02-0005:ability:continuous:0663e3d5b31edc67	continuous	continuous	trigger.observe;operation.attack-rule;legacy.resolve					shared-rule-owner	continuous-or-duration
S02-0005	戏法师的傀儡	legion	S02-0005:ability:opponent-attacks-master:806afb384f303aee	opponent-attacks-master	reaction	trigger.observe;control.optional;operation.move-zone;legacy.resolve	S02-0005:ability:opponent-attacks-master:806afb384f303aee:presentation:opponent-attacks-master;S02-0005:ability:opponent-attacks-master:806afb384f303aee:presentation:runtime-response:response-retarget-master	S02-0005:ability:opponent-attacks-master:806afb384f303aee:presentation:runtime-response:response-retarget-master#1/1			shared-rule-owner	response;zone-or-movement
S02-0006	信仰狂热者	legion	S02-0006:ability:continuous:7f3bdf9055e53845	continuous	rule	trigger.observe;control.optional;duration.apply;legacy.resolve					shared-rule-owner	continuous-or-duration
S02-0006	信仰狂热者	legion	S02-0006:ability:discarded:89d3ee4207648aa1	discarded	triggered	trigger.observe;condition.expression;control.optional;legacy.resolve	S02-0006:ability:discarded:89d3ee4207648aa1:presentation:discarded				shared-rule-owner	other
S02-0007	重装士兵	legion	S02-0007:ability:continuous:602cafbbc29faa3f	continuous	continuous	trigger.observe;operation.attack-rule;legacy.resolve					shared-rule-owner	continuous-or-duration
S02-0007	重装士兵	legion	S02-0007:ability:continuous:58ce6286f39b73ee	continuous	continuous	trigger.observe;condition.expression;operation.modify-troops;operation.set-state;legacy.resolve					shared-rule-owner	continuous-or-duration
S02-0007	重装士兵	legion	S02-0007:ability:granted:be3174252606645e	granted	granted-continuous	trigger.observe;control.optional;selection.target;operation.keyword;legacy.resolve					shared-rule-owner	target;continuous-or-duration
S02-0008	万物统御之戒	artifact	S02-0008:ability:continuous:766cca673a9815ad	continuous	rule	trigger.observe;special.domain;legacy.resolve					shared-rule-owner	other
S02-0008	万物统御之戒	artifact	S02-0008:ability:enter:d55717584e8ef56e	enter	triggered	trigger.observe;control.optional;selection.target;cost.discard;operation.move-zone;operation.shuffle;visibility.policy;operation.composite-flow	S02-0008:ability:enter:d55717584e8ef56e:presentation:enter;S02-0008:ability:enter:d55717584e8ef56e:presentation:search-hit			S02-0008:enter:composite	composite-definition	payment;target;multi-segment-or-branch;zone-or-movement
S02-0009	防御部署	tactic	S02-0009:ability:play:ff53cfd909161da1	play	spell	trigger.observe;condition.expression;control.optional;operation.draw;operation.composite-flow	S02-0009:ability:play:ff53cfd909161da1:presentation:play;S02-0009:ability:play:ff53cfd909161da1:presentation:segment:s02-0009:defense-deployment-set;S02-0009:ability:play:ff53cfd909161da1:presentation:segment:s02-0009:defense-deployment-draw	S02-0009:ability:play:ff53cfd909161da1:presentation:segment:s02-0009:defense-deployment-set#1/2;S02-0009:ability:play:ff53cfd909161da1:presentation:segment:s02-0009:defense-deployment-draw#2/2		S02-0009:play:composite	shared-rule-owner	multi-segment-or-branch;zone-or-movement
S02-0010	黑色莲花	tactic	S02-0010:ability:play:6d06ac2a469671de	play	spell	trigger.observe;control.optional;cost.pay-morale;special.domain;operation.composite-flow	S02-0010:ability:play:6d06ac2a469671de:presentation:play;S02-0010:ability:play:6d06ac2a469671de:presentation:segment:s02-0010:black-lotus-disaster:branch-7e32922f34e5;S02-0010:ability:play:6d06ac2a469671de:presentation:segment:s02-0010:black-lotus-disaster:branch-558a02205165;S02-0010:ability:play:6d06ac2a469671de:presentation:segment:s02-0010:black-lotus-disaster:branch-a07d436aa72c;S02-0010:ability:play:6d06ac2a469671de:presentation:segment:s02-0010:black-lotus-morale:branch-8dd25b913387	S02-0010:ability:play:6d06ac2a469671de:presentation:segment:s02-0010:black-lotus-disaster:branch-7e32922f34e5#1/2;S02-0010:ability:play:6d06ac2a469671de:presentation:segment:s02-0010:black-lotus-disaster:branch-558a02205165#1/2;S02-0010:ability:play:6d06ac2a469671de:presentation:segment:s02-0010:black-lotus-disaster:branch-a07d436aa72c#1/2;S02-0010:ability:play:6d06ac2a469671de:presentation:segment:s02-0010:black-lotus-morale:branch-8dd25b913387#2/2		S02-0010:play:composite	composite-definition	payment;multi-segment-or-branch
S02-0010	黑色莲花	tactic	S02-0010:ability:return-as-morale:9169de0e99d296e2	return-as-morale	replacement	trigger.observe;condition.expression;operation.move-zone;legacy.resolve					shared-rule-owner	zone-or-movement
S02-0011	纷乱箭	tactic	S02-0011:ability:play:16d3a82605980345	play	spell	trigger.observe;special.domain;operation.composite-flow	S02-0011:ability:play:16d3a82605980345:presentation:play;S02-0011:ability:play:16d3a82605980345:presentation:segment:s02-0011:chaotic-arrows-effect	S02-0011:ability:play:16d3a82605980345:presentation:segment:s02-0011:chaotic-arrows-effect#1/1		S02-0011:play:composite	composite-definition	multi-segment-or-branch
S02-0012	祷告仪式	tactic	S02-0012:ability:play:bafe1ab6a18493c0	play	spell	trigger.observe;visibility.policy;operation.composite-flow	S02-0012:ability:play:bafe1ab6a18493c0:presentation:play;S02-0012:ability:play:bafe1ab6a18493c0:presentation:public-disaster			S02-0012:play:composite	shared-rule-owner	multi-segment-or-branch
S02-0012	祷告仪式	tactic	S02-0012:ability:granted:e5bb0cce96aba072	granted	granted-effect	trigger.observe;visibility.policy;legacy.resolve	S02-0012:ability:granted:e5bb0cce96aba072:presentation:granted				shared-rule-owner	other
S02-0012	祷告仪式	tactic	S02-0012:ability:granted:1c5ef0343f70615c	granted	granted-effect	trigger.observe;control.optional;cost.pay-morale;visibility.policy;legacy.resolve	S02-0012:ability:granted:1c5ef0343f70615c:presentation:granted				shared-rule-owner	payment
S02-0013	神圣伽锁	tactic	S02-0013:ability:play:b43016dce755388a	play	spell	trigger.observe;selection.target;operation.move-zone;operation.set-state;duration.apply;operation.composite-flow	S02-0013:ability:play:b43016dce755388a:presentation:play;S02-0013:ability:play:b43016dce755388a:presentation:segment:s02-0013:holy-lock-effect	S02-0013:ability:play:b43016dce755388a:presentation:segment:s02-0013:holy-lock-effect#1/1		S02-0013:play:composite	composite-definition	target;multi-segment-or-branch;zone-or-movement;continuous-or-duration
S02-0013	神圣伽锁	tactic	S02-0013:ability:host-leaves-artifact:b2720c3b205be910	host-leaves-artifact	triggered	trigger.observe;condition.expression;operation.move-zone;legacy.resolve	S02-0013:ability:host-leaves-artifact:b2720c3b205be910:presentation:host-leaves-artifact				shared-rule-owner	zone-or-movement
S02-0013	神圣伽锁	tactic	S02-0013:ability:active-while-attached:f64dc7647e481c5f	active-while-attached	activated-by-opponent	trigger.observe;condition.expression;control.optional;cost.pay-morale;operation.move-zone;legacy.resolve	S02-0013:ability:active-while-attached:f64dc7647e481c5f:presentation:active-while-attached				shared-rule-owner	payment;zone-or-movement
S02-0014	瞬间的思路	tactic	S02-0014:ability:play:58b56393329ae9ef	play	spell	trigger.observe;condition.expression;operation.draw	S02-0014:ability:play:58b56393329ae9ef:presentation:play			S02-0014:play:5d6718d7b4eb	fine-definition	zone-or-movement
S02-0015	地主的胁迫	tactic	S02-0015:ability:s2-reaction:cf8ca3a019a02076	s2-reaction	reaction	trigger.observe;cost.discard;operation.set-state;operation.composite-flow	S02-0015:ability:s2-reaction:cf8ca3a019a02076:presentation:s2-reaction;S02-0015:ability:s2-reaction:cf8ca3a019a02076:presentation:segment:response-s02-0015:landlord-coercion:branch-6489f2bde5ed;S02-0015:ability:s2-reaction:cf8ca3a019a02076:presentation:segment:response-s02-0015:landlord-coercion:branch-87f59448be7f;S02-0015:ability:s2-reaction:cf8ca3a019a02076:presentation:segment:response-s02-0015:landlord-coercion:branch-27dff4b6efc7	S02-0015:ability:s2-reaction:cf8ca3a019a02076:presentation:segment:response-s02-0015:landlord-coercion:branch-6489f2bde5ed#1/1;S02-0015:ability:s2-reaction:cf8ca3a019a02076:presentation:segment:response-s02-0015:landlord-coercion:branch-87f59448be7f#1/1;S02-0015:ability:s2-reaction:cf8ca3a019a02076:presentation:segment:response-s02-0015:landlord-coercion:branch-27dff4b6efc7#1/1		S02-0015:s2-reaction:composite	composite-definition	payment;response;multi-segment-or-branch
S02-0016	破败仪式	tactic	S02-0016:ability:s2-reaction:37e38b08d365f0bb	s2-reaction	reaction	trigger.observe;selection.mode;selection.target;operation.composite-flow	S02-0016:ability:s2-reaction:37e38b08d365f0bb:presentation:s2-reaction;S02-0016:ability:s2-reaction:37e38b08d365f0bb:presentation:segment:response-s02-0016:ruined-ritual:branch-87f59448be7f;S02-0016:ability:s2-reaction:37e38b08d365f0bb:presentation:segment:response-s02-0016:ruined-ritual:branch-edb0eb9ed418	S02-0016:ability:s2-reaction:37e38b08d365f0bb:presentation:segment:response-s02-0016:ruined-ritual:branch-87f59448be7f#1/1;S02-0016:ability:s2-reaction:37e38b08d365f0bb:presentation:segment:response-s02-0016:ruined-ritual:branch-edb0eb9ed418#1/1		S02-0016:s2-reaction:composite	composite-definition	target;response;multi-segment-or-branch
S02-0016	破败仪式	tactic	S02-0016:ability:granted:dfd998389876f15e	granted	granted-effect	trigger.observe;special.domain;legacy.resolve	S02-0016:ability:granted:dfd998389876f15e:presentation:granted				shared-rule-owner	other
S02-0016	破败仪式	tactic	S02-0016:ability:granted:df2c369f365d4497	granted	granted-effect	trigger.observe;operation.modify-troops;operation.set-state;duration.apply;legacy.resolve	S02-0016:ability:granted:df2c369f365d4497:presentation:granted				shared-rule-owner	continuous-or-duration
S02-0017	粮草掠夺	tactic	S02-0017:ability:s2-reaction:0e0643c2b48ae93e	s2-reaction	reaction	trigger.observe;selection.target;operation.draw;operation.move-zone;visibility.policy;operation.composite-flow	S02-0017:ability:s2-reaction:0e0643c2b48ae93e:presentation:s2-reaction;S02-0017:ability:s2-reaction:0e0643c2b48ae93e:presentation:segment:response-s02-0017:supply-plunder-return;S02-0017:ability:s2-reaction:0e0643c2b48ae93e:presentation:segment:response-s02-0017:supply-plunder-draw	S02-0017:ability:s2-reaction:0e0643c2b48ae93e:presentation:segment:response-s02-0017:supply-plunder-return#1/2;S02-0017:ability:s2-reaction:0e0643c2b48ae93e:presentation:segment:response-s02-0017:supply-plunder-draw#2/2		S02-0017:s2-reaction:composite	composite-definition	target;response;multi-segment-or-branch;zone-or-movement
S02-0018	毒药发作	tactic	S02-0018:ability:s2-reaction:e0e92d0479a94844	s2-reaction	reaction	trigger.observe;control.optional;cost.discard;operation.set-state;operation.ready;operation.composite-flow	S02-0018:ability:s2-reaction:e0e92d0479a94844:presentation:s2-reaction;S02-0018:ability:s2-reaction:e0e92d0479a94844:presentation:segment:response-s02-0018:poison-negate;S02-0018:ability:s2-reaction:e0e92d0479a94844:presentation:segment:response-s02-0018:poison-discard	S02-0018:ability:s2-reaction:e0e92d0479a94844:presentation:segment:response-s02-0018:poison-negate#1/2;S02-0018:ability:s2-reaction:e0e92d0479a94844:presentation:segment:response-s02-0018:poison-discard#2/2		S02-0018:s2-reaction:composite	composite-definition	payment;response;multi-segment-or-branch
S02-0101	始皇帝 嬴政	legion	S02-0101:ability:continuous:4cd3104ae17d316d	continuous	continuous	trigger.observe;condition.expression;operation.attack-rule;legacy.resolve					shared-rule-owner	continuous-or-duration
S02-0101	始皇帝 嬴政	legion	S02-0101:ability:enter:eb0b26d094e02210	enter	triggered	trigger.observe;cost.discard;visibility.policy;duration.apply;operation.composite-flow	S02-0101:ability:enter:eb0b26d094e02210:presentation:enter;S02-0101:ability:enter:eb0b26d094e02210:presentation:condition-failed-hand;S02-0101:ability:enter:eb0b26d094e02210:presentation:segment:trigger-s02-0101-enter:yingzheng-kill;S02-0101:ability:enter:eb0b26d094e02210:presentation:segment:trigger-s02-0101-enter:yingzheng-return	S02-0101:ability:enter:eb0b26d094e02210:presentation:segment:trigger-s02-0101-enter:yingzheng-kill#1/2;S02-0101:ability:enter:eb0b26d094e02210:presentation:segment:trigger-s02-0101-enter:yingzheng-return#2/2		S02-0101:enter:composite	composite-definition	payment;multi-segment-or-branch;continuous-or-duration
S02-0102	李牧	legion	S02-0102:ability:master-morale-return:e84344a6b3d5d66f	master-morale-return	triggered	trigger.observe;condition.expression;control.optional;operation.add-morale	S02-0102:ability:master-morale-return:e84344a6b3d5d66f:presentation:master-morale-return	S02-0102:ability:master-morale-return:e84344a6b3d5d66f:presentation:master-morale-return#1/1		S02-0102:master-morale-return:9b3f930e5cdb	fine-definition	other
S02-0102	李牧	legion	S02-0102:ability:enter:2dc458f3fe3f8259	enter	triggered	trigger.observe;control.optional;operation.draw;operation.move-zone;visibility.policy;operation.composite-flow	S02-0102:ability:enter:2dc458f3fe3f8259:presentation:enter;S02-0102:ability:enter:2dc458f3fe3f8259:presentation:top-card;S02-0102:ability:enter:2dc458f3fe3f8259:presentation:segment:trigger-s02-0102-enter:limu-reveal:branch-84f122fe58af;S02-0102:ability:enter:2dc458f3fe3f8259:presentation:segment:trigger-s02-0102-enter:limu-draw:branch-54556d3fcf4a	S02-0102:ability:enter:2dc458f3fe3f8259:presentation:segment:trigger-s02-0102-enter:limu-reveal:branch-84f122fe58af#1/2;S02-0102:ability:enter:2dc458f3fe3f8259:presentation:segment:trigger-s02-0102-enter:limu-draw:branch-54556d3fcf4a#2/2		S02-0102:enter:composite	composite-definition	multi-segment-or-branch;zone-or-movement
S02-0103	平阳昭公主	legion	S02-0103:ability:enter:91a88c9cc3074ca1	enter	triggered	trigger.observe;duration.apply;operation.composite-flow	S02-0103:ability:enter:91a88c9cc3074ca1:presentation:enter			S02-0103:enter:composite	composite-definition	multi-segment-or-branch;continuous-or-duration
S02-0103	平阳昭公主	legion	S02-0103:ability:attack:607e6460eed6637b	attack	triggered	trigger.observe;control.optional;operation.move-zone;visibility.policy;operation.modify-troops;duration.apply;legacy.resolve	S02-0103:ability:attack:607e6460eed6637b:presentation:attack;S02-0103:ability:attack:607e6460eed6637b:presentation:top-card				shared-rule-owner	zone-or-movement;continuous-or-duration
S02-0104	神农鼎	artifact	S02-0104:ability:enter:8fa3e27817003123	enter	triggered	trigger.observe;control.optional;operation.draw	S02-0104:ability:enter:8fa3e27817003123:presentation:enter			S02-0104:enter:46bde9c19eac	fine-definition	zone-or-movement
S02-0104	神农鼎	artifact	S02-0104:ability:active:1687d445c6acc308	active	activated	trigger.observe;cost.rest-source;cost.return-morale;legacy.resolve	S02-0104:ability:active:1687d445c6acc308:presentation:active	S02-0104:ability:active:1687d445c6acc308:presentation:active#1/1			shared-rule-owner	payment
S02-0105	乾坤 阳	tactic	S02-0105:ability:play:499f7a6a1da312d7	play	spell	trigger.observe;control.optional;cost.return-morale;operation.draw;operation.composite-flow	S02-0105:ability:play:499f7a6a1da312d7:presentation:play;S02-0105:ability:play:499f7a6a1da312d7:presentation:segment:s02-0105:qianyang-kill;S02-0105:ability:play:499f7a6a1da312d7:presentation:segment:s02-0105:qianyang-draw:branch-7ad6c1b155bc	S02-0105:ability:play:499f7a6a1da312d7:presentation:segment:s02-0105:qianyang-kill#1/2;S02-0105:ability:play:499f7a6a1da312d7:presentation:segment:s02-0105:qianyang-draw:branch-7ad6c1b155bc#2/2		S02-0105:play:composite	composite-definition	payment;multi-segment-or-branch;zone-or-movement
S02-0106	乾坤 阴	tactic	S02-0106:ability:opponent-attack-or-effect:cac751e0d790e16e	opponent-attack-or-effect	reaction	trigger.observe;selection.target;operation.move-zone;visibility.policy;duration.apply;legacy.resolve	S02-0106:ability:opponent-attack-or-effect:cac751e0d790e16e:presentation:opponent-attack-or-effect;S02-0106:ability:opponent-attack-or-effect:cac751e0d790e16e:presentation:top-card;S02-0106:ability:opponent-attack-or-effect:cac751e0d790e16e:presentation:segment:response-s02-0106:cosmos-yin-reveal:branch-66a7b55fd559;S02-0106:ability:opponent-attack-or-effect:cac751e0d790e16e:presentation:segment:response-s02-0106:cosmos-yin-reveal:branch-d57b0c2a3000;S02-0106:ability:opponent-attack-or-effect:cac751e0d790e16e:presentation:segment:response-s02-0106:cosmos-yin-reveal:branch-ee610338313c;S02-0106:ability:opponent-attack-or-effect:cac751e0d790e16e:presentation:segment:response-s02-0106:cosmos-yin-buff:branch-d57b0c2a3000	S02-0106:ability:opponent-attack-or-effect:cac751e0d790e16e:presentation:segment:response-s02-0106:cosmos-yin-reveal:branch-66a7b55fd559#1/2;S02-0106:ability:opponent-attack-or-effect:cac751e0d790e16e:presentation:segment:response-s02-0106:cosmos-yin-reveal:branch-d57b0c2a3000#1/2;S02-0106:ability:opponent-attack-or-effect:cac751e0d790e16e:presentation:segment:response-s02-0106:cosmos-yin-reveal:branch-ee610338313c#1/2;S02-0106:ability:opponent-attack-or-effect:cac751e0d790e16e:presentation:segment:response-s02-0106:cosmos-yin-buff:branch-d57b0c2a3000#2/2			shared-rule-owner	target;response;multi-segment-or-branch;zone-or-movement;continuous-or-duration
S02-01M1	孙悟空	master	S02-01M1:ability:active:4834e3b50d036f27	active	active	trigger.observe;condition.expression;selection.target;cost.return-morale;operation.move-zone;operation.modify-troops;operation.keyword;legacy.resolve	S02-01M1:ability:active:4834e3b50d036f27:presentation:active;S02-01M1:ability:active:4834e3b50d036f27:presentation:segment:active-s02-01m1-wukongtransform:wukong-transform-entry	S02-01M1:ability:active:4834e3b50d036f27:presentation:segment:active-s02-01m1-wukongtransform:wukong-transform-entry#1/1			shared-rule-owner	payment;target;zone-or-movement
S02-01M1	孙悟空	master	S02-01M1:ability:leave:cf42cfffe1b9b9bc	leave	replacement	trigger.observe;condition.expression;operation.move-zone;control.optional;operation.add-morale;legacy.resolve	S02-01M1:ability:leave:cf42cfffe1b9b9bc:presentation:runtime-trigger-master-legion-returned	S02-01M1:ability:leave:cf42cfffe1b9b9bc:presentation:runtime-trigger-master-legion-returned#1/1			shared-rule-owner	zone-or-movement
S02-01S1	哮天犬·稚	legion	S02-01S1:ability:master-morale-return:8d098fe32e7b253b	master-morale-return	triggered	trigger.observe;condition.expression;control.optional;operation.move-zone;duration.apply;legacy.resolve	S02-01S1:ability:master-morale-return:8d098fe32e7b253b:presentation:master-morale-return				shared-rule-owner	zone-or-movement;continuous-or-duration
S02-01S1	哮天犬·稚	legion	S02-01S1:ability:death:544dd81cfc7627f4	death	triggered	trigger.observe;condition.expression;control.optional;operation.add-morale	S02-01S1:ability:death:544dd81cfc7627f4:presentation:death	S02-01S1:ability:death:544dd81cfc7627f4:presentation:death#1/1		S02-01S1:death:51dbabb0367e;S02-01S1:death:composite	fine-definition	other
S02-0201	增殖的甲虫	legion	S02-0201:ability:continuous:16b90b36ef8afe2c	continuous	rule	trigger.observe;operation.move-zone;legacy.resolve					shared-rule-owner	zone-or-movement
S02-0201	增殖的甲虫	legion	S02-0201:ability:continuous:39b0b1524eaed536	continuous	continuous	trigger.observe;operation.attack-rule;legacy.resolve					shared-rule-owner	continuous-or-duration
S02-0202	陵墓圣武士	legion	S02-0202:ability:continuous:94759febdd62fd32	continuous	continuous	trigger.observe;condition.expression;operation.set-state;duration.apply;visibility.policy;legacy.resolve					shared-rule-owner	continuous-or-duration
S02-0202	陵墓圣武士	legion	S02-0202:ability:death:79d8237fa4fa11c6	death	triggered	trigger.observe;operation.move-zone;operation.composite-flow	S02-0202:ability:death:79d8237fa4fa11c6:presentation:death	S02-0202:ability:death:79d8237fa4fa11c6:presentation:death#1/1		S02-0202:death:composite	composite-definition	multi-segment-or-branch;zone-or-movement
S02-0203	哈特谢普苏特	legion	S02-0203:ability:continuous:418e71545576e12d	continuous	continuous	trigger.observe;operation.set-state;legacy.resolve					shared-rule-owner	continuous-or-duration
S02-0203	哈特谢普苏特	legion	S02-0203:ability:enter:d02761e5760092ed	enter	triggered	trigger.observe;control.optional;operation.move-zone;operation.composite-flow	S02-0203:ability:enter:d02761e5760092ed:presentation:enter			S02-0203:enter:composite	composite-definition	multi-segment-or-branch;zone-or-movement
S02-0203	哈特谢普苏特	legion	S02-0203:ability:death:4f44435f01c08067	death	triggered	trigger.observe;control.optional;operation.draw	S02-0203:ability:death:4f44435f01c08067:presentation:death	S02-0203:ability:death:4f44435f01c08067:presentation:death#1/1		S02-0203:death:f404a2223002	fine-definition	zone-or-movement
S02-0204	伊姆何泰普	legion	S02-0204:ability:continuous:e9823ffd970d6ce6	continuous	continuous	trigger.observe;operation.attack-rule;legacy.resolve					shared-rule-owner	continuous-or-duration
S02-0204	伊姆何泰普	legion	S02-0204:ability:enter:753c4d14ca73c931	enter	triggered	trigger.observe;control.optional;operation.move-zone;visibility.policy;operation.composite-flow	S02-0204:ability:enter:753c4d14ca73c931:presentation:enter			S02-0204:enter:composite	composite-definition	multi-segment-or-branch;zone-or-movement
S02-0204	伊姆何泰普	legion	S02-0204:ability:active:4257a82eec559a94	active	activated	trigger.observe;cost.rest-source;operation.set-state;duration.apply;legacy.resolve	S02-0204:ability:active:4257a82eec559a94:presentation:active	S02-0204:ability:active:4257a82eec559a94:presentation:active#1/1			shared-rule-owner	payment;continuous-or-duration
S02-0205	黄金圣甲虫	artifact	S02-0205:ability:continuous:44bfa636b58de089	continuous	continuous	trigger.observe;special.domain;legacy.resolve					shared-rule-owner	continuous-or-duration
S02-0205	黄金圣甲虫	artifact	S02-0205:ability:enter:391da24eedbd81b7	enter	triggered	trigger.observe;control.optional;operation.move-zone;operation.composite-flow	S02-0205:ability:enter:391da24eedbd81b7:presentation:enter			S02-0205:enter:composite	composite-definition	multi-segment-or-branch;zone-or-movement
S02-0205	黄金圣甲虫	artifact	S02-0205:ability:active:8023ed21f8771697	active	activated	trigger.observe;control.optional;cost.rest-source;operation.move-zone;legacy.resolve	S02-0205:ability:active:8023ed21f8771697:presentation:active	S02-0205:ability:active:8023ed21f8771697:presentation:active#1/1			shared-rule-owner	payment;zone-or-movement
S02-0205	黄金圣甲虫	artifact	S02-0205:ability:active:e33e843f8be8d5f6	active	activated	trigger.observe;control.optional;selection.target;cost.discard;operation.modify-troops;duration.apply;legacy.resolve	S02-0205:ability:active:e33e843f8be8d5f6:presentation:active	S02-0205:ability:active:e33e843f8be8d5f6:presentation:active#1/1			shared-rule-owner	payment;target;continuous-or-duration
S02-0206	无畏的刺杀	tactic	S02-0206:ability:play:f6c0e9a69b3184b7	play	spell	trigger.observe;selection.target;operation.modify-troops;operation.set-state;duration.apply;legacy.resolve	S02-0206:ability:play:f6c0e9a69b3184b7:presentation:play;S02-0206:ability:play:f6c0e9a69b3184b7:presentation:segment:s02-0206:fearless-assassination	S02-0206:ability:play:f6c0e9a69b3184b7:presentation:segment:s02-0206:fearless-assassination#1/1			shared-rule-owner	target;continuous-or-duration
S02-0206	无畏的刺杀	tactic	S02-0206:ability:granted:1aba3f5bd15a426d	granted	granted-continuous	trigger.observe;operation.keyword;legacy.resolve					shared-rule-owner	continuous-or-duration
S02-0206	无畏的刺杀	tactic	S02-0206:ability:play:bd784d08e38e0ed8	play	spell	trigger.observe;duration.apply;legacy.resolve	S02-0206:ability:play:bd784d08e38e0ed8:presentation:play				shared-rule-owner	continuous-or-duration
S02-0207	沙漠君临	tactic	S02-0207:ability:play:528a4430c4b87fb5	play	spell	trigger.observe;special.domain;operation.move-zone;legacy.resolve	S02-0207:ability:play:528a4430c4b87fb5:presentation:play;S02-0207:ability:play:528a4430c4b87fb5:presentation:segment:s02-0207:desert-transaction:branch-118069e0b311;S02-0207:ability:play:528a4430c4b87fb5:presentation:segment:s02-0207:desert-transaction:branch-f7b0c0d73215;S02-0207:ability:play:528a4430c4b87fb5:presentation:segment:s02-0207:desert-transaction:branch-2159d308f535;S02-0207:ability:play:528a4430c4b87fb5:presentation:segment:s02-0207:desert-transaction:branch-7f65b3a96b30	S02-0207:ability:play:528a4430c4b87fb5:presentation:segment:s02-0207:desert-transaction:branch-118069e0b311#1/1;S02-0207:ability:play:528a4430c4b87fb5:presentation:segment:s02-0207:desert-transaction:branch-f7b0c0d73215#1/1;S02-0207:ability:play:528a4430c4b87fb5:presentation:segment:s02-0207:desert-transaction:branch-2159d308f535#1/1;S02-0207:ability:play:528a4430c4b87fb5:presentation:segment:s02-0207:desert-transaction:branch-7f65b3a96b30#1/1			shared-rule-owner	payment;zone-or-movement
S02-02M1	奈芙蒂斯	master	S02-02M1:ability:continuous:a83e1e0971bbe6f0	continuous	continuous	trigger.observe;operation.attack-rule;legacy.resolve					shared-rule-owner	continuous-or-duration
S02-02M1	奈芙蒂斯	master	S02-02M1:ability:active:014219b1c6c557fa	active	activated	trigger.observe;control.optional;operation.set-state;duration.apply;legacy.resolve	S02-02M1:ability:active:014219b1c6c557fa:presentation:active;S02-02M1:ability:active:014219b1c6c557fa:presentation:segment:active-s02-02m1-nephthyssacrifice:nephthys-sacrifice-discount	S02-02M1:ability:active:014219b1c6c557fa:presentation:segment:active-s02-02m1-nephthyssacrifice:nephthys-sacrifice-discount#1/1			shared-rule-owner	continuous-or-duration
S02-02M1	奈芙蒂斯	master	S02-02M1:ability:friendly-legion-death:a366c9a7f75b5f29	friendly-legion-death	triggered	trigger.observe;control.optional;operation.move-zone;duration.apply;legacy.resolve	S02-02M1:ability:friendly-legion-death:a366c9a7f75b5f29:presentation:friendly-legion-death				shared-rule-owner	zone-or-movement;continuous-or-duration
S02-0301	雷神之锤	legion	S02-0301:ability:enter:c3d7bde060b4a77f	enter	triggered	trigger.observe;operation.set-state	S02-0301:ability:enter:c3d7bde060b4a77f:presentation:enter			S02-0301:enter:c4ecd4af474c	fine-definition	other
S02-0301	雷神之锤	legion	S02-0301:ability:death:43e2e1e581db01d0	death	triggered	trigger.observe;control.optional;cost.discard;operation.draw;operation.composite-flow	S02-0301:ability:death:43e2e1e581db01d0:presentation:death;S02-0301:ability:death:43e2e1e581db01d0:presentation:segment:trigger-s02-0301-death:draw-discard-draw-1;S02-0301:ability:death:43e2e1e581db01d0:presentation:segment:trigger-s02-0301-death:draw-discard-discard	S02-0301:ability:death:43e2e1e581db01d0:presentation:segment:trigger-s02-0301-death:draw-discard-draw-1#1/2;S02-0301:ability:death:43e2e1e581db01d0:presentation:segment:trigger-s02-0301-death:draw-discard-discard#2/2		S02-0301:death:composite	composite-definition	payment;multi-segment-or-branch;zone-or-movement
S02-0301	雷神之锤	legion	S02-0301:ability:continuous:e48cf407ce847427	continuous	rule	trigger.observe;condition.expression;control.optional;legacy.resolve					shared-rule-owner	other
S02-0301	雷神之锤	legion	S02-0301:ability:active:61c655977499e4be	active	activated	trigger.observe;condition.expression;control.optional;operation.move-zone;duration.apply;legacy.resolve	S02-0301:ability:active:61c655977499e4be:presentation:active	S02-0301:ability:active:61c655977499e4be:presentation:active#1/1			shared-rule-owner	payment;zone-or-movement;continuous-or-duration
S02-0302	步行者罗洛	legion	S02-0302:ability:hand-play:4e8ff9ea92325bac	hand-play	special-summon	trigger.observe;control.optional;operation.move-zone;operation.set-state;legacy.resolve	S02-0302:ability:hand-play:4e8ff9ea92325bac:presentation:hand-play				shared-rule-owner	payment;zone-or-movement
S02-0302	步行者罗洛	legion	S02-0302:ability:continuous:48719a94741bbf36	continuous	continuous	trigger.observe;condition.expression;operation.set-state;operation.attack-rule;legacy.resolve					shared-rule-owner	continuous-or-duration
S02-0302	步行者罗洛	legion	S02-0302:ability:keyword-definition:eaba79729a9d7a65	keyword-definition	keyword-definition	trigger.observe;control.optional;selection.target;operation.keyword;legacy.resolve	S02-0302:ability:keyword-definition:eaba79729a9d7a65:presentation:keyword-definition				shared-rule-owner	target
S02-0302	步行者罗洛	legion	S02-0302:ability:enter:f2164791a703075c	enter	triggered	trigger.observe;operation.heal-master	S02-0302:ability:enter:f2164791a703075c:presentation:enter			S02-0302:enter:cae321ff215b	fine-definition	other
S02-0303	卡纽特大帝	legion	S02-0303:ability:hand-play:5e06807975eda2b7	hand-play	special-summon	trigger.observe;condition.expression;control.optional;operation.damage-master;operation.set-state;legacy.resolve	S02-0303:ability:hand-play:5e06807975eda2b7:presentation:hand-play				shared-rule-owner	payment
S02-0303	卡纽特大帝	legion	S02-0303:ability:enter:188ca2ec5d57c93a	enter	triggered	trigger.observe;control.optional;selection.target;operation.composite-flow	S02-0303:ability:enter:188ca2ec5d57c93a:presentation:enter			S02-0303:enter:composite	composite-definition	target;multi-segment-or-branch
S02-0304	玛格丽特一世	legion	S02-0304:ability:continuous:e9823ffd970d6ce6	continuous	continuous	trigger.observe;operation.attack-rule;legacy.resolve	S02-0304:ability:continuous:e9823ffd970d6ce6:presentation:segment:trigger-s02-0304-margaretmasterdamage:margaret-heal;S02-0304:ability:continuous:e9823ffd970d6ce6:presentation:segment:trigger-s02-0304-margaretmasterdamage:margaret-heal-lock	S02-0304:ability:continuous:e9823ffd970d6ce6:presentation:segment:trigger-s02-0304-margaretmasterdamage:margaret-heal#1/2;S02-0304:ability:continuous:e9823ffd970d6ce6:presentation:segment:trigger-s02-0304-margaretmasterdamage:margaret-heal-lock#2/2			shared-rule-owner	multi-segment-or-branch;continuous-or-duration
S02-0304	玛格丽特一世	legion	S02-0304:ability:enter:3f76727a32a3cf1e	enter	triggered	trigger.observe;control.optional;operation.composite-flow	S02-0304:ability:enter:3f76727a32a3cf1e:presentation:enter			S02-0304:enter:composite	composite-definition	multi-segment-or-branch
S02-0304	玛格丽特一世	legion	S02-0304:ability:master-damaged-by-effect:31c5c76dff1c8e0b	master-damaged-by-effect	triggered	trigger.observe;condition.expression;control.optional;special.domain;operation.rest;operation.heal-master;duration.apply;legacy.resolve	S02-0304:ability:master-damaged-by-effect:31c5c76dff1c8e0b:presentation:master-damaged-by-effect				shared-rule-owner	payment;continuous-or-duration
S02-0305	安德华拉诺特	artifact	S02-0305:ability:game-setup:cf14affeb486a9f7	game-setup	setup	trigger.observe;condition.expression;control.optional;legacy.resolve	S02-0305:ability:game-setup:cf14affeb486a9f7:presentation:game-setup				shared-rule-owner	other
S02-0305	安德华拉诺特	artifact	S02-0305:ability:continuous:26b824128ffced1a	continuous	continuous	trigger.observe;special.domain;legacy.resolve					shared-rule-owner	continuous-or-duration
S02-0305	安德华拉诺特	artifact	S02-0305:ability:master-damaged:a4a2c92cad3ad28c	master-damaged	triggered	trigger.observe;control.optional;operation.draw;duration.apply;legacy.resolve	S02-0305:ability:master-damaged:a4a2c92cad3ad28c:presentation:master-damaged	S02-0305:ability:master-damaged:a4a2c92cad3ad28c:presentation:master-damaged#1/1			shared-rule-owner	zone-or-movement;continuous-or-duration
S02-0305	安德华拉诺特	artifact	S02-0305:ability:master-damaged:4c8ce907eed1f778	master-damaged	replacement	trigger.observe;condition.expression;legacy.resolve					shared-rule-owner	other
S02-0306	密米尔之泉	tactic	S02-0306:ability:continuous:a5a8e191442bbfac	continuous	rule	trigger.observe;control.optional;duration.apply;legacy.resolve	S02-0306:ability:continuous:a5a8e191442bbfac:presentation:segment:s02-0306:mimir-recover-draw;S02-0306:ability:continuous:a5a8e191442bbfac:presentation:segment:s02-0306:mimir-mill:branch-524c34bb7416	S02-0306:ability:continuous:a5a8e191442bbfac:presentation:segment:s02-0306:mimir-recover-draw#1/2;S02-0306:ability:continuous:a5a8e191442bbfac:presentation:segment:s02-0306:mimir-mill:branch-524c34bb7416#2/2			shared-rule-owner	multi-segment-or-branch;continuous-or-duration
S02-0306	密米尔之泉	tactic	S02-0306:ability:master-effect-damage-threshold:978e2dc72d59418c	master-effect-damage-threshold	triggered	trigger.observe;control.optional;operation.draw;operation.heal-master;duration.apply;legacy.resolve	S02-0306:ability:master-effect-damage-threshold:978e2dc72d59418c:presentation:master-effect-damage-threshold				shared-rule-owner	zone-or-movement;continuous-or-duration
S02-0307	海拉的凝视	tactic	S02-0307:ability:play:e2a8efcc4ba499ee	play	spell	trigger.observe;selection.target;special.domain;operation.modify-troops;duration.apply;legacy.resolve	S02-0307:ability:play:e2a8efcc4ba499ee:presentation:play;S02-0307:ability:play:e2a8efcc4ba499ee:presentation:segment:s02-0307:hela-curse	S02-0307:ability:play:e2a8efcc4ba499ee:presentation:segment:s02-0307:hela-curse#1/1			shared-rule-owner	payment;target;continuous-or-duration
S02-03M1	雷神索尔	master	S02-03M1:ability:game-setup:46b2a85c54cecc56	game-setup	setup	trigger.observe;control.optional;operation.move-zone;legacy.resolve	S02-03M1:ability:game-setup:46b2a85c54cecc56:presentation:game-setup;S02-03M1:ability:game-setup:46b2a85c54cecc56:presentation:setup-hammer				shared-rule-owner	zone-or-movement
S02-03M1	雷神索尔	master	S02-03M1:ability:active:54e6f9c40764f804	active	activated	trigger.observe;condition.expression;control.optional;cost.pay-morale;operation.set-state;duration.apply;legacy.resolve	S02-03M1:ability:active:54e6f9c40764f804:presentation:active	S02-03M1:ability:active:54e6f9c40764f804:presentation:active#1/1			shared-rule-owner	payment;continuous-or-duration
S02-03M1	雷神索尔	master	S02-03M1:ability:granted:f4dd24f1fb07f3d5	granted	granted-continuous	trigger.observe;control.optional;operation.keyword;legacy.resolve					shared-rule-owner	continuous-or-duration
S02-0401	武田信玄	legion	S02-0401:ability:continuous:9601da1d8445f865	continuous	continuous	trigger.observe;operation.ready;legacy.resolve					shared-rule-owner	continuous-or-duration
S02-0401	武田信玄	legion	S02-0401:ability:enter:27a167b8b905666d	enter	triggered	trigger.observe;control.optional;selection.target;operation.move-zone;operation.shuffle;visibility.policy;operation.ready;operation.composite-flow	S02-0401:ability:enter:27a167b8b905666d:presentation:enter;S02-0401:ability:enter:27a167b8b905666d:presentation:search-hit			S02-0401:enter:composite	composite-definition	target;multi-segment-or-branch;zone-or-movement
S02-0402	井伊直虎	legion	S02-0402:ability:enter:4e174017a4dffc0f	enter	triggered	trigger.observe;control.optional;cost.discard;operation.ready;operation.composite-flow	S02-0402:ability:enter:4e174017a4dffc0f:presentation:enter			S02-0402:enter:composite	composite-definition	payment;multi-segment-or-branch
S02-0402	井伊直虎	legion	S02-0402:ability:death:53c6b545f1a48957	death	triggered	trigger.observe;control.optional;operation.draw	S02-0402:ability:death:53c6b545f1a48957:presentation:death	S02-0402:ability:death:53c6b545f1a48957:presentation:death#1/1		S02-0402:death:f929e83546e8	fine-definition	zone-or-movement
S02-0403	冲田总司	legion	S02-0403:ability:enter:2ebf87c30fca9902	enter	triggered	trigger.observe;operation.modify-troops;operation.set-state;duration.apply;operation.composite-flow	S02-0403:ability:enter:2ebf87c30fca9902:presentation:enter			S02-0403:enter:composite	composite-definition	multi-segment-or-branch;continuous-or-duration
S02-0403	冲田总司	legion	S02-0403:ability:granted:f4dd24f1fb07f3d5	granted	granted-continuous	trigger.observe;control.optional;operation.keyword;legacy.resolve					shared-rule-owner	continuous-or-duration
S02-0403	冲田总司	legion	S02-0403:ability:attack:f4e897276bb153c0	attack	triggered	trigger.observe;control.optional;operation.move-zone;visibility.policy;operation.composite-flow	S02-0403:ability:attack:f4e897276bb153c0:presentation:attack;S02-0403:ability:attack:f4e897276bb153c0:presentation:top-card			S02-0403:attack:composite	composite-definition	multi-segment-or-branch;zone-or-movement
S02-0404	八尺琼勾玉	artifact	S02-0404:ability:enter:08f36fcae8096c88	enter	triggered	trigger.observe;control.optional;selection.target;operation.move-zone;operation.shuffle;visibility.policy;operation.composite-flow	S02-0404:ability:enter:08f36fcae8096c88:presentation:enter;S02-0404:ability:enter:08f36fcae8096c88:presentation:search-hit			S02-0404:enter:composite	composite-definition	target;multi-segment-or-branch;zone-or-movement
S02-0404	八尺琼勾玉	artifact	S02-0404:ability:active:b30de444d37a3b6e	active	activated	trigger.observe;selection.mode;selection.target;cost.rest-source;legacy.resolve	S02-0404:ability:active:b30de444d37a3b6e:presentation:active;S02-0404:ability:active:b30de444d37a3b6e:presentation:segment:active-s02-0404-magatamamove:magatama-cavalry-move;S02-0404:ability:active:b30de444d37a3b6e:presentation:segment:active-s02-0404-magatamaimmortal:magatama-immortal	S02-0404:ability:active:b30de444d37a3b6e:presentation:segment:active-s02-0404-magatamamove:magatama-cavalry-move#1/1;S02-0404:ability:active:b30de444d37a3b6e:presentation:segment:active-s02-0404-magatamaimmortal:magatama-immortal#1/1			shared-rule-owner	payment;target
S02-0404	八尺琼勾玉	artifact	S02-0404:ability:granted:2c2b9693ca8cf3b8	granted	granted-effect	trigger.observe;selection.target;operation.move;legacy.resolve	S02-0404:ability:granted:2c2b9693ca8cf3b8:presentation:granted				shared-rule-owner	target;zone-or-movement
S02-0404	八尺琼勾玉	artifact	S02-0404:ability:granted:e7c384ccba9ff2f3	granted	granted-effect	trigger.observe;selection.target;operation.set-state;operation.move;duration.apply;legacy.resolve	S02-0404:ability:granted:e7c384ccba9ff2f3:presentation:granted				shared-rule-owner	target;zone-or-movement;continuous-or-duration
S02-0404	八尺琼勾玉	artifact	S02-0404:ability:granted:e3ff02735b6b18f4	granted	granted-continuous	trigger.observe;operation.keyword;operation.modify-troops;duration.apply;legacy.resolve					shared-rule-owner	continuous-or-duration
S02-0405	武运在天 铠甲在前	tactic	S02-0405:ability:play:0a13775c2081e642	play	spell	trigger.observe;selection.target;operation.move-zone;visibility.policy;legacy.resolve	S02-0405:ability:play:0a13775c2081e642:presentation:play;S02-0405:ability:play:0a13775c2081e642:presentation:top-five;S02-0405:ability:play:0a13775c2081e642:presentation:artifact-picked;S02-0405:ability:play:0a13775c2081e642:presentation:uesugi-picked;S02-0405:ability:play:0a13775c2081e642:presentation:segment:s02-0405:fortune-search;S02-0405:ability:play:0a13775c2081e642:presentation:segment:s02-0405:fortune-next-uesugi	S02-0405:ability:play:0a13775c2081e642:presentation:segment:s02-0405:fortune-search#1/2;S02-0405:ability:play:0a13775c2081e642:presentation:segment:s02-0405:fortune-next-uesugi#2/2			shared-rule-owner	target;multi-segment-or-branch;zone-or-movement
S02-0405	武运在天 铠甲在前	tactic	S02-0405:ability:play:b03190adf1322a1a	play	spell	trigger.observe;operation.set-state;duration.apply;legacy.resolve	S02-0405:ability:play:b03190adf1322a1a:presentation:play				shared-rule-owner	continuous-or-duration
S02-0405	武运在天 铠甲在前	tactic	S02-0405:ability:granted:f4dd24f1fb07f3d5	granted	granted-continuous	trigger.observe;control.optional;operation.keyword;legacy.resolve					shared-rule-owner	continuous-or-duration
S02-0406	天下布武	tactic	S02-0406:ability:play:35815c7115c7ce71	play	spell	trigger.observe;selection.mode;selection.target;legacy.resolve	S02-0406:ability:play:35815c7115c7ce71:presentation:play				shared-rule-owner	target
S02-0406	天下布武	tactic	S02-0406:ability:granted:6aa04cbf27f6b4b7	granted	granted-effect	trigger.observe;selection.target;duration.apply;legacy.resolve	S02-0406:ability:granted:6aa04cbf27f6b4b7:presentation:granted;S02-0406:ability:granted:6aa04cbf27f6b4b7:presentation:segment:s02-0406:tenka-effect:branch-d78f3261ceeb;S02-0406:ability:granted:6aa04cbf27f6b4b7:presentation:segment:s02-0406:tenka-effect:branch-535405c18167	S02-0406:ability:granted:6aa04cbf27f6b4b7:presentation:segment:s02-0406:tenka-effect:branch-d78f3261ceeb#1/1;S02-0406:ability:granted:6aa04cbf27f6b4b7:presentation:segment:s02-0406:tenka-effect:branch-535405c18167#1/1			shared-rule-owner	target;continuous-or-duration
S02-0406	天下布武	tactic	S02-0406:ability:granted:4f1f5a1d4791b5ef	granted	granted-continuous	trigger.observe;condition.expression;operation.modify-troops;duration.apply;legacy.resolve	S02-0406:ability:granted:4f1f5a1d4791b5ef:presentation:segment:s02-0406:tenka-effect:branch-6ea671993d2b	S02-0406:ability:granted:4f1f5a1d4791b5ef:presentation:segment:s02-0406:tenka-effect:branch-6ea671993d2b#1/1			shared-rule-owner	continuous-or-duration
S02-0406	天下布武	tactic	S02-0406:ability:granted:4f26e688b66affd4	granted	granted-effect	trigger.observe;control.optional;operation.move;duration.apply;legacy.resolve	S02-0406:ability:granted:4f26e688b66affd4:presentation:granted;S02-0406:ability:granted:4f26e688b66affd4:presentation:segment:s02-0406:tenka-effect:branch-7040852a81aa	S02-0406:ability:granted:4f26e688b66affd4:presentation:segment:s02-0406:tenka-effect:branch-7040852a81aa#1/1			shared-rule-owner	zone-or-movement;continuous-or-duration
S02-04M1	月读	master	S02-04M1:ability:friendly-legion-moves:654df25d049352f7	friendly-legion-moves	triggered	trigger.observe;control.optional;selection.target;cost.pay-morale;operation.move;duration.apply;legacy.resolve	S02-04M1:ability:friendly-legion-moves:654df25d049352f7:presentation:friendly-legion-moves	S02-04M1:ability:friendly-legion-moves:654df25d049352f7:presentation:friendly-legion-moves#1/1			shared-rule-owner	payment;target;zone-or-movement;continuous-or-duration
S02-04M1	月读	master	S02-04M1:ability:friendly-back-to-front:03cb93e7e3eeedf3	friendly-back-to-front	triggered	trigger.observe;condition.expression;operation.modify-troops;operation.move;duration.apply;legacy.resolve	S02-04M1:ability:friendly-back-to-front:03cb93e7e3eeedf3:presentation:friendly-back-to-front	S02-04M1:ability:friendly-back-to-front:03cb93e7e3eeedf3:presentation:friendly-back-to-front#1/1			shared-rule-owner	zone-or-movement;continuous-or-duration
S02-04M1	月读	master	S02-04M1:ability:friendly-front-to-back:e46218b2ac936410	friendly-front-to-back	triggered	trigger.observe;condition.expression;operation.ready;operation.move;legacy.resolve	S02-04M1:ability:friendly-front-to-back:e46218b2ac936410:presentation:friendly-front-to-back	S02-04M1:ability:friendly-front-to-back:e46218b2ac936410:presentation:friendly-front-to-back#1/1			shared-rule-owner	zone-or-movement
S02-0501	赫拉克勒斯·晋升	legion	S02-0501:ability:promotion:3eb467465ef47272	promotion	summon-flow	trigger.observe;condition.expression;special.domain;selection.target;operation.move-zone;legacy.resolve	S02-0501:ability:promotion:3eb467465ef47272:presentation:promotion				shared-rule-owner	payment;target;zone-or-movement
S02-0501	赫拉克勒斯·晋升	legion	S02-0501:ability:promotion-enter:aea99d552bc8adae	promotion-enter	triggered	trigger.observe;control.optional;selection.target;visibility.policy;operation.move-zone;operation.composite-flow	S02-0501:ability:promotion-enter:aea99d552bc8adae:presentation:promotion-enter;S02-0501:ability:promotion-enter:aea99d552bc8adae:presentation:promotion-cost-declaration;S02-0501:ability:promotion-enter:aea99d552bc8adae:presentation:promotion-cost-resolution			S02-0501:promotion-enter:composite	composite-definition	payment;target;multi-segment-or-branch;zone-or-movement
S02-0501	赫拉克勒斯·晋升	legion	S02-0501:ability:enter:f5937cc3d2f50de9	enter	triggered	trigger.observe;control.optional;operation.damage-master;operation.composite-flow	S02-0501:ability:enter:f5937cc3d2f50de9:presentation:enter			S02-0501:enter:composite	composite-definition	multi-segment-or-branch
S02-0501	赫拉克勒斯·晋升	legion	S02-0501:ability:attack:9b5b0f34dc393288	attack	triggered	trigger.observe;operation.keyword	S02-0501:ability:attack:9b5b0f34dc393288:presentation:attack			S02-0501:attack:2ceeb7053391	fine-definition	other
S02-0502	赫拉克勒斯	legion	S02-0502:ability:enter:8919c3bc2ac8b7c6	enter	triggered	trigger.observe;control.optional;operation.draw;selection.target;cost.discard;operation.composite-flow	S02-0502:ability:enter:8919c3bc2ac8b7c6:presentation:enter;S02-0502:ability:enter:8919c3bc2ac8b7c6:presentation:segment:trigger-s02-0502-enter:draw-discard-draw-2;S02-0502:ability:enter:8919c3bc2ac8b7c6:presentation:segment:trigger-s02-0502-enter:draw-discard-discard	S02-0502:ability:enter:8919c3bc2ac8b7c6:presentation:segment:trigger-s02-0502-enter:draw-discard-draw-2#1/2;S02-0502:ability:enter:8919c3bc2ac8b7c6:presentation:segment:trigger-s02-0502-enter:draw-discard-discard#2/2		S02-0502:enter:composite	composite-definition	payment;target;multi-segment-or-branch;zone-or-movement
S02-0503	阿喀琉斯·晋升	legion	S02-0503:ability:promotion:3eb467465ef47272	promotion	summon-flow	trigger.observe;condition.expression;special.domain;selection.target;operation.move-zone;legacy.resolve	S02-0503:ability:promotion:3eb467465ef47272:presentation:promotion				shared-rule-owner	payment;target;zone-or-movement
S02-0503	阿喀琉斯·晋升	legion	S02-0503:ability:static:5e2fcb0f2798f57a	static	continuous	trigger.observe;operation.attack-rule;duration.apply;legacy.resolve					shared-rule-owner	continuous-or-duration
S02-0503	阿喀琉斯·晋升	legion	S02-0503:ability:promotion-enter:15500275140609c1	promotion-enter	triggered	trigger.observe;operation.attack-rule;duration.apply;operation.composite-flow	S02-0503:ability:promotion-enter:15500275140609c1:presentation:promotion-enter			S02-0503:promotion-enter:composite	composite-definition	multi-segment-or-branch;continuous-or-duration
S02-0503	阿喀琉斯·晋升	legion	S02-0503:ability:after-attack:e3ced12ddde14fdb	after-attack	triggered	trigger.observe;condition.expression;operation.set-state;duration.apply;legacy.resolve	S02-0503:ability:after-attack:e3ced12ddde14fdb:presentation:after-attack				shared-rule-owner	continuous-or-duration
S02-0503	阿喀琉斯·晋升	legion	S02-0503:ability:granted-static:e67d03cee97f98a6	granted-static	granted-continuous	trigger.observe;condition.expression;operation.set-state;legacy.resolve					shared-rule-owner	continuous-or-duration
S02-0503	阿喀琉斯·晋升	legion	S02-0503:ability:keyword-definition:6692b63a59c971d0	keyword-definition	keyword-definition	trigger.observe;operation.keyword;legacy.resolve	S02-0503:ability:keyword-definition:6692b63a59c971d0:presentation:keyword-definition				shared-rule-owner	other
S02-0504	阿喀琉斯	legion	S02-0504:ability:static:0ada28f438439ac2	static	continuous	trigger.observe;condition.expression;operation.attack-rule;duration.apply;legacy.resolve					shared-rule-owner	continuous-or-duration
S02-0504	阿喀琉斯	legion	S02-0504:ability:lethal-replacement:3fb565d50830f260	lethal-replacement	replacement	trigger.observe;condition.expression;control.optional;special.domain;operation.set-state;duration.apply;legacy.resolve					shared-rule-owner	payment;continuous-or-duration
S02-0505	珀尔修斯·晋升	legion	S02-0505:ability:promotion:e890e8664470e824	promotion	summon-flow	trigger.observe;condition.expression;special.domain;selection.target;operation.move-zone;legacy.resolve	S02-0505:ability:promotion:e890e8664470e824:presentation:promotion				shared-rule-owner	payment;target;zone-or-movement
S02-0505	珀尔修斯·晋升	legion	S02-0505:ability:promotion-enter:125b53eb65b262bb	promotion-enter	triggered	trigger.observe;control.optional;selection.target;operation.set-state;duration.apply;operation.composite-flow	S02-0505:ability:promotion-enter:125b53eb65b262bb:presentation:promotion-enter			S02-0505:promotion-enter:composite	composite-definition	target;multi-segment-or-branch;continuous-or-duration
S02-0505	珀尔修斯·晋升	legion	S02-0505:ability:active:bac4cb5d348f29f1	active	rule-action	trigger.observe;condition.expression;operation.move;duration.apply	S02-0505:ability:active:bac4cb5d348f29f1:presentation:rule-action-cavalry-move				shared-rule-owner	zone-or-movement;continuous-or-duration
S02-0505	珀尔修斯·晋升	legion	S02-0505:ability:enter:2f48770e568d4c27	enter	triggered	trigger.observe;operation.keyword	S02-0505:ability:enter:2f48770e568d4c27:presentation:enter			S02-0505:enter:1d0cd4b03e85	fine-definition	other
S02-0505	珀尔修斯·晋升	legion	S02-0505:ability:keyword-definition:cf232142ca7d10f9	keyword-definition	keyword-definition	trigger.observe;operation.keyword;legacy.resolve	S02-0505:ability:keyword-definition:cf232142ca7d10f9:presentation:keyword-definition				shared-rule-owner	other
S02-0506	珀尔修斯	legion	S02-0506:ability:enter:190c1bf49c2ede8b	enter	triggered	trigger.observe;control.optional;selection.target;cost.discard;operation.move-zone;operation.composite-flow	S02-0506:ability:enter:190c1bf49c2ede8b:presentation:enter			S02-0506:enter:composite	composite-definition	payment;target;multi-segment-or-branch;zone-or-movement
S02-0507	阿塔兰忒·晋升	legion	S02-0507:ability:promotion:e890e8664470e824	promotion	summon-flow	trigger.observe;condition.expression;special.domain;selection.target;operation.move-zone;legacy.resolve	S02-0507:ability:promotion:e890e8664470e824:presentation:promotion				shared-rule-owner	payment;target;zone-or-movement
S02-0507	阿塔兰忒·晋升	legion	S02-0507:ability:promotion-enter:63c22abdf0d41b8e	promotion-enter	triggered	trigger.observe;control.optional;operation.draw	S02-0507:ability:promotion-enter:63c22abdf0d41b8e:presentation:promotion-enter			S02-0507:promotion-enter:da0423bacde8	fine-definition	zone-or-movement
S02-0507	阿塔兰忒·晋升	legion	S02-0507:ability:enter:3c1cf21d72d9b334	enter	triggered	trigger.observe;control.optional;operation.draw	S02-0507:ability:enter:3c1cf21d72d9b334:presentation:enter			S02-0507:enter:a8e13d3901c8	fine-definition	zone-or-movement
S02-0507	阿塔兰忒·晋升	legion	S02-0507:ability:static:3f520b391281b325	static	continuous	trigger.observe;condition.expression;operation.set-state;operation.attack-rule;duration.apply;legacy.resolve					shared-rule-owner	continuous-or-duration
S02-0507	阿塔兰忒·晋升	legion	S02-0507:ability:attack:d20040947938d125	attack	triggered	trigger.observe;condition.expression;operation.modify-troops;duration.apply;legacy.resolve	S02-0507:ability:attack:d20040947938d125:presentation:attack				shared-rule-owner	continuous-or-duration
S02-0508	阿塔兰忒	legion	S02-0508:ability:static:aa41bff900061e1d	static	continuous	trigger.observe;operation.attack-rule;duration.apply;legacy.resolve					shared-rule-owner	continuous-or-duration
S02-0508	阿塔兰忒	legion	S02-0508:ability:death:9aea23b4138e399e	death	triggered	trigger.observe;selection.target;operation.flip-morale	S02-0508:ability:death:9aea23b4138e399e:presentation:death	S02-0508:ability:death:9aea23b4138e399e:presentation:death#1/1		S02-0508:death:53b2bdde38a7;S02-0508:death:composite	shared-rule-owner	target
S02-0509	奥德修斯	legion	S02-0509:ability:static:fff4ed8e0ac25ed9	static	continuous	trigger.observe;condition.expression;operation.set-state;duration.apply;legacy.resolve					shared-rule-owner	continuous-or-duration
S02-0509	奥德修斯	legion	S02-0509:ability:enter:4b4a552c7407edb2	enter	triggered	trigger.observe;operation.set-state	S02-0509:ability:enter:4b4a552c7407edb2:presentation:enter			S02-0509:enter:19de480cae58	fine-definition	other
S02-0509	奥德修斯	legion	S02-0509:ability:attack:e881bc3c0f362883	attack	triggered	trigger.observe;control.optional;visibility.policy;operation.modify-troops;duration.apply	S02-0509:ability:attack:e881bc3c0f362883:presentation:attack-cost;S02-0509:ability:attack:e881bc3c0f362883:presentation:attack	S02-0509:ability:attack:e881bc3c0f362883:presentation:attack#1/1		S02-0509:attack:a6c74825d2ec	fine-definition	payment;continuous-or-duration
S02-0510	希波吕忒	legion	S02-0510:ability:static:52b46f1b508e6aa1	static	continuous	trigger.observe;condition.expression;operation.set-state;duration.apply;legacy.resolve					shared-rule-owner	continuous-or-duration
S02-0510	希波吕忒	legion	S02-0510:ability:static:5193793609facf70	static	continuous	trigger.observe;condition.expression;operation.move;duration.apply;legacy.resolve					shared-rule-owner	zone-or-movement;continuous-or-duration
S02-0510	希波吕忒	legion	S02-0510:ability:active:2ee4c7f29b568e48	active	activated	trigger.observe;condition.expression;cost.rest-source;cost.pay-morale;selection.target;cost.discard;operation.move-zone;legacy.resolve	S02-0510:ability:active:2ee4c7f29b568e48:presentation:active	S02-0510:ability:active:2ee4c7f29b568e48:presentation:active#1/1			shared-rule-owner	payment;target;zone-or-movement
S02-0511	珀洛特埃	legion	S02-0511:ability:enter:398588321106818e	enter	triggered	trigger.observe;operation.set-state	S02-0511:ability:enter:398588321106818e:presentation:enter			S02-0511:enter:b9b6b5194b1b	fine-definition	other
S02-0511	珀洛特埃	legion	S02-0511:ability:attack:c367ee3457cbd5f4	attack	triggered	trigger.observe;condition.expression;control.optional;special.domain;operation.modify-troops;operation.set-state;duration.apply;legacy.resolve	S02-0511:ability:attack:c367ee3457cbd5f4:presentation:attack				shared-rule-owner	payment;continuous-or-duration
S02-0511	珀洛特埃	legion	S02-0511:ability:keyword-definition:96aa4e9504b12339	keyword-definition	keyword-definition	trigger.observe;operation.keyword;duration.apply;legacy.resolve	S02-0511:ability:keyword-definition:96aa4e9504b12339:presentation:keyword-definition				shared-rule-owner	continuous-or-duration
S02-0512	埃涅阿斯	legion	S02-0512:ability:static:fff4ed8e0ac25ed9	static	continuous	trigger.observe;condition.expression;operation.set-state;duration.apply;legacy.resolve					shared-rule-owner	continuous-or-duration
S02-0512	埃涅阿斯	legion	S02-0512:ability:static:e44e97f2fb745816	static	continuous	trigger.observe;condition.expression;operation.set-state;legacy.resolve					shared-rule-owner	continuous-or-duration
S02-0512	埃涅阿斯	legion	S02-0512:ability:keyword-definition:6692b63a59c971d0	keyword-definition	keyword-definition	trigger.observe;operation.keyword;legacy.resolve	S02-0512:ability:keyword-definition:6692b63a59c971d0:presentation:keyword-definition				shared-rule-owner	other
S02-0512	埃涅阿斯	legion	S02-0512:ability:death:fe4dc14c5a024047	death	triggered	trigger.observe;control.optional;operation.draw	S02-0512:ability:death:fe4dc14c5a024047:presentation:death	S02-0512:ability:death:fe4dc14c5a024047:presentation:death#1/1		S02-0512:death:520b4d1ecef8	fine-definition	zone-or-movement
S02-0513	亚里士多德	legion	S02-0513:ability:static:e3471cd2a7042e59	static	continuous	trigger.observe;operation.attack-rule;duration.apply;legacy.resolve					shared-rule-owner	continuous-or-duration
S02-0513	亚里士多德	legion	S02-0513:ability:enter:eef83ec51f2ef093	enter	triggered	trigger.observe;control.optional;special.domain;operation.composite-flow	S02-0513:ability:enter:eef83ec51f2ef093:presentation:enter	S02-0513:ability:enter:eef83ec51f2ef093:presentation:enter#1/1		S02-0513:enter:composite	shared-rule-owner	multi-segment-or-branch
S02-0513	亚里士多德	legion	S02-0513:ability:active:0b4d5245336709f8	active	activated	trigger.observe;condition.expression;cost.rest-source;operation.set-state;duration.apply;legacy.resolve	S02-0513:ability:active:0b4d5245336709f8:presentation:active	S02-0513:ability:active:0b4d5245336709f8:presentation:active#1/1			shared-rule-owner	payment;continuous-or-duration
S02-0514	柏拉图	legion	S02-0514:ability:static:e3471cd2a7042e59	static	continuous	trigger.observe;operation.attack-rule;duration.apply;legacy.resolve					shared-rule-owner	continuous-or-duration
S02-0514	柏拉图	legion	S02-0514:ability:enter:eb48dfd6737606dc	enter	triggered	trigger.observe;control.optional;special.domain;selection.target;visibility.policy;operation.move-zone;operation.composite-flow	S02-0514:ability:enter:eb48dfd6737606dc:presentation:enter;S02-0514:ability:enter:eb48dfd6737606dc:presentation:search-hit			S02-0514:enter:composite	composite-definition	target;multi-segment-or-branch;zone-or-movement
S02-0515	海伦	legion	S02-0515:ability:static:e3471cd2a7042e59	static	continuous	trigger.observe;operation.attack-rule;duration.apply;legacy.resolve					shared-rule-owner	continuous-or-duration
S02-0515	海伦	legion	S02-0515:ability:enter:0440fe0acfaec451	enter	triggered	trigger.observe;condition.expression;operation.composite-flow	S02-0515:ability:enter:0440fe0acfaec451:presentation:enter	S02-0515:ability:enter:0440fe0acfaec451:presentation:enter#1/1		S02-0515:enter:6fbd72ac2d42;S02-0515:enter:composite	fine-definition	multi-segment-or-branch
S02-0515	海伦	legion	S02-0515:ability:lethal-replacement:654c3040d6da8b4d	lethal-replacement	replacement	trigger.observe;condition.expression;control.optional;selection.target;cost.discard;operation.set-state;duration.apply;legacy.resolve					shared-rule-owner	payment;target;continuous-or-duration
S02-0516	汉尼拔	legion	S02-0516:ability:static:17774ead9eb8ed69	static	continuous	trigger.observe;condition.expression;operation.attack-rule;duration.apply;legacy.resolve					shared-rule-owner	continuous-or-duration
S02-0516	汉尼拔	legion	S02-0516:ability:static:a29458736f52d0a9	static	continuous	trigger.observe;operation.modify-troops;duration.apply;legacy.resolve					shared-rule-owner	continuous-or-duration
S02-0516	汉尼拔	legion	S02-0516:ability:attack:077dc7337586413c	attack	triggered	trigger.observe;control.optional;special.domain;selection.target;operation.modify-troops;duration.apply;legacy.resolve	S02-0516:ability:attack:077dc7337586413c:presentation:attack				shared-rule-owner	payment;target;continuous-or-duration
S02-0517	彭忒西勒亚	legion	S02-0517:ability:static:9ba2f4f5354a2a05	static	continuous	trigger.observe;condition.expression;operation.attack-rule;duration.apply;legacy.resolve					shared-rule-owner	continuous-or-duration
S02-0517	彭忒西勒亚	legion	S02-0517:ability:enter:398588321106818e	enter	triggered	trigger.observe;operation.set-state	S02-0517:ability:enter:398588321106818e:presentation:enter			S02-0517:enter:b9b6b5194b1b	fine-definition	other
S02-0517	彭忒西勒亚	legion	S02-0517:ability:attack:b880db2c63b82bc9	attack	triggered	trigger.observe;control.optional;operation.flip-morale;operation.modify-troops;duration.apply	S02-0517:ability:attack:b880db2c63b82bc9:presentation:attack	S02-0517:ability:attack:b880db2c63b82bc9:presentation:attack#1/1		S02-0517:attack:d2cc434d3ef1	fine-definition	payment;continuous-or-duration
S02-0518	忒修斯	legion	S02-0518:ability:static:fff4ed8e0ac25ed9	static	continuous	trigger.observe;condition.expression;operation.set-state;duration.apply;legacy.resolve					shared-rule-owner	continuous-or-duration
S02-0518	忒修斯	legion	S02-0518:ability:enter:6e9ddf89fefa712f	enter	triggered	trigger.observe;control.optional;special.domain;operation.composite-flow	S02-0518:ability:enter:6e9ddf89fefa712f:presentation:enter	S02-0518:ability:enter:6e9ddf89fefa712f:presentation:enter#1/1		S02-0518:enter:composite	shared-rule-owner	multi-segment-or-branch
S02-0518	忒修斯	legion	S02-0518:ability:death:88ff26ac36e38ec2	death	triggered	trigger.observe;control.optional;selection.target;visibility.policy;operation.move-zone;operation.composite-flow	S02-0518:ability:death:88ff26ac36e38ec2:presentation:grave-hit;S02-0518:ability:death:88ff26ac36e38ec2:presentation:death	S02-0518:ability:death:88ff26ac36e38ec2:presentation:death#1/1		S02-0518:death:composite	composite-definition	target;multi-segment-or-branch;zone-or-movement
S02-0519	斯巴达勇士	legion	S02-0519:ability:attack:8f025023393c1f32	attack	triggered	trigger.observe;control.optional;operation.flip-morale;operation.modify-troops;duration.apply	S02-0519:ability:attack:8f025023393c1f32:presentation:attack	S02-0519:ability:attack:8f025023393c1f32:presentation:attack#1/1		S02-0519:attack:5c420ff6d33e	fine-definition	payment;continuous-or-duration
S02-0519	斯巴达勇士	legion	S02-0519:ability:static:2b21805b14115304	static	continuous	trigger.observe;condition.expression;operation.modify-troops;duration.apply;legacy.resolve					shared-rule-owner	continuous-or-duration
S02-0520	匠神锻造炉	artifact	S02-0520:ability:enter:361ec387b847ecee	enter	triggered	trigger.observe;control.optional;special.domain;operation.composite-flow	S02-0520:ability:enter:361ec387b847ecee:presentation:enter	S02-0520:ability:enter:361ec387b847ecee:presentation:enter#1/1		S02-0520:enter:composite	shared-rule-owner	multi-segment-or-branch
S02-0520	匠神锻造炉	artifact	S02-0520:ability:active:e4e320d416a9c103	active	activated	trigger.observe;condition.expression;cost.rest-source;cost.pay-morale;selection.mode;legacy.resolve	S02-0520:ability:active:e4e320d416a9c103:presentation:active;S02-0520:ability:active:e4e320d416a9c103:presentation:segment:active-s02-0520-forgepromotiondiscount:forge-promotion-discount;S02-0520:ability:active:e4e320d416a9c103:presentation:segment:active-s02-0520-forgereadyonkill:forge-ready-after-kill	S02-0520:ability:active:e4e320d416a9c103:presentation:segment:active-s02-0520-forgepromotiondiscount:forge-promotion-discount#1/1;S02-0520:ability:active:e4e320d416a9c103:presentation:segment:active-s02-0520-forgereadyonkill:forge-ready-after-kill#1/1			shared-rule-owner	payment
S02-0520	匠神锻造炉	artifact	S02-0520:ability:mode-promotion-discount:98eb71c68928c091	mode-promotion-discount	granted-effect	trigger.observe;operation.set-state;duration.apply;legacy.resolve	S02-0520:ability:mode-promotion-discount:98eb71c68928c091:presentation:mode-promotion-discount				shared-rule-owner	continuous-or-duration
S02-0520	匠神锻造炉	artifact	S02-0520:ability:mode-ready-after-kill:927badbb354c7607	mode-ready-after-kill	granted-effect	trigger.observe;selection.target;operation.set-state;duration.apply;legacy.resolve	S02-0520:ability:mode-ready-after-kill:927badbb354c7607:presentation:mode-ready-after-kill				shared-rule-owner	target;continuous-or-duration
S02-0521	荣耀之路	tactic	S02-0521:ability:play:4ae24413479102d1	play	spell-resolution	trigger.observe;selection.target;special.domain;legacy.resolve	S02-0521:ability:play:4ae24413479102d1:presentation:play;S02-0521:ability:play:4ae24413479102d1:presentation:segment:s02-0521:glory-flip;S02-0521:ability:play:4ae24413479102d1:presentation:segment:s02-0521:glory-search:branch-bd9457648073	S02-0521:ability:play:4ae24413479102d1:presentation:segment:s02-0521:glory-flip#1/2;S02-0521:ability:play:4ae24413479102d1:presentation:segment:s02-0521:glory-search:branch-bd9457648073#2/2			shared-rule-owner	target;multi-segment-or-branch
S02-0521	荣耀之路	tactic	S02-0521:ability:play-additional:2b5a094468a81a7a	play-additional	additional-resolution	trigger.observe;control.optional;special.domain;selection.target;visibility.policy;operation.move-zone;operation.shuffle;legacy.resolve	S02-0521:ability:play-additional:2b5a094468a81a7a:presentation:play-additional;S02-0521:ability:play-additional:2b5a094468a81a7a:presentation:search-hit				shared-rule-owner	payment;target;zone-or-movement
S02-0522	倪克斯的陨星	tactic	S02-0522:ability:play:a09dadaebc5e13de	play	spell-resolution	trigger.observe;selection.target;operation.modify-troops;duration.apply;legacy.resolve	S02-0522:ability:play:a09dadaebc5e13de:presentation:play;S02-0522:ability:play:a09dadaebc5e13de:presentation:segment:s02-0522:nyx-primary;S02-0522:ability:play:a09dadaebc5e13de:presentation:segment:s02-0522:nyx-secondary:branch-a18d0d58ae26	S02-0522:ability:play:a09dadaebc5e13de:presentation:segment:s02-0522:nyx-primary#1/2;S02-0522:ability:play:a09dadaebc5e13de:presentation:segment:s02-0522:nyx-secondary:branch-a18d0d58ae26#2/2			shared-rule-owner	target;multi-segment-or-branch;continuous-or-duration
S02-0522	倪克斯的陨星	tactic	S02-0522:ability:play-additional:49fb773d1512e5b3	play-additional	additional-resolution	trigger.observe;control.optional;special.domain;selection.target;operation.modify-troops;duration.apply;legacy.resolve	S02-0522:ability:play-additional:49fb773d1512e5b3:presentation:play-additional				shared-rule-owner	payment;target;continuous-or-duration
S02-0523	特洛伊木马	tactic	S02-0523:ability:after-opponent-attack:5bff9b891b7b1cba	after-opponent-attack	reaction	trigger.observe;condition.expression;control.optional;selection.target;operation.move-zone;duration.apply;operation.draw;legacy.resolve	S02-0523:ability:after-opponent-attack:5bff9b891b7b1cba:presentation:after-opponent-attack;S02-0523:ability:after-opponent-attack:5bff9b891b7b1cba:presentation:segment:trigger-s02-0523-trojan-after-attack:trojan-place;S02-0523:ability:after-opponent-attack:5bff9b891b7b1cba:presentation:segment:trigger-s02-0523-trojan-expiry:trojan-expiry-discard;S02-0523:ability:after-opponent-attack:5bff9b891b7b1cba:presentation:segment:trigger-s02-0523-trojan-expiry:trojan-expiry-draw	S02-0523:ability:after-opponent-attack:5bff9b891b7b1cba:presentation:segment:trigger-s02-0523-trojan-after-attack:trojan-place#1/1;S02-0523:ability:after-opponent-attack:5bff9b891b7b1cba:presentation:segment:trigger-s02-0523-trojan-expiry:trojan-expiry-discard#1/2;S02-0523:ability:after-opponent-attack:5bff9b891b7b1cba:presentation:segment:trigger-s02-0523-trojan-expiry:trojan-expiry-draw#2/2			shared-rule-owner	target;response;multi-segment-or-branch;zone-or-movement;continuous-or-duration
S02-0523	特洛伊木马	tactic	S02-0523:ability:static:05da64c53e8a7606	static	continuous	trigger.observe;condition.expression;operation.modify-troops;duration.apply;legacy.resolve					shared-rule-owner	continuous-or-duration
S02-05C1	士气·奥林匹斯	rune	S02-05C1:ability:active:1ae9b19504eac93a	active	activated	trigger.observe;condition.expression;control.optional;cost.pay-morale;selection.target;special.domain;duration.apply;legacy.resolve	S02-05C1:ability:active:1ae9b19504eac93a:presentation:active	S02-05C1:ability:active:1ae9b19504eac93a:presentation:active#1/1			shared-rule-owner	payment;target;continuous-or-duration
S02-05C1	士气·奥林匹斯	rune	S02-05C1:ability:static:5879d4c3fe97b3cf	static	continuous	trigger.observe;operation.set-state;duration.apply;legacy.resolve					shared-rule-owner	continuous-or-duration
S02-05C1	士气·奥林匹斯	rune	S02-05C1:ability:active:5dec5c18aaf62a03	active	activated	trigger.observe;condition.expression;control.optional;special.domain;operation.draw;duration.apply;legacy.resolve	S02-05C1:ability:active:5dec5c18aaf62a03:presentation:active	S02-05C1:ability:active:5dec5c18aaf62a03:presentation:active#1/1			shared-rule-owner	payment;zone-or-movement;continuous-or-duration
S02-05C1A	士气·奥林匹斯	rune	S02-05C1A:ability:active:1ae9b19504eac93a	active	activated	trigger.observe;condition.expression;control.optional;cost.pay-morale;selection.target;special.domain;duration.apply;legacy.resolve	S02-05C1A:ability:active:1ae9b19504eac93a:presentation:active	S02-05C1A:ability:active:1ae9b19504eac93a:presentation:active#1/1			shared-rule-owner	payment;target;continuous-or-duration
S02-05C1A	士气·奥林匹斯	rune	S02-05C1A:ability:static:5879d4c3fe97b3cf	static	continuous	trigger.observe;operation.set-state;duration.apply;legacy.resolve					shared-rule-owner	continuous-or-duration
S02-05C1A	士气·奥林匹斯	rune	S02-05C1A:ability:active:5dec5c18aaf62a03	active	activated	trigger.observe;condition.expression;control.optional;special.domain;operation.draw;duration.apply;legacy.resolve	S02-05C1A:ability:active:5dec5c18aaf62a03:presentation:active	S02-05C1A:ability:active:5dec5c18aaf62a03:presentation:active#1/1			shared-rule-owner	payment;zone-or-movement;continuous-or-duration
S02-05D1	奥林匹斯 诸神巅	divinity	S02-05D1:ability:active:519ab3c1379a9256	active	activated	trigger.observe;condition.expression;control.optional;selection.target;special.domain;duration.apply;legacy.resolve	S02-05D1:ability:active:519ab3c1379a9256:presentation:active	S02-05D1:ability:active:519ab3c1379a9256:presentation:active#1/1			shared-rule-owner	target;continuous-or-duration
S02-05D1	奥林匹斯 诸神巅	divinity	S02-05D1:ability:active:1e9195c93dff4ee9	active	activated	trigger.observe;condition.expression;control.optional;special.domain;selection.mode;duration.apply;legacy.resolve	S02-05D1:ability:active:1e9195c93dff4ee9:presentation:active;S02-05D1:ability:active:1e9195c93dff4ee9:presentation:segment:active-s02-05d1-divinityrecover:divinity-recover;S02-05D1:ability:active:1e9195c93dff4ee9:presentation:segment:active-s02-05d1-divinityrecover:divinity-entry:branch-ec5a783201ab;S02-05D1:ability:active:1e9195c93dff4ee9:presentation:segment:active-s02-05d1-divinityrecover:divinity-entry:branch-7b5e745c915c;S02-05D1:ability:active:1e9195c93dff4ee9:presentation:branch:divinity-power:a0d710a54ef3	S02-05D1:ability:active:1e9195c93dff4ee9:presentation:segment:active-s02-05d1-divinityrecover:divinity-recover#1/2;S02-05D1:ability:active:1e9195c93dff4ee9:presentation:segment:active-s02-05d1-divinityrecover:divinity-entry:branch-ec5a783201ab#2/2;S02-05D1:ability:active:1e9195c93dff4ee9:presentation:segment:active-s02-05d1-divinityrecover:divinity-entry:branch-7b5e745c915c#2/2			shared-rule-owner	payment;multi-segment-or-branch;continuous-or-duration
S02-05D1	奥林匹斯 诸神巅	divinity	S02-05D1:ability:active:f160e84288ecb28c	active	activated	trigger.observe;condition.expression;cost.rest-source;operation.set-state;duration.apply;legacy.resolve	S02-05D1:ability:active:f160e84288ecb28c:presentation:active	S02-05D1:ability:active:f160e84288ecb28c:presentation:active#1/1			shared-rule-owner	payment;continuous-or-duration
S02-05D1	奥林匹斯 诸神巅	divinity	S02-05D1:ability:setup:281db2829152b981	setup	triggered	trigger.observe;operation.add-morale;legacy.resolve	S02-05D1:ability:setup:281db2829152b981:presentation:setup				shared-rule-owner	other
S02-05M1	阿尔忒弥斯	master	S02-05M1:ability:friendly-ranged-death:049d5f20b59f5888	friendly-ranged-death	triggered	trigger.observe;control.optional;selection.target;operation.flip-morale	S02-05M1:ability:friendly-ranged-death:049d5f20b59f5888:presentation:friendly-ranged-death	S02-05M1:ability:friendly-ranged-death:049d5f20b59f5888:presentation:friendly-ranged-death#1/1		S02-05M1:friendly-ranged-death:c5646ca4c932	shared-rule-owner	target
S02-05M1	阿尔忒弥斯	master	S02-05M1:ability:active:6fe03f6c35407ac7	active	activated	trigger.observe;condition.expression;selection.mode;selection.target;duration.apply;legacy.resolve	S02-05M1:ability:active:6fe03f6c35407ac7:presentation:active;S02-05M1:ability:active:6fe03f6c35407ac7:presentation:segment:active-s02-05m1-artemisbuff:artemis-grant:branch-ff221d389d0b;S02-05M1:ability:active:6fe03f6c35407ac7:presentation:segment:active-s02-05m1-artemisbuff:artemis-grant:branch-61d18c4afcbb	S02-05M1:ability:active:6fe03f6c35407ac7:presentation:segment:active-s02-05m1-artemisbuff:artemis-grant:branch-ff221d389d0b#1/1;S02-05M1:ability:active:6fe03f6c35407ac7:presentation:segment:active-s02-05m1-artemisbuff:artemis-grant:branch-61d18c4afcbb#1/1			shared-rule-owner	payment;target;continuous-or-duration
S02-05M1	阿尔忒弥斯	master	S02-05M1:ability:keyword-definition:995c52041c470ca4	keyword-definition	keyword-definition	trigger.observe;operation.keyword;legacy.resolve	S02-05M1:ability:keyword-definition:995c52041c470ca4:presentation:keyword-definition				shared-rule-owner	other
S02-05M1	阿尔忒弥斯	master	S02-05M1:ability:keyword-definition:41657ed47ef085ae	keyword-definition	keyword-definition	trigger.observe;operation.keyword;duration.apply;legacy.resolve	S02-05M1:ability:keyword-definition:41657ed47ef085ae:presentation:keyword-definition				shared-rule-owner	continuous-or-duration
S02-05M2	普罗米修斯	master	S02-05M2:ability:active:e4b2c63a32960f8e	active	activated	trigger.observe;condition.expression;special.domain;selection.target;visibility.policy;operation.move-zone;selection.mode;duration.apply;legacy.resolve	S02-05M2:ability:active:e4b2c63a32960f8e:presentation:active;S02-05M2:ability:active:e4b2c63a32960f8e:presentation:search-hit;S02-05M2:ability:active:e4b2c63a32960f8e:presentation:segment:active-s02-05m2-prometheustopthree:prometheus-top-three	S02-05M2:ability:active:e4b2c63a32960f8e:presentation:segment:active-s02-05m2-prometheustopthree:prometheus-top-three#1/1			shared-rule-owner	payment;target;zone-or-movement;continuous-or-duration
S02-0601	亚瑟王	legion	S02-0601:ability:enter:d85ecd5fb722d62d	enter	triggered	trigger.observe;control.optional;special.domain;operation.move-zone;operation.composite-flow	S02-0601:ability:enter:d85ecd5fb722d62d:presentation:enter			S02-0601:enter:composite	composite-definition	payment;multi-segment-or-branch;zone-or-movement
S02-0601	亚瑟王	legion	S02-0601:ability:death:85656f23e734439d	death	triggered	trigger.observe;control.optional;operation.move-zone;operation.composite-flow	S02-0601:ability:death:85656f23e734439d:presentation:death	S02-0601:ability:death:85656f23e734439d:presentation:death#1/1		S02-0601:death:composite	composite-definition	multi-segment-or-branch;zone-or-movement
S02-0602	兰斯洛特	legion	S02-0602:ability:enter:1ec4fb001f87c88e	enter	triggered	trigger.observe;control.optional;special.domain;operation.set-state;operation.composite-flow	S02-0602:ability:enter:1ec4fb001f87c88e:presentation:enter;S02-0602:ability:enter:1ec4fb001f87c88e:presentation:branch:trial-advance-lancelot-entry:ee6e30c47bae			S02-0602:enter:composite	shared-rule-owner	payment;multi-segment-or-branch
S02-0602	兰斯洛特	legion	S02-0602:ability:keyword-definition:beff9037e2c10a9d	keyword-definition	granted-continuous	trigger.observe;control.optional;operation.keyword;legacy.resolve					shared-rule-owner	continuous-or-duration
S02-0602	兰斯洛特	legion	S02-0602:ability:after-kill:e290e1e434e45531	after-kill	triggered	trigger.observe;control.optional;selection.mode;selection.target;legacy.resolve	S02-0602:ability:after-kill:e290e1e434e45531:presentation:after-kill				shared-rule-owner	target
S02-0602	兰斯洛特	legion	S02-0602:ability:granted:7a7545729484412a	granted	granted-effect	trigger.observe;operation.advance-trial;legacy.resolve	S02-0602:ability:granted:7a7545729484412a:presentation:granted;S02-0602:ability:granted:7a7545729484412a:presentation:branch:trial-advance-lancelot-kill:2396ec69eee9				shared-rule-owner	disaster-or-trial
S02-0602	兰斯洛特	legion	S02-0602:ability:granted:6235a3f3a12afdbb	granted	granted-effect	trigger.observe;operation.gain-rune;legacy.resolve	S02-0602:ability:granted:6235a3f3a12afdbb:presentation:granted;S02-0602:ability:granted:6235a3f3a12afdbb:presentation:branch:trial-advance-lancelot-kill:a7c3fefe635d				shared-rule-owner	other
S02-0603	梅林	legion	S02-0603:ability:continuous:5e0d666ac6a386ba	continuous	continuous	trigger.observe;operation.attack-rule;legacy.resolve					shared-rule-owner	continuous-or-duration
S02-0603	梅林	legion	S02-0603:ability:enter:36ce19fd64a5ad8a	enter	triggered	trigger.observe;operation.gain-rune	S02-0603:ability:enter:36ce19fd64a5ad8a:presentation:enter	S02-0603:ability:enter:36ce19fd64a5ad8a:presentation:enter#1/1		S02-0603:enter:bdd33b82ce22	fine-definition	other
S02-0603	梅林	legion	S02-0603:ability:active:8768d3f1fcb44728	active	activated	trigger.observe;control.optional;selection.mode;selection.target;cost.rest-source;special.domain;legacy.resolve	S02-0603:ability:active:8768d3f1fcb44728:presentation:active;S02-0603:ability:active:8768d3f1fcb44728:presentation:search-hit;S02-0603:ability:active:8768d3f1fcb44728:presentation:search-miss;S02-0603:ability:active:8768d3f1fcb44728:presentation:branch:merlin-rune:26849dd812e8;S02-0603:ability:active:8768d3f1fcb44728:presentation:branch:merlin-rune:bd9457648073				shared-rule-owner	payment;target
S02-0603	梅林	legion	S02-0603:ability:granted:8cd73702b7db90b0	granted	granted-effect	trigger.observe;selection.target;operation.modify-troops;duration.apply;legacy.resolve	S02-0603:ability:granted:8cd73702b7db90b0:presentation:granted				shared-rule-owner	target;continuous-or-duration
S02-0603	梅林	legion	S02-0603:ability:granted:ee3b46417c9fc4f7	granted	granted-effect	trigger.observe;selection.target;operation.move-zone;operation.shuffle;visibility.policy;legacy.resolve	S02-0603:ability:granted:ee3b46417c9fc4f7:presentation:granted				shared-rule-owner	target;zone-or-movement
S02-0604	加拉哈德	legion	S02-0604:ability:trial:2117897dcefd3125	trial	rule	trigger.observe;special.domain;legacy.resolve	S02-0604:ability:trial:2117897dcefd3125:presentation:trial				shared-rule-owner	disaster-or-trial
S02-0604	加拉哈德	legion	S02-0604:ability:enter:af3e70e09349d376	enter	triggered	trigger.observe;control.optional;operation.composite-flow	S02-0604:ability:enter:af3e70e09349d376:presentation:enter			S02-0604:enter:composite	composite-definition	multi-segment-or-branch
S02-0604	加拉哈德	legion	S02-0604:ability:trial-completed:9d25a05a194bedc1	trial-completed	triggered	trigger.observe;condition.expression;control.optional;cost.discard;operation.draw;operation.heal-master;legacy.resolve	S02-0604:ability:trial-completed:9d25a05a194bedc1:presentation:trial-completed;S02-0604:ability:trial-completed:9d25a05a194bedc1:presentation:branch:galahad-grail-reward:8f52edb52c0c;S02-0604:ability:trial-completed:9d25a05a194bedc1:presentation:branch:galahad-grail-reward:71cea7f1cde0				shared-rule-owner	payment;zone-or-movement;disaster-or-trial
S02-0605	鲍斯	legion	S02-0605:ability:continuous:5ff487de55c0ca1d	continuous	continuous	trigger.observe;condition.expression;special.domain;legacy.resolve					shared-rule-owner	continuous-or-duration
S02-0605	鲍斯	legion	S02-0605:ability:attack:82a5bf2622bf4d20	attack	triggered	trigger.observe;control.optional;cost.pay-morale;operation.set-state;duration.apply;legacy.resolve	S02-0605:ability:attack:82a5bf2622bf4d20:presentation:attack				shared-rule-owner	payment;continuous-or-duration
S02-0605	鲍斯	legion	S02-0605:ability:keyword-definition:60bccaeb6d982ea8	keyword-definition	granted-continuous	trigger.observe;operation.keyword;legacy.resolve					shared-rule-owner	continuous-or-duration
S02-0605	鲍斯	legion	S02-0605:ability:death:290ffa58316ea18b	death	triggered	trigger.observe;cost.discard;operation.composite-flow	S02-0605:ability:death:290ffa58316ea18b:presentation:death	S02-0605:ability:death:290ffa58316ea18b:presentation:death#1/1		S02-0605:death:91a4741dee2b	composite-definition	payment;multi-segment-or-branch
S02-0606	帕西瓦尔	legion	S02-0606:ability:trial:bb29c925c9fcdc82	trial	rule	trigger.observe;special.domain;legacy.resolve	S02-0606:ability:trial:bb29c925c9fcdc82:presentation:trial				shared-rule-owner	disaster-or-trial
S02-0606	帕西瓦尔	legion	S02-0606:ability:enter:798511dfd0a8fb7f	enter	triggered	trigger.observe;operation.gain-rune	S02-0606:ability:enter:798511dfd0a8fb7f:presentation:enter	S02-0606:ability:enter:798511dfd0a8fb7f:presentation:enter#1/1		S02-0606:enter:5fa58c50e475	fine-definition	other
S02-0606	帕西瓦尔	legion	S02-0606:ability:attack:0e67ec1e2f1885c6	attack	triggered	trigger.observe;control.optional;cost.discard;operation.modify-troops;duration.apply	S02-0606:ability:attack:0e67ec1e2f1885c6:presentation:attack	S02-0606:ability:attack:0e67ec1e2f1885c6:presentation:attack#1/1		S02-0606:attack:942d328469cd	fine-definition	payment;continuous-or-duration
S02-0606	帕西瓦尔	legion	S02-0606:ability:after-kill:7680beaaf4313595	after-kill	triggered	trigger.observe;operation.set-state;duration.apply;legacy.resolve	S02-0606:ability:after-kill:7680beaaf4313595:presentation:after-kill				shared-rule-owner	continuous-or-duration
S02-0606	帕西瓦尔	legion	S02-0606:ability:keyword-definition:672734be0285300f	keyword-definition	granted-continuous	trigger.observe;operation.keyword;legacy.resolve					shared-rule-owner	continuous-or-duration
S02-0607	高文	legion	S02-0607:ability:enter:763a91057766361c	enter	triggered	trigger.observe;operation.gain-rune	S02-0607:ability:enter:763a91057766361c:presentation:enter	S02-0607:ability:enter:763a91057766361c:presentation:enter#1/1		S02-0607:enter:d129e3d7d51b	fine-definition	other
S02-0607	高文	legion	S02-0607:ability:attack:25d5c998d14502d7	attack	triggered	trigger.observe;control.optional;special.domain;operation.modify-troops;duration.apply;operation.set-state;legacy.resolve	S02-0607:ability:attack:25d5c998d14502d7:presentation:attack				shared-rule-owner	payment;continuous-or-duration
S02-0608	狮心王理查一世	legion	S02-0608:ability:enter:7aacad3877f7fd4c	enter	triggered	trigger.observe;condition.expression;control.optional;operation.move-zone;operation.set-state;operation.advance-trial;selection.target;operation.composite-flow	S02-0608:ability:enter:7aacad3877f7fd4c:presentation:enter			S02-0608:enter:composite	composite-definition	target;multi-segment-or-branch;zone-or-movement;disaster-or-trial
S02-0608	狮心王理查一世	legion	S02-0608:ability:keyword-definition:4d1e472a814a1e0b	keyword-definition	granted-continuous	trigger.observe;operation.keyword;operation.modify-troops;duration.apply;legacy.resolve					shared-rule-owner	continuous-or-duration
S02-0608	狮心王理查一世	legion	S02-0608:ability:attack:4581df1cc635dd68	attack	triggered	trigger.observe;cost.discard;operation.set-state;legacy.resolve	S02-0608:ability:attack:4581df1cc635dd68:presentation:attack				shared-rule-owner	payment
S02-0608	狮心王理查一世	legion	S02-0608:ability:attack:0999d120e02e3c50	attack	triggered	trigger.observe;control.optional;special.domain;operation.modify-troops;duration.apply;legacy.resolve	S02-0608:ability:attack:0999d120e02e3c50:presentation:attack				shared-rule-owner	payment;continuous-or-duration
S02-0609	侍从骑士	legion	S02-0609:ability:trial:bb29c925c9fcdc82	trial	rule	trigger.observe;special.domain;legacy.resolve	S02-0609:ability:trial:bb29c925c9fcdc82:presentation:trial				shared-rule-owner	disaster-or-trial
S02-0609	侍从骑士	legion	S02-0609:ability:continuous:dc2aa603cc3d136c	continuous	continuous	trigger.observe;operation.attack-rule;legacy.resolve					shared-rule-owner	continuous-or-duration
S02-0609	侍从骑士	legion	S02-0609:ability:death:ce243cddf7b976d1	death	triggered	trigger.observe;operation.advance-trial	S02-0609:ability:death:ce243cddf7b976d1:presentation:death	S02-0609:ability:death:ce243cddf7b976d1:presentation:death#1/1		S02-0609:death:40cf0ed11f49	fine-definition	disaster-or-trial
S02-0610	芬恩	legion	S02-0610:ability:trial:bb29c925c9fcdc82	trial	rule	trigger.observe;special.domain;legacy.resolve	S02-0610:ability:trial:bb29c925c9fcdc82:presentation:trial				shared-rule-owner	disaster-or-trial
S02-0610	芬恩	legion	S02-0610:ability:enter:1ec0fc6825715f52	enter	triggered	trigger.observe;control.optional;operation.composite-flow	S02-0610:ability:enter:1ec0fc6825715f52:presentation:enter			S02-0610:enter:composite	composite-definition	multi-segment-or-branch
S02-0610	芬恩	legion	S02-0610:ability:after-trial:451b6d549a5c98c4	after-trial	triggered	trigger.observe;control.optional;special.domain;operation.ready;duration.apply;operation.set-state;legacy.resolve	S02-0610:ability:after-trial:451b6d549a5c98c4:presentation:after-trial;S02-0610:ability:after-trial:451b6d549a5c98c4:presentation:branch:trial-advance-finn-ready:ee6e30c47bae				shared-rule-owner	payment;continuous-or-duration
S02-0611	库丘林	legion	S02-0611:ability:continuous:5745356459e85080	continuous	continuous	trigger.observe;condition.expression;operation.set-state;legacy.resolve					shared-rule-owner	continuous-or-duration
S02-0611	库丘林	legion	S02-0611:ability:enter:0cc32f023a1b4f11	enter	triggered	trigger.observe;condition.expression;operation.set-state;legacy.resolve	S02-0611:ability:enter:0cc32f023a1b4f11:presentation:enter				shared-rule-owner	other
S02-0611	库丘林	legion	S02-0611:ability:keyword-definition:4d1e472a814a1e0b	keyword-definition	granted-continuous	trigger.observe;operation.keyword;operation.modify-troops;duration.apply;legacy.resolve					shared-rule-owner	continuous-or-duration
S02-0611	库丘林	legion	S02-0611:ability:after-kill:7680beaaf4313595	after-kill	triggered	trigger.observe;operation.set-state;duration.apply;legacy.resolve	S02-0611:ability:after-kill:7680beaaf4313595:presentation:after-kill				shared-rule-owner	continuous-or-duration
S02-0611	库丘林	legion	S02-0611:ability:keyword-definition:672734be0285300f	keyword-definition	granted-continuous	trigger.observe;operation.keyword;legacy.resolve					shared-rule-owner	continuous-or-duration
S02-0612	斯卡哈	legion	S02-0612:ability:continuous:064a0a1c5382575c	continuous	continuous	trigger.observe;condition.expression;operation.set-state;legacy.resolve					shared-rule-owner	continuous-or-duration
S02-0612	斯卡哈	legion	S02-0612:ability:enter:af81d1bed4470503	enter	triggered	trigger.observe;operation.keyword	S02-0612:ability:enter:af81d1bed4470503:presentation:enter			S02-0612:enter:1d0cd4b03e85	fine-definition	other
S02-0612	斯卡哈	legion	S02-0612:ability:keyword-definition:beff9037e2c10a9d	keyword-definition	granted-continuous	trigger.observe;control.optional;operation.keyword;legacy.resolve					shared-rule-owner	continuous-or-duration
S02-0612	斯卡哈	legion	S02-0612:ability:attack:c195f409c875e9eb	attack	triggered	trigger.observe;control.optional;special.domain;operation.attack-rule;operation.modify-troops;duration.apply;legacy.resolve	S02-0612:ability:attack:c195f409c875e9eb:presentation:attack				shared-rule-owner	payment;continuous-or-duration
S02-0613	圣女贞德	legion	S02-0613:ability:trial:bb29c925c9fcdc82	trial	rule	trigger.observe;special.domain;legacy.resolve	S02-0613:ability:trial:bb29c925c9fcdc82:presentation:trial				shared-rule-owner	disaster-or-trial
S02-0613	圣女贞德	legion	S02-0613:ability:enter:64f69e75c8f9a3da	enter	triggered	trigger.observe;condition.expression;control.optional;cost.discard;operation.attack-rule;operation.composite-flow	S02-0613:ability:enter:64f69e75c8f9a3da:presentation:enter			S02-0613:enter:composite	composite-definition	payment;multi-segment-or-branch
S02-0613	圣女贞德	legion	S02-0613:ability:death:db3d0495e90b3dbd	death	triggered	trigger.observe;operation.heal-master	S02-0613:ability:death:db3d0495e90b3dbd:presentation:death	S02-0613:ability:death:db3d0495e90b3dbd:presentation:death#1/1		S02-0613:death:4e7ffa3254d4	fine-definition	other
S02-0614	康斯坦丝	legion	S02-0614:ability:trial:bb29c925c9fcdc82	trial	rule	trigger.observe;special.domain;legacy.resolve	S02-0614:ability:trial:bb29c925c9fcdc82:presentation:trial				shared-rule-owner	disaster-or-trial
S02-0614	康斯坦丝	legion	S02-0614:ability:continuous:e9823ffd970d6ce6	continuous	continuous	trigger.observe;operation.attack-rule;legacy.resolve					shared-rule-owner	continuous-or-duration
S02-0614	康斯坦丝	legion	S02-0614:ability:enter:601eddfb8abbb8d2	enter	triggered	trigger.observe;control.optional;selection.mode;selection.target;operation.composite-flow	S02-0614:ability:enter:601eddfb8abbb8d2:presentation:enter			S02-0614:enter:composite	shared-rule-owner	target;multi-segment-or-branch
S02-0614	康斯坦丝	legion	S02-0614:ability:granted:6235a3f3a12afdbb	granted	granted-effect	trigger.observe;operation.gain-rune;legacy.resolve	S02-0614:ability:granted:6235a3f3a12afdbb:presentation:granted;S02-0614:ability:granted:6235a3f3a12afdbb:presentation:branch:trial-advance-constance-entry:a7c3fefe635d				shared-rule-owner	other
S02-0614	康斯坦丝	legion	S02-0614:ability:granted:45f31f84b8f800cd	granted	granted-effect	trigger.observe;special.domain;legacy.resolve	S02-0614:ability:granted:45f31f84b8f800cd:presentation:granted;S02-0614:ability:granted:45f31f84b8f800cd:presentation:branch:trial-advance-constance-entry:2396ec69eee9				shared-rule-owner	other
S02-0615	格温莉安	legion	S02-0615:ability:continuous:16dc08d7324d1649	continuous	continuous	trigger.observe;condition.expression;operation.modify-troops;operation.set-state;legacy.resolve					shared-rule-owner	continuous-or-duration
S02-0615	格温莉安	legion	S02-0615:ability:keyword-definition:8a4c9aff096f6526	keyword-definition	granted-continuous	trigger.observe;control.optional;selection.target;operation.keyword;legacy.resolve					shared-rule-owner	target;continuous-or-duration
S02-0615	格温莉安	legion	S02-0615:ability:death:99b745c7faa9a5c9	death	triggered	trigger.observe;control.optional;operation.draw;operation.heal-master;condition.expression;operation.composite-flow	S02-0615:ability:death:99b745c7faa9a5c9:presentation:death;S02-0615:ability:death:99b745c7faa9a5c9:presentation:branch:gwen-choice:2c4120e0dcd4;S02-0615:ability:death:99b745c7faa9a5c9:presentation:branch:gwen-choice:7ad6c1b155bc			S02-0615:death:composite	composite-definition	multi-segment-or-branch;zone-or-movement
S02-0616	阿麦金	legion	S02-0616:ability:continuous:5afe2828d587391f	continuous	continuous	trigger.observe;condition.expression;control.optional;operation.attack-rule;legacy.resolve					shared-rule-owner	continuous-or-duration
S02-0616	阿麦金	legion	S02-0616:ability:enter:d634145a7ee14bd0	enter	triggered	trigger.observe;control.optional;operation.gain-rune	S02-0616:ability:enter:d634145a7ee14bd0:presentation:enter	S02-0616:ability:enter:d634145a7ee14bd0:presentation:enter#1/1		S02-0616:enter:40ad447f240b	fine-definition	other
S02-0616	阿麦金	legion	S02-0616:ability:active:3616b237df312569	active	activated	trigger.observe;control.optional;cost.rest-source;operation.move-zone;visibility.policy;legacy.resolve	S02-0616:ability:active:3616b237df312569:presentation:active;S02-0616:ability:active:3616b237df312569:presentation:top-card;S02-0616:ability:active:3616b237df312569:presentation:segment:active-s02-0616-amakinetop:amakine-top-card:branch-d6aee89a0b99;S02-0616:ability:active:3616b237df312569:presentation:segment:active-s02-0616-amakinetop:amakine-top-card:branch-b9dfe0b8bcbf;S02-0616:ability:active:3616b237df312569:presentation:segment:active-s02-0616-amakinetop:amakine-top-card:branch-7d8ef8518afb;S02-0616:ability:active:3616b237df312569:presentation:segment:active-s02-0616-amakinetop:amakine-top-card:branch-f6bea313f6a8	S02-0616:ability:active:3616b237df312569:presentation:segment:active-s02-0616-amakinetop:amakine-top-card:branch-d6aee89a0b99#1/1;S02-0616:ability:active:3616b237df312569:presentation:segment:active-s02-0616-amakinetop:amakine-top-card:branch-b9dfe0b8bcbf#1/1;S02-0616:ability:active:3616b237df312569:presentation:segment:active-s02-0616-amakinetop:amakine-top-card:branch-7d8ef8518afb#1/1;S02-0616:ability:active:3616b237df312569:presentation:segment:active-s02-0616-amakinetop:amakine-top-card:branch-f6bea313f6a8#1/1			shared-rule-owner	payment;zone-or-movement
S02-0617	罗宾汉	legion	S02-0617:ability:trial:bb29c925c9fcdc82	trial	rule	trigger.observe;special.domain;legacy.resolve	S02-0617:ability:trial:bb29c925c9fcdc82:presentation:trial				shared-rule-owner	disaster-or-trial
S02-0617	罗宾汉	legion	S02-0617:ability:continuous:e9823ffd970d6ce6	continuous	continuous	trigger.observe;operation.attack-rule;legacy.resolve					shared-rule-owner	continuous-or-duration
S02-0617	罗宾汉	legion	S02-0617:ability:enter:9dc7c4374dc77291	enter	triggered	trigger.observe;control.optional;operation.move-zone;operation.composite-flow	S02-0617:ability:enter:9dc7c4374dc77291:presentation:enter			S02-0617:enter:composite	composite-definition	multi-segment-or-branch;zone-or-movement
S02-0617	罗宾汉	legion	S02-0617:ability:attack:c8dd6c6601a73ebb	attack	triggered	trigger.observe;control.optional;operation.draw;operation.gain-rune;legacy.resolve	S02-0617:ability:attack:c8dd6c6601a73ebb:presentation:attack				shared-rule-owner	zone-or-movement
S02-0618	伊丽莎白·都铎	legion	S02-0618:ability:trial:2117897dcefd3125	trial	rule	trigger.observe;special.domain;legacy.resolve	S02-0618:ability:trial:2117897dcefd3125:presentation:trial				shared-rule-owner	disaster-or-trial
S02-0618	伊丽莎白·都铎	legion	S02-0618:ability:continuous:e9823ffd970d6ce6	continuous	continuous	trigger.observe;operation.attack-rule;legacy.resolve					shared-rule-owner	continuous-or-duration
S02-0618	伊丽莎白·都铎	legion	S02-0618:ability:enter:fa5ffc70365a2eee	enter	triggered	trigger.observe;operation.gain-rune	S02-0618:ability:enter:fa5ffc70365a2eee:presentation:enter	S02-0618:ability:enter:fa5ffc70365a2eee:presentation:enter#1/1		S02-0618:enter:4d55e7345067	fine-definition	other
S02-0619	克劳迪娅	legion	S02-0619:ability:continuous:f0839056592c5ee2	continuous	continuous	trigger.observe;condition.expression;operation.attack-rule;legacy.resolve					shared-rule-owner	continuous-or-duration
S02-0619	克劳迪娅	legion	S02-0619:ability:enter:a2a270aacbd06520	enter	triggered	trigger.observe;control.optional;selection.target;special.domain;operation.modify-troops;duration.apply;operation.composite-flow	S02-0619:ability:enter:a2a270aacbd06520:presentation:enter			S02-0619:enter:composite	composite-definition	payment;target;multi-segment-or-branch;continuous-or-duration
S02-0620	符文之力	tactic	S02-0620:ability:play:ac4a80f231805917	play	spell	trigger.observe;operation.gain-rune;legacy.resolve	S02-0620:ability:play:ac4a80f231805917:presentation:play;S02-0620:ability:play:ac4a80f231805917:presentation:search-hit;S02-0620:ability:play:ac4a80f231805917:presentation:segment:s02-0620:rune-gain;S02-0620:ability:play:ac4a80f231805917:presentation:segment:s02-0620:rune-search-choice:branch-bd9457648073	S02-0620:ability:play:ac4a80f231805917:presentation:segment:s02-0620:rune-gain#1/2;S02-0620:ability:play:ac4a80f231805917:presentation:segment:s02-0620:rune-search-choice:branch-bd9457648073#2/2			shared-rule-owner	multi-segment-or-branch
S02-0620	符文之力	tactic	S02-0620:ability:play:c2e3d34e7ac83c86	play	spell	trigger.observe;control.optional;selection.target;cost.pay-morale;operation.move-zone;visibility.policy;legacy.resolve	S02-0620:ability:play:c2e3d34e7ac83c86:presentation:play				shared-rule-owner	payment;target;zone-or-movement
S02-0621	圆桌领域	tactic	S02-0621:ability:play:9a7d744018bd9e66	play	spell	trigger.observe;selection.target;operation.move-zone;operation.shuffle;visibility.policy;legacy.resolve	S02-0621:ability:play:9a7d744018bd9e66:presentation:play;S02-0621:ability:play:9a7d744018bd9e66:presentation:search-hit;S02-0621:ability:play:9a7d744018bd9e66:presentation:segment:s02-0621:round-table-search;S02-0621:ability:play:9a7d744018bd9e66:presentation:segment:s02-0621:round-table-buff:branch-fa2abc546114	S02-0621:ability:play:9a7d744018bd9e66:presentation:segment:s02-0621:round-table-search#1/2;S02-0621:ability:play:9a7d744018bd9e66:presentation:segment:s02-0621:round-table-buff:branch-fa2abc546114#2/2			shared-rule-owner	target;multi-segment-or-branch;zone-or-movement
S02-0621	圆桌领域	tactic	S02-0621:ability:play:ecdfaa719e9112ba	play	spell	trigger.observe;control.optional;selection.target;cost.pay-morale;operation.modify-troops;duration.apply;legacy.resolve	S02-0621:ability:play:ecdfaa719e9112ba:presentation:play				shared-rule-owner	payment;target;continuous-or-duration
S02-0622	槲寄生符咒	tactic	S02-0622:ability:hand-play:5b5e4bf8f495f21a	hand-play	cost-modifier	trigger.observe;condition.expression;control.optional;special.domain;duration.apply;legacy.resolve	S02-0622:ability:hand-play:5b5e4bf8f495f21a:presentation:hand-play				shared-rule-owner	payment;continuous-or-duration
S02-0622	槲寄生符咒	tactic	S02-0622:ability:play:d5226a525c565d25	play	spell	trigger.observe;selection.target;operation.modify-troops;duration.apply;legacy.resolve	S02-0622:ability:play:d5226a525c565d25:presentation:play				shared-rule-owner	target;continuous-or-duration
S02-06C1	士气·彼界	rune	S02-06C1:ability:static:7339369656140c39	static	continuous	trigger.observe;control.optional;cost.pay-morale;special.domain;legacy.resolve	S02-06C1:ability:static:7339369656140c39:presentation:branch:otherworld-rune-use:2396ec69eee9;S02-06C1:ability:static:7339369656140c39:presentation:branch:otherworld-rune-use:7ad6c1b155bc				shared-rule-owner	payment;continuous-or-duration
S02-06D1	彼界 阿瓦隆	divinity	S02-06D1:ability:static:b173428fa383ae26	static	continuous	trigger.observe;control.optional;special.domain;legacy.resolve					shared-rule-owner	continuous-or-duration
S02-06D1	彼界 阿瓦隆	divinity	S02-06D1:ability:turn-start:97dca04b36fe51bf	turn-start	triggered	trigger.observe;special.domain;legacy.resolve	S02-06D1:ability:turn-start:97dca04b36fe51bf:presentation:turn-start;S02-06D1:ability:turn-start:97dca04b36fe51bf:presentation:branch:trial-advance-avalon:e41c7c05b6e1				shared-rule-owner	other
S02-06D1	彼界 阿瓦隆	divinity	S02-06D1:ability:static:65b6607da57e5096	static	continuous	trigger.observe;control.optional;selection.target;special.domain;operation.move-zone;duration.apply;legacy.resolve					shared-rule-owner	payment;target;zone-or-movement;continuous-or-duration
S02-06D1	彼界 阿瓦隆	divinity	S02-06D1:ability:active:30a9d18991dc8481	active	activated	trigger.observe;selection.target;cost.rest-source;operation.modify-troops;duration.apply	S02-06D1:ability:active:30a9d18991dc8481:presentation:active	S02-06D1:ability:active:30a9d18991dc8481:presentation:active#1/1			shared-rule-owner	payment;target;continuous-or-duration
S02-06D1	彼界 阿瓦隆	divinity	S02-06D1:ability:setup:281db2829152b981	setup	triggered	trigger.observe;operation.add-morale;legacy.resolve	S02-06D1:ability:setup:281db2829152b981:presentation:setup				shared-rule-owner	other
S02-06M1	莫瑞甘	master	S02-06M1:ability:morrigan-enemy-death:4d2e3aed72292122	morrigan-enemy-death	triggered	trigger.observe;control.optional;operation.gain-rune	S02-06M1:ability:morrigan-enemy-death:4d2e3aed72292122:presentation:morrigan-enemy-death	S02-06M1:ability:morrigan-enemy-death:4d2e3aed72292122:presentation:morrigan-enemy-death#1/1		S02-06M1:morrigan-enemy-death:10bee400fe98	fine-definition	other
S02-06M1	莫瑞甘	master	S02-06M1:ability:active:08922e53e852b78f	active	activated	trigger.observe;control.optional;selection.target;special.domain;operation.ready;duration.apply;legacy.resolve	S02-06M1:ability:active:08922e53e852b78f:presentation:active;S02-06M1:ability:active:08922e53e852b78f:presentation:segment:active-s02-06m1-morriganreadyonkill:morrigan-ready-after-kill	S02-06M1:ability:active:08922e53e852b78f:presentation:segment:active-s02-06m1-morriganreadyonkill:morrigan-ready-after-kill#1/1			shared-rule-owner	payment;target;continuous-or-duration
S02-06M2	安格斯·麦·奥格	master	S02-06M2:ability:rule:f86cd3914a10b001	rule	rule	trigger.observe;control.optional;special.domain;legacy.resolve	S02-06M2:ability:rule:f86cd3914a10b001:presentation:rule				shared-rule-owner	other
S02-06M2	安格斯·麦·奥格	master	S02-06M2:ability:trial-advance:2004cb55b3358ee5	trial-advance	triggered	trigger.observe;control.optional;operation.gain-rune	S02-06M2:ability:trial-advance:2004cb55b3358ee5:presentation:trial-advance	S02-06M2:ability:trial-advance:2004cb55b3358ee5:presentation:trial-advance#1/1		S02-06M2:trial-advance:a7a1ee913a94	fine-definition	other
S02-06M2	安格斯·麦·奥格	master	S02-06M2:ability:tactic-effect-resolved:e802cc6dcf73fe92	tactic-effect-resolved	triggered	trigger.observe;operation.advance-trial;duration.apply;legacy.resolve	S02-06M2:ability:tactic-effect-resolved:e802cc6dcf73fe92:presentation:tactic-effect-resolved				shared-rule-owner	continuous-or-duration;disaster-or-trial
S02-06S1	符文	token	S02-06S1:ability:static:75769d93e0ca669f	static	continuous	trigger.observe;control.optional;condition.expression;selection.target;selection.mode;special.domain;operation.draw;legacy.resolve					shared-rule-owner	payment;target;zone-or-movement;continuous-or-duration
S02-06S2	王者之剑	token	S02-06S2:ability:static:0f86ac377c8c63ee	static	continuous	trigger.observe;condition.expression;operation.modify-troops;operation.keyword					shared-rule-owner	continuous-or-duration
S02-06S3	湖中仙女的馈赠	trial	S02-06S3:ability:static:3616e3ca17ffd729	static	continuous	trigger.observe;control.optional;operation.move-zone;duration.apply;special.domain;legacy.resolve					shared-rule-owner	zone-or-movement;continuous-or-duration;disaster-or-trial
S02-06S3	湖中仙女的馈赠	trial	S02-06S3:ability:static:f7e019a543066afd	static	continuous	trigger.observe;special.domain;legacy.resolve					shared-rule-owner	continuous-or-duration;disaster-or-trial
S02-06S3	湖中仙女的馈赠	trial	S02-06S3:ability:death:84330d935c195208	death	triggered	trigger.observe;special.domain;legacy.resolve	S02-06S3:ability:death:84330d935c195208:presentation:death				shared-rule-owner	payment;disaster-or-trial
S02-06S4	寻找圣杯之旅	trial	S02-06S4:ability:trial-complete:f95fed6f3ff0efc0	trial-complete	triggered	trigger.observe;control.optional;selection.target;operation.move-zone;operation.shuffle;visibility.policy;legacy.resolve	S02-06S4:ability:trial-complete:f95fed6f3ff0efc0:presentation:trial-complete;S02-06S4:ability:trial-complete:f95fed6f3ff0efc0:presentation:search-hit				shared-rule-owner	target;zone-or-movement;disaster-or-trial
S02-06S4	寻找圣杯之旅	trial	S02-06S4:ability:friendly-round-table-enter:7dd7597016b45f25	friendly-round-table-enter	triggered	trigger.observe;control.optional;operation.gain-rune	S02-06S4:ability:friendly-round-table-enter:7dd7597016b45f25:presentation:friendly-round-table-enter	S02-06S4:ability:friendly-round-table-enter:7dd7597016b45f25:presentation:friendly-round-table-enter#1/1		S02-06S4:friendly-round-table-enter:2f2572564d0c	fine-definition	disaster-or-trial
S02-06S5	芬尼亚传奇	trial	S02-06S5:ability:static:1e799825eedf3331	static	continuous	trigger.observe;control.optional;selection.target;special.domain;operation.modify-troops;duration.apply;legacy.resolve					shared-rule-owner	payment;target;continuous-or-duration;disaster-or-trial
S02-06S5	芬尼亚传奇	trial	S02-06S5:ability:static:5444a7c87e0351bd	static	continuous	trigger.observe;control.optional;condition.expression;special.domain;operation.ready;legacy.resolve					shared-rule-owner	payment;continuous-or-duration;disaster-or-trial
S02-06S6	十字军东征	trial	S02-06S6:ability:after-attack:54e87bc748d2e1f9	after-attack	triggered	trigger.observe;control.optional;condition.expression;selection.target;selection.mode;cost.discard;operation.move-zone;operation.attack-rule;duration.apply;special.domain;legacy.resolve	S02-06S6:ability:after-attack:54e87bc748d2e1f9:presentation:after-attack				shared-rule-owner	payment;target;zone-or-movement;continuous-or-duration;disaster-or-trial
S02-DS01	天地异变	destruction	S02-DS01:ability:static:31558cb4f3e2c3da	static	continuous	trigger.observe;condition.expression;special.domain;legacy.resolve					shared-rule-owner	continuous-or-duration;disaster-or-trial
S02-DS02	迷雾绝境	destruction	S02-DS02:ability:disaster:04079feaac3ff5d0	disaster	triggered	trigger.observe;condition.expression;cost.discard;special.domain;operation.composite-flow	S02-DS02:ability:disaster:04079feaac3ff5d0:presentation:disaster			S02-DS02:disaster:composite	composite-definition	payment;multi-segment-or-branch;disaster-or-trial
S02-DS02	迷雾绝境	destruction	S02-DS02:ability:static:01aeea1f7fc7e317	static	continuous	trigger.observe;control.optional;condition.expression;operation.ready;special.domain;legacy.resolve					shared-rule-owner	continuous-or-duration;disaster-or-trial
S02-DS03	无眠之夜	destruction	S02-DS03:ability:disaster:a8ef93cfb61d4218	disaster	triggered	trigger.observe;selection.target;operation.move-zone;operation.composite-flow	S02-DS03:ability:disaster:a8ef93cfb61d4218:presentation:disaster			S02-DS03:disaster:composite	composite-definition	target;multi-segment-or-branch;zone-or-movement;disaster-or-trial
S02-DS03	无眠之夜	destruction	S02-DS03:ability:continuous:fed4f60f2af1523c	continuous	continuous	trigger.observe;condition.expression;operation.damage-master;duration.apply;legacy.resolve					shared-rule-owner	continuous-or-duration;disaster-or-trial
S02-DS04	风暴乱象	destruction	S02-DS04:ability:disaster:c7799b543e0bb0eb	disaster	triggered	trigger.observe;operation.move;special.domain;operation.composite-flow	S02-DS04:ability:disaster:c7799b543e0bb0eb:presentation:disaster			S02-DS04:disaster:composite	composite-definition	multi-segment-or-branch;zone-or-movement;disaster-or-trial
S02-DS04	风暴乱象	destruction	S02-DS04:ability:static:00575cc9fcb1aaaa	static	continuous	trigger.observe;operation.attack-rule;special.domain;legacy.resolve					shared-rule-owner	continuous-or-duration;disaster-or-trial
S02-DS05	暴怒之罪	destruction	S02-DS05:ability:disaster:7c72353dac1c7dd1	disaster	triggered	trigger.observe;operation.damage-master	S02-DS05:ability:disaster:7c72353dac1c7dd1:presentation:disaster			S02-DS05:disaster:9b480c179ec3	fine-definition	disaster-or-trial
S02-DS05	暴怒之罪	destruction	S02-DS05:ability:static:335d304b639c5d3f	static	continuous	trigger.observe;special.domain;legacy.resolve					shared-rule-owner	continuous-or-duration;disaster-or-trial
S02-DS05	暴怒之罪	destruction	S02-DS05:ability:attack:4326fa5eef9e6e3a	attack	triggered	trigger.observe;selection.target;operation.attack-rule;special.domain;legacy.resolve	S02-DS05:ability:attack:4326fa5eef9e6e3a:presentation:attack				shared-rule-owner	target;disaster-or-trial
S02-DS06	傲慢之罪	destruction	S02-DS06:ability:disaster:7d81bfd73e044cc2	disaster	triggered	trigger.observe;condition.expression;selection.target;selection.mode;cost.discard;special.domain;operation.composite-flow	S02-DS06:ability:disaster:7d81bfd73e044cc2:presentation:disaster			S02-DS06:disaster:composite	composite-definition	payment;target;multi-segment-or-branch;disaster-or-trial
S02-DS06	傲慢之罪	destruction	S02-DS06:ability:static:c1632b7b22b87c4f	static	continuous	trigger.observe;condition.expression;cost.pay-morale;operation.move-zone;special.domain;legacy.resolve					shared-rule-owner	payment;zone-or-movement;continuous-or-duration;disaster-or-trial
ST-DS01	怒触不周山	destruction	ST-DS01:ability:disaster:0c65265cbaf95168	disaster	triggered	trigger.observe;condition.expression;operation.move-zone;legacy.resolve	ST-DS01:ability:disaster:0c65265cbaf95168:presentation:disaster				shared-rule-owner	zone-or-movement;disaster-or-trial
ST-DS02	色欲之罪	destruction	ST-DS02:ability:continuous:88bf24739956a581	continuous	continuous	trigger.observe;condition.expression;operation.modify-troops;cost.discard;operation.composite-flow				ST-DS02:continuous:67feb59b560c	composite-definition	payment;multi-segment-or-branch;continuous-or-duration;disaster-or-trial
ST-DS03	邪眼末日	destruction	ST-DS03:ability:disaster:e661737a9a1faebe	disaster	triggered	trigger.observe;selection.target;cost.discard;legacy.resolve	ST-DS03:ability:disaster:e661737a9a1faebe:presentation:disaster				shared-rule-owner	payment;target;disaster-or-trial
ST01-01	赵云	legion	ST01-01:ability:active:69626894e55e27e5	active	rule-action	trigger.observe;operation.move	ST01-01:ability:active:69626894e55e27e5:presentation:rule-action-cavalry-move				shared-rule-owner	zone-or-movement
ST01-01	赵云	legion	ST01-01:ability:enter:c162f6022d363e83	enter	triggered	trigger.observe;control.optional;cost.return-morale;operation.keyword;operation.composite-flow	ST01-01:ability:enter:c162f6022d363e83:presentation:enter			ST01-01:enter:3249bf6535ae	composite-definition	payment;multi-segment-or-branch
ST01-01	赵云	legion	ST01-01:ability:granted:c502e9ac1489cd1a	granted	granted-effect	trigger.observe;operation.keyword;legacy.resolve	ST01-01:ability:granted:c502e9ac1489cd1a:presentation:granted				shared-rule-owner	other
ST01-01	赵云	legion	ST01-01:ability:after-attack:961ff51902cf99a2	after-attack	triggered	trigger.observe;condition.expression;control.optional;cost.return-morale;operation.keyword;operation.composite-flow	ST01-01:ability:after-attack:961ff51902cf99a2:presentation:after-attack			ST01-01:after-attack:1b07b3f9dc74	composite-definition	payment;multi-segment-or-branch
ST01-01	赵云	legion	ST01-01:ability:granted:6ec4b634ed12b206	granted	granted-effect	trigger.observe;operation.keyword;legacy.resolve	ST01-01:ability:granted:6ec4b634ed12b206:presentation:granted				shared-rule-owner	other
ST01-02	武松	legion	ST01-02:ability:after-attack:d9cbc9c8569f7ebb	after-attack	triggered	trigger.observe;condition.expression;control.optional;operation.add-morale	ST01-02:ability:after-attack:d9cbc9c8569f7ebb:presentation:after-attack			ST01-02:after-attack:353e09aa9c2b	fine-definition	other
ST01-03	萧何	legion	ST01-03:ability:enter:57c1a5eb3e176ab8	enter	triggered	trigger.observe;control.optional;selection.target;cost.return-morale;operation.move-zone;operation.composite-flow	ST01-03:ability:enter:57c1a5eb3e176ab8:presentation:enter			ST01-03:enter:855d3312b853	composite-definition	payment;target;multi-segment-or-branch;zone-or-movement
ST01-04	程咬金	legion	ST01-04:ability:static:af427a4637e1c138	static	continuous	trigger.observe;condition.expression;operation.keyword;duration.apply;legacy.resolve					shared-rule-owner	continuous-or-duration
ST01-04	程咬金	legion	ST01-04:ability:keyword-definition:c24a6b9d8de8435a	keyword-definition	keyword-definition	trigger.observe;operation.keyword;legacy.resolve	ST01-04:ability:keyword-definition:c24a6b9d8de8435a:presentation:keyword-definition				shared-rule-owner	other
ST01-06	刘季	legion	ST01-06:ability:enter:bc1179905ede188d	enter	triggered	trigger.observe;operation.set-state	ST01-06:ability:enter:bc1179905ede188d:presentation:enter			ST01-06:enter:ff83301c119b	fine-definition	other
ST01-07	诸葛连弩兵	legion	ST01-07:ability:after-attack:ab9f41e30020180d	after-attack	triggered	trigger.observe;control.optional;cost.return-morale;operation.ready;operation.composite-flow	ST01-07:ability:after-attack:ab9f41e30020180d:presentation:after-attack			ST01-07:after-attack:b6d83e8278e8	composite-definition	payment;multi-segment-or-branch
ST01-07	诸葛连弩兵	legion	ST01-07:ability:static:e3471cd2a7042e59	static	continuous	trigger.observe;operation.attack-rule;duration.apply;legacy.resolve					shared-rule-owner	continuous-or-duration
ST01-08	聂隐娘	legion	ST01-08:ability:enter:689604b5d4407771	enter	triggered	trigger.observe;operation.set-state	ST01-08:ability:enter:689604b5d4407771:presentation:enter			ST01-08:enter:8528c5482280	fine-definition	other
ST01-08	聂隐娘	legion	ST01-08:ability:static:9ba2f4f5354a2a05	static	continuous	trigger.observe;condition.expression;operation.attack-rule;duration.apply;legacy.resolve					shared-rule-owner	continuous-or-duration
ST01-09	王昭君	legion	ST01-09:ability:enter:40fa06b2cbf36d56	enter	triggered	trigger.observe;control.optional;cost.return-morale;operation.draw;operation.composite-flow	ST01-09:ability:enter:40fa06b2cbf36d56:presentation:enter			ST01-09:enter:4b08a076d66e	composite-definition	payment;multi-segment-or-branch;zone-or-movement
ST01-09	王昭君	legion	ST01-09:ability:static:e3471cd2a7042e59	static	continuous	trigger.observe;operation.attack-rule;duration.apply;legacy.resolve					shared-rule-owner	continuous-or-duration
ST01-10	暗度陈仓	tactic	ST01-10:ability:reaction:6c595d8cfc22fc59	reaction	triggered	trigger.observe;control.optional;cost.return-morale;selection.target;operation.move-zone;operation.composite-flow	ST01-10:ability:reaction:6c595d8cfc22fc59:presentation:reaction;ST01-10:ability:reaction:6c595d8cfc22fc59:presentation:segment:trigger-st01-10-reaction:hidden-pass-summon	ST01-10:ability:reaction:6c595d8cfc22fc59:presentation:segment:trigger-st01-10-reaction:hidden-pass-summon#1/1		ST01-10:reaction:236a7bc66aeb	composite-definition	payment;target;response;multi-segment-or-branch;zone-or-movement
ST01-C1	士气·天廷	rune	ST01-C1:ability:static:6907bfcf5dbbfeb4	static	continuous	trigger.observe;control.optional;cost.pay-morale;operation.add-morale;operation.ready					shared-rule-owner	payment;continuous-or-duration
ST01-C1	士气·天廷	rune	ST01-C1:ability:static:605b9aa3d8a1ed93	static	continuous	trigger.observe;control.optional;operation.add-morale;operation.rest					shared-rule-owner	continuous-or-duration
ST01-M1	嫦娥	master	ST01-M1:ability:morale-return:3488642de8b32238	morale-return	triggered	trigger.observe;control.optional;operation.add-morale;operation.composite-flow	ST01-M1:ability:morale-return:3488642de8b32238:presentation:morale-return			ST01-M1:morale-return:d8a83ff7df46	composite-definition	multi-segment-or-branch
ST02-01	胡夫	legion	ST02-01:ability:continuous:42ada4e462a2fb94	continuous	continuous	trigger.observe;operation.set-state;operation.composite-flow				ST02-01:continuous:c0a64f463c7b	shared-rule-owner	multi-segment-or-branch;continuous-or-duration
ST02-01	胡夫	legion	ST02-01:ability:enter:e216943b2cbaa027	enter	triggered	trigger.observe;control.optional;selection.target;cost.discard;operation.modify-troops;operation.composite-flow	ST02-01:ability:enter:e216943b2cbaa027:presentation:enter			ST02-01:enter:272d98116ed1	composite-definition	payment;target;multi-segment-or-branch
ST02-02	沙漠卫兵	legion	ST02-02:ability:continuous:c51a646e6338a9d1	continuous	continuous	trigger.observe;condition.expression;operation.modify-troops;operation.set-state;legacy.resolve					shared-rule-owner	continuous-or-duration
ST02-02	沙漠卫兵	legion	ST02-02:ability:keyword-definition:c24a6b9d8de8435a	keyword-definition	keyword-definition	trigger.observe;operation.keyword;legacy.resolve	ST02-02:ability:keyword-definition:c24a6b9d8de8435a:presentation:keyword-definition				shared-rule-owner	other
ST02-03	白沙瓦舞蛇人	legion	ST02-03:ability:enter:22666493c9063c6a	enter	triggered	trigger.observe;control.optional;selection.target;visibility.policy;operation.move-zone;operation.composite-flow	ST02-03:ability:enter:22666493c9063c6a:presentation:enter			ST02-03:enter:f8511793fadf	composite-definition	target;multi-segment-or-branch;zone-or-movement
ST02-04	绿洲的商人	legion	ST02-04:ability:enter:dfff4c5cd3dd45cf	enter	triggered	trigger.observe;control.optional;operation.draw	ST02-04:ability:enter:dfff4c5cd3dd45cf:presentation:enter			ST02-04:enter:ba69732c0650	fine-definition	zone-or-movement
ST02-05	绿洲的舞女	legion	ST02-05:ability:active:80aa98cc24ef764e	active	activated	trigger.observe;cost.rest-source;operation.modify-troops;duration.apply	ST02-05:ability:active:80aa98cc24ef764e:presentation:active	ST02-05:ability:active:80aa98cc24ef764e:presentation:active#1/1			shared-rule-owner	payment;continuous-or-duration
ST02-06	乔泽	legion	ST02-06:ability:enter:3f4098b307fbf1d6	enter	triggered	trigger.observe;control.optional;selection.target;cost.discard;operation.modify-troops;operation.composite-flow	ST02-06:ability:enter:3f4098b307fbf1d6:presentation:enter			ST02-06:enter:f16f2deadf02	composite-definition	payment;target;multi-segment-or-branch
ST02-07	陵墓防卫体	legion	ST02-07:ability:opponent-back-to-front:238947e7df03866d	opponent-back-to-front	triggered	trigger.observe;control.optional;operation.modify-troops;operation.composite-flow	ST02-07:ability:opponent-back-to-front:238947e7df03866d:presentation:opponent-back-to-front			ST02-07:opponent-back-to-front:c403e95e2da7	composite-definition	multi-segment-or-branch
ST02-08	阿肯那顿	legion	ST02-08:ability:enter:4bcd58fbf1c30cd3	enter	triggered	trigger.observe;operation.draw	ST02-08:ability:enter:4bcd58fbf1c30cd3:presentation:enter			ST02-08:enter:679a54d444bd	fine-definition	zone-or-movement
ST02-08	阿肯那顿	legion	ST02-08:ability:death:915ebb139267c275	death	triggered	trigger.observe;control.optional;selection.target;cost.discard;operation.heal-master;operation.composite-flow	ST02-08:ability:death:915ebb139267c275:presentation:death			ST02-08:death:104df987179d	composite-definition	payment;target;multi-segment-or-branch
ST02-08	阿肯那顿	legion	ST02-08:ability:static:e3471cd2a7042e59	static	continuous	trigger.observe;operation.attack-rule;duration.apply;legacy.resolve					shared-rule-owner	continuous-or-duration
ST02-10	沙漠送葬	tactic	ST02-10:ability:play:b9dffb72dd89ca59	play	triggered	trigger.observe;selection.target;operation.move-zone;operation.set-state;operation.composite-flow	ST02-10:ability:play:b9dffb72dd89ca59:presentation:play;ST02-10:ability:play:b9dffb72dd89ca59:presentation:segment:starter-tomb-guard-revive:starter-tomb-guard-revive	ST02-10:ability:play:b9dffb72dd89ca59:presentation:segment:starter-tomb-guard-revive:starter-tomb-guard-revive#1/1		ST02-10:play:338e68eb01a3	composite-definition	target;multi-segment-or-branch;zone-or-movement
ST02-C1	士气·太阳城	rune	ST02-C1:ability:static:f2b97501194b5c40	static	continuous	trigger.observe;control.optional;cost.pay-morale;operation.move-zone;operation.ready;special.domain;legacy.resolve					shared-rule-owner	payment;zone-or-movement;continuous-or-duration
ST02-C1	士气·太阳城	rune	ST02-C1:ability:static:29d1864e955f856e	static	continuous	trigger.observe;control.optional;condition.expression;cost.pay-morale;operation.draw					shared-rule-owner	payment;zone-or-movement;continuous-or-duration
ST02-M1	荷鲁斯	master	ST02-M1:ability:active:3594aeaf557df9df	active	triggered	trigger.observe;selection.mode;cost.discard;cost.pay-morale;selection.target;operation.move-zone;operation.composite-flow	ST02-M1:ability:active:3594aeaf557df9df:presentation:active;ST02-M1:ability:active:3594aeaf557df9df:presentation:segment:starter-horus-active:horus-revive	ST02-M1:ability:active:3594aeaf557df9df:presentation:segment:starter-horus-active:horus-revive#1/1		ST02-M1:active:71b75ba5c415	composite-definition	payment;target;multi-segment-or-branch;zone-or-movement
ST03-01	蛇眼西格德	legion	ST03-01:ability:entry-discount:373b8092202cdf17	entry-discount	replacement	trigger.observe;control.optional;selection.target;operation.move-zone;operation.set-state;legacy.resolve					shared-rule-owner	payment;target;zone-or-movement
ST03-01	蛇眼西格德	legion	ST03-01:ability:enter:398588321106818e	enter	triggered	trigger.observe;operation.set-state	ST03-01:ability:enter:398588321106818e:presentation:enter			ST03-01:enter:b9b6b5194b1b	fine-definition	other
ST03-02	维京狂战士	legion	ST03-02:ability:continuous:057a02a660ebfae1	continuous	continuous	trigger.observe;condition.expression;operation.set-state				ST03-02:continuous:6104e2d8a3d9	shared-rule-owner	continuous-or-duration
ST03-03	弗蕾迪斯	legion	ST03-03:ability:enter:4418313c8074f4ef	enter	triggered	trigger.observe;control.optional;selection.target;cost.discard;operation.move-zone;operation.composite-flow	ST03-03:ability:enter:4418313c8074f4ef:presentation:enter;ST03-03:ability:enter:4418313c8074f4ef:presentation:grave-hit			ST03-03:enter:0c560793b109	composite-definition	payment;target;multi-segment-or-branch;zone-or-movement
ST03-04	维京掠夺者	legion	ST03-04:ability:after-damage:6ba9889990bdac3f	after-damage	triggered	trigger.observe;operation.draw	ST03-04:ability:after-damage:6ba9889990bdac3f:presentation:after-damage			ST03-04:after-damage:d09b09c9dc99	fine-definition	zone-or-movement
ST03-05	克里斯蒂娜	legion	ST03-05:ability:static:efd7771da618f0ac	static	continuous	trigger.observe;operation.attack-rule					shared-rule-owner	continuous-or-duration
ST03-05	克里斯蒂娜	legion	ST03-05:ability:active:87d142bd0e12a218	active	activated	trigger.observe;condition.expression;cost.rest-source;duration.apply	ST03-05:ability:active:87d142bd0e12a218:presentation:active	ST03-05:ability:active:87d142bd0e12a218:presentation:active#1/1			shared-rule-owner	payment;continuous-or-duration
ST03-07	送葬者凯恩	legion	ST03-07:ability:enter:629a2d1a4ab94c1d	enter	triggered	trigger.observe;control.optional;operation.move-zone;operation.composite-flow	ST03-07:ability:enter:629a2d1a4ab94c1d:presentation:enter			ST03-07:enter:f72ec0889e85	composite-definition	multi-segment-or-branch;zone-or-movement
ST03-07	送葬者凯恩	legion	ST03-07:ability:active:0d4ebc1a2ab8b128	active	activated	trigger.observe;cost.rest-source;operation.move-zone;legacy.resolve	ST03-07:ability:active:0d4ebc1a2ab8b128:presentation:active	ST03-07:ability:active:0d4ebc1a2ab8b128:presentation:active#1/1			shared-rule-owner	payment;zone-or-movement
ST03-08	渴求死亡的勇士	legion	ST03-08:ability:continuous:7ffc6ec471452fc7	continuous	continuous	trigger.observe;operation.set-state;operation.composite-flow				ST03-08:continuous:41695eaede48	composite-definition	multi-segment-or-branch;continuous-or-duration
ST03-10	传奇的血脉	tactic	ST03-10:ability:play:9c7331d3ea2cdebb	play	triggered	trigger.observe;selection.target;operation.modify-troops;operation.composite-flow	ST03-10:ability:play:9c7331d3ea2cdebb:presentation:play;ST03-10:ability:play:9c7331d3ea2cdebb:presentation:segment:legendary-bloodline:legendary-bloodline-base;ST03-10:ability:play:9c7331d3ea2cdebb:presentation:segment:legendary-bloodline:legendary-bloodline-grave	ST03-10:ability:play:9c7331d3ea2cdebb:presentation:segment:legendary-bloodline:legendary-bloodline-base#1/2;ST03-10:ability:play:9c7331d3ea2cdebb:presentation:segment:legendary-bloodline:legendary-bloodline-grave#2/2		ST03-10:play:df779c480c6e	composite-definition	target;multi-segment-or-branch
ST03-C1	士气·阿斯加德	rune	ST03-C1:ability:static:36b1c5751cc508f9	static	continuous	trigger.observe;control.optional;condition.expression;cost.pay-morale;operation.draw					shared-rule-owner	payment;zone-or-movement;continuous-or-duration
ST03-M1	西芙	master	ST03-M1:ability:active:62825471d656acbb	active	triggered	trigger.observe;selection.target;operation.move-zone;operation.draw;operation.composite-flow	ST03-M1:ability:active:62825471d656acbb:presentation:active	ST03-M1:ability:active:62825471d656acbb:presentation:active#1/1		ST03-M1:active:4ac1b1c3598c	composite-definition	payment;target;multi-segment-or-branch;zone-or-movement
ST04-01	森可成	legion	ST04-01:ability:active:2786430f57a9abaa	active	rule-action	trigger.observe;condition.expression;operation.move;duration.apply	ST04-01:ability:active:2786430f57a9abaa:presentation:rule-action-cavalry-move				shared-rule-owner	zone-or-movement;continuous-or-duration
ST04-01	森可成	legion	ST04-01:ability:continuous:59dd263106457575	continuous	continuous	trigger.observe;condition.expression;operation.modify-troops;operation.set-state;legacy.resolve					shared-rule-owner	continuous-or-duration
ST04-01	森可成	legion	ST04-01:ability:keyword-definition:c24a6b9d8de8435a	keyword-definition	keyword-definition	trigger.observe;operation.keyword;legacy.resolve	ST04-01:ability:keyword-definition:c24a6b9d8de8435a:presentation:keyword-definition				shared-rule-owner	other
ST04-02	佐佐木小次郎	legion	ST04-02:ability:attack:4aeae02df8a46a52	attack	triggered	trigger.observe;condition.expression;operation.composite-flow	ST04-02:ability:attack:4aeae02df8a46a52:presentation:attack	ST04-02:ability:attack:4aeae02df8a46a52:presentation:attack#1/1		ST04-02:attack:226e92367ad3	fine-definition	multi-segment-or-branch
ST04-02	佐佐木小次郎	legion	ST04-02:ability:death:90cbed3b7337eee3	death	triggered	trigger.observe;control.optional;selection.target;operation.move-zone;operation.composite-flow	ST04-02:ability:death:90cbed3b7337eee3:presentation:death			ST04-02:death:42c0a5541630	composite-definition	target;multi-segment-or-branch;zone-or-movement
ST04-03	侍大将	legion	ST04-03:ability:enter:398588321106818e	enter	triggered	trigger.observe;operation.set-state	ST04-03:ability:enter:398588321106818e:presentation:enter			ST04-03:enter:b9b6b5194b1b	fine-definition	other
ST04-04	甲斐姬	legion	ST04-04:ability:enter:8fa5e48afc1906a6	enter	triggered	trigger.observe;operation.set-state;operation.composite-flow	ST04-04:ability:enter:8fa5e48afc1906a6:presentation:enter			ST04-04:enter:56f74ae8b91a	composite-definition	multi-segment-or-branch
ST04-05	近藤勇	legion	ST04-05:ability:opponent-turn-lethal:133419b5471f0097	opponent-turn-lethal	replacement	trigger.observe;cost.discard;operation.set-state;operation.composite-flow				ST04-05:opponent-turn-lethal:2597bc85def8	composite-definition	payment;multi-segment-or-branch
ST04-06	吉原的花魁	legion	ST04-06:ability:active:8f6b1b9dfc246e36	active	activated	trigger.observe;selection.target;cost.rest-source;operation.modify-troops;duration.apply	ST04-06:ability:active:8f6b1b9dfc246e36:presentation:active;ST04-06:ability:active:8f6b1b9dfc246e36:presentation:segment:starter-oiran-active:oiran-enemy-debuff;ST04-06:ability:active:8f6b1b9dfc246e36:presentation:segment:starter-oiran-active:oiran-own-buff	ST04-06:ability:active:8f6b1b9dfc246e36:presentation:segment:starter-oiran-active:oiran-enemy-debuff#1/2;ST04-06:ability:active:8f6b1b9dfc246e36:presentation:segment:starter-oiran-active:oiran-own-buff#2/2			shared-rule-owner	payment;target;multi-segment-or-branch;continuous-or-duration
ST04-07	木下藤吉郎	legion	ST04-07:ability:static:e3471cd2a7042e59	static	continuous	trigger.observe;operation.attack-rule;duration.apply;legacy.resolve					shared-rule-owner	continuous-or-duration
ST04-07	木下藤吉郎	legion	ST04-07:ability:continuous:8f395636980d57ca	continuous	continuous	trigger.observe;condition.expression;operation.keyword;legacy.resolve					shared-rule-owner	continuous-or-duration
ST04-09	野猪王	legion	ST04-09:ability:enter:c3d7bde060b4a77f	enter	triggered	trigger.observe;operation.set-state	ST04-09:ability:enter:c3d7bde060b4a77f:presentation:enter			ST04-09:enter:c4ecd4af474c	fine-definition	other
ST04-10	侵略如火	tactic	ST04-10:ability:continuous:2a1c905931cd7b32	continuous	continuous	trigger.observe;condition.expression;operation.set-state;operation.composite-flow				ST04-10:continuous:9634bc39006a	shared-rule-owner	multi-segment-or-branch;continuous-or-duration
ST04-10	侵略如火	tactic	ST04-10:ability:play:b17a4a336dbbbe35	play	triggered	trigger.observe;selection.target;operation.move-zone;operation.keyword;operation.composite-flow	ST04-10:ability:play:b17a4a336dbbbe35:presentation:play;ST04-10:ability:play:b17a4a336dbbbe35:presentation:segment:invasion-fire:invasion-fire	ST04-10:ability:play:b17a4a336dbbbe35:presentation:segment:invasion-fire:invasion-fire#1/1		ST04-10:play:91ac3f5b11ca	composite-definition	target;multi-segment-or-branch;zone-or-movement
ST04-C1	士气·高天原	rune	ST04-C1:ability:static:d9cac21fb706e3c8	static	continuous	trigger.observe;control.optional;selection.target;cost.pay-morale;operation.draw;operation.ready;operation.move					shared-rule-owner	payment;target;zone-or-movement;continuous-or-duration
ST04-M1	迦具土	master	ST04-M1:ability:legion-attack-timing:30752d1d1028362e	legion-attack-timing	triggered	trigger.observe;control.optional;selection.mode;cost.pay-morale;cost.discard;operation.modify-troops;operation.composite-flow	ST04-M1:ability:legion-attack-timing:30752d1d1028362e:presentation:legion-attack-timing;ST04-M1:ability:legion-attack-timing:30752d1d1028362e:presentation:branch:kagutsuchi-buff:8dd25b913387;ST04-M1:ability:legion-attack-timing:30752d1d1028362e:presentation:branch:kagutsuchi-buff:87f59448be7f			ST04-M1:legion-attack-timing:2b2add295ac4	composite-definition	payment;multi-segment-or-branch
ST05-01	埃涅阿斯·晋升	legion	ST05-01:ability:promotion-enter:f315c7f28cfe179a	promotion-enter	triggered	trigger.observe;control.optional;visibility.policy;selection.target;operation.move-zone;operation.shuffle;operation.composite-flow	ST05-01:ability:promotion-enter:f315c7f28cfe179a:presentation:promotion-enter;ST05-01:ability:promotion-enter:f315c7f28cfe179a:presentation:segment:starter-aeneas-promotion:aeneas-promotion-search;ST05-01:ability:promotion-enter:f315c7f28cfe179a:presentation:segment:starter-aeneas-promotion:aeneas-promotion-shuffle	ST05-01:ability:promotion-enter:f315c7f28cfe179a:presentation:segment:starter-aeneas-promotion:aeneas-promotion-search#1/2;ST05-01:ability:promotion-enter:f315c7f28cfe179a:presentation:segment:starter-aeneas-promotion:aeneas-promotion-shuffle#2/2		ST05-01:promotion-enter:82ac9df863f8	composite-definition	target;multi-segment-or-branch;zone-or-movement
ST05-03	珀涅罗珀	legion	ST05-03:ability:continuous:3119db9911c31cf3	continuous	continuous	trigger.observe;operation.attack-rule;legacy.resolve					shared-rule-owner	continuous-or-duration
ST05-03	珀涅罗珀	legion	ST05-03:ability:enter:bf56abfff5fc5e94	enter	triggered	trigger.observe;control.optional;special.domain;selection.target;operation.move-zone;operation.composite-flow	ST05-03:ability:enter:bf56abfff5fc5e94:presentation:enter			ST05-03:enter:b0844d4d0c02	composite-definition	payment;target;multi-segment-or-branch;zone-or-movement
ST05-04	美狄亚	legion	ST05-04:ability:enter:144b29e0405606a2	enter	triggered	trigger.observe;condition.expression;control.optional;operation.draw	ST05-04:ability:enter:144b29e0405606a2:presentation:enter			ST05-04:enter:64673abc1f4a	fine-definition	zone-or-movement
ST05-04	美狄亚	legion	ST05-04:ability:static:e3471cd2a7042e59	static	continuous	trigger.observe;operation.attack-rule;duration.apply;legacy.resolve					shared-rule-owner	continuous-or-duration
ST05-06	特勒马科斯	legion	ST05-06:ability:active:cc5d71f55d3a253f	active	triggered	trigger.observe;cost.rest-source;visibility.policy;selection.target;operation.move-zone;operation.composite-flow	ST05-06:ability:active:cc5d71f55d3a253f:presentation:active;ST05-06:ability:active:cc5d71f55d3a253f:presentation:search-hit;ST05-06:ability:active:cc5d71f55d3a253f:presentation:segment:active-st05-06-telemachustopthree:telemachus-top-three	ST05-06:ability:active:cc5d71f55d3a253f:presentation:segment:active-st05-06-telemachustopthree:telemachus-top-three#1/1		ST05-06:active:16312d87397d	shared-rule-owner	payment;target;multi-segment-or-branch;zone-or-movement
ST05-07	安提诺乌斯	legion	ST05-07:ability:enter:3e777b4d7b93e218	enter	triggered	trigger.observe;condition.expression;control.optional;selection.target;operation.ready	ST05-07:ability:enter:3e777b4d7b93e218:presentation:enter	ST05-07:ability:enter:3e777b4d7b93e218:presentation:enter#1/1		ST05-07:enter:c3d51ad7e54f	fine-definition	target
ST05-08	希帕蒂娅	legion	ST05-08:ability:enter:c25e438ab6938fb8	enter	triggered	trigger.observe;operation.keyword	ST05-08:ability:enter:c25e438ab6938fb8:presentation:enter			ST05-08:enter:1d0cd4b03e85	fine-definition	other
ST05-08	希帕蒂娅	legion	ST05-08:ability:static:e3471cd2a7042e59	static	continuous	trigger.observe;operation.attack-rule;duration.apply;legacy.resolve					shared-rule-owner	continuous-or-duration
ST05-09	美杜莎	legion	ST05-09:ability:attack:951ab40e312cca17	attack	triggered	trigger.observe;operation.keyword;operation.modify-troops	ST05-09:ability:attack:951ab40e312cca17:presentation:attack			ST05-09:attack:10b473fd8994	fine-definition	other
ST05-09	美杜莎	legion	ST05-09:ability:static:e3471cd2a7042e59	static	continuous	trigger.observe;operation.attack-rule;duration.apply;legacy.resolve					shared-rule-owner	continuous-or-duration
ST05-10	猎神的赐福	tactic	ST05-10:ability:play:71016c4f4c920ea2	play	triggered	trigger.observe;selection.mode;selection.target;operation.set-state;operation.composite-flow	ST05-10:ability:play:71016c4f4c920ea2:presentation:play;ST05-10:ability:play:71016c4f4c920ea2:presentation:segment:hunter-gift:hunter-gift:branch-6108921456e0;ST05-10:ability:play:71016c4f4c920ea2:presentation:segment:hunter-gift:hunter-gift:branch-0286866ebce2	ST05-10:ability:play:71016c4f4c920ea2:presentation:segment:hunter-gift:hunter-gift:branch-6108921456e0#1/1;ST05-10:ability:play:71016c4f4c920ea2:presentation:segment:hunter-gift:hunter-gift:branch-0286866ebce2#1/1		ST05-10:play:560ad4be7abc	composite-definition	target;multi-segment-or-branch
ST05-C1	士气·奥林匹斯	rune	ST05-C1:ability:static:6fe475d8923feb65	static	continuous	trigger.observe;control.optional;cost.pay-morale					shared-rule-owner	payment;continuous-or-duration
ST05-M1	雅典娜	master	ST05-M1:ability:active:b1f11ab05f68dda0	active	triggered	trigger.observe;selection.target;cost.discard;operation.modify-troops;operation.attack-rule;operation.composite-flow	ST05-M1:ability:active:b1f11ab05f68dda0:presentation:active;ST05-M1:ability:active:b1f11ab05f68dda0:presentation:segment:starter-athena-active:athena-morale-flip;ST05-M1:ability:active:b1f11ab05f68dda0:presentation:segment:starter-athena-active:athena-front-buff	ST05-M1:ability:active:b1f11ab05f68dda0:presentation:segment:starter-athena-active:athena-morale-flip#1/2;ST05-M1:ability:active:b1f11ab05f68dda0:presentation:segment:starter-athena-active:athena-front-buff#2/2		ST05-M1:active:9d644879e612	shared-rule-owner	payment;target;multi-segment-or-branch
ST06-01	伊丽莎白一世	legion	ST06-01:ability:continuous:3ced1d4d38141877	continuous	continuous	trigger.observe;condition.expression;operation.set-state;operation.composite-flow				ST06-01:continuous:9bea337d3f1a	shared-rule-owner	multi-segment-or-branch;continuous-or-duration
ST06-01	伊丽莎白一世	legion	ST06-01:ability:enter:40f50e42ba982305	enter	triggered	trigger.observe;selection.target;operation.set-state;operation.composite-flow	ST06-01:ability:enter:40f50e42ba982305:presentation:enter			ST06-01:enter:76200e66b487	composite-definition	target;multi-segment-or-branch
ST06-02	森林魁熊	legion	ST06-02:ability:continuous:c51a646e6338a9d1	continuous	continuous	trigger.observe;condition.expression;operation.modify-troops;operation.set-state;legacy.resolve					shared-rule-owner	continuous-or-duration
ST06-02	森林魁熊	legion	ST06-02:ability:keyword-definition:c24a6b9d8de8435a	keyword-definition	keyword-definition	trigger.observe;operation.keyword;legacy.resolve	ST06-02:ability:keyword-definition:c24a6b9d8de8435a:presentation:keyword-definition				shared-rule-owner	other
ST06-03	加雷斯	legion	ST06-03:ability:enter:1775bb55f896a6fc	enter	triggered	trigger.observe;control.optional;operation.gain-rune	ST06-03:ability:enter:1775bb55f896a6fc:presentation:enter	ST06-03:ability:enter:1775bb55f896a6fc:presentation:enter#1/1		ST06-03:enter:ce3d2bc7a851	fine-definition	other
ST06-03	加雷斯	legion	ST06-03:ability:after-attack:7a77bba666481ed8	after-attack	triggered	trigger.observe;condition.expression;control.optional;operation.ready;operation.modify-troops;duration.apply;operation.composite-flow	ST06-03:ability:after-attack:7a77bba666481ed8:presentation:after-attack			ST06-03:after-attack:27a59f5ff600	composite-definition	multi-segment-or-branch;continuous-or-duration
ST06-04	莫德雷德	legion	ST06-04:ability:active:719cc1c7c1084fa0	active	rule-action	trigger.observe;operation.move	ST06-04:ability:active:719cc1c7c1084fa0:presentation:rule-action-cavalry-move				shared-rule-owner	zone-or-movement
ST06-04	莫德雷德	legion	ST06-04:ability:enter:8dd378e7c1342c6e	enter	triggered	trigger.observe;selection.mode;operation.gain-rune;operation.keyword;operation.composite-flow	ST06-04:ability:enter:8dd378e7c1342c6e:presentation:enter;ST06-04:ability:enter:8dd378e7c1342c6e:presentation:branch:mordred-enter-choice:a7c3fefe635d;ST06-04:ability:enter:8dd378e7c1342c6e:presentation:branch:mordred-enter-choice:5af132c9f139			ST06-04:enter:f198cebcc424	composite-definition	multi-segment-or-branch
ST06-04	莫德雷德	legion	ST06-04:ability:death:4aff670fce04a56c	death	triggered	trigger.observe;selection.target;operation.move-zone;operation.composite-flow	ST06-04:ability:death:4aff670fce04a56c:presentation:death			ST06-04:death:17faa2c4ac6c	composite-definition	target;multi-segment-or-branch;zone-or-movement
ST06-05	栖木猎鹰	legion	ST06-05:ability:enter:f3fa11bf004dd4f4	enter	triggered	trigger.observe;control.optional;operation.draw	ST06-05:ability:enter:f3fa11bf004dd4f4:presentation:enter			ST06-05:enter:78cd1217edf4	fine-definition	zone-or-movement
ST06-05	栖木猎鹰	legion	ST06-05:ability:attack:22988d3e110f3200	attack	triggered	trigger.observe;control.optional;operation.draw	ST06-05:ability:attack:22988d3e110f3200:presentation:attack			ST06-05:attack:6d67c89c8804	fine-definition	zone-or-movement
ST06-06	费奥纳的骑士	legion	ST06-06:ability:enter:aba70ffd44c3b9ee	enter	triggered	trigger.observe;control.optional;operation.draw	ST06-06:ability:enter:aba70ffd44c3b9ee:presentation:enter			ST06-06:enter:3f443c194012	fine-definition	zone-or-movement
ST06-06	费奥纳的骑士	legion	ST06-06:ability:death:5ce0a0860c35273d	death	triggered	trigger.observe;operation.advance-trial	ST06-06:ability:death:5ce0a0860c35273d:presentation:death	ST06-06:ability:death:5ce0a0860c35273d:presentation:death#1/1		ST06-06:death:362c74f6ec60	fine-definition	disaster-or-trial
ST06-07	布狄卡	legion	ST06-07:ability:enter:8f17b66055b5375c	enter	triggered	trigger.observe;selection.target;operation.keyword;operation.composite-flow	ST06-07:ability:enter:8f17b66055b5375c:presentation:enter			ST06-07:enter:819d2e1349ee	composite-definition	target;multi-segment-or-branch
ST06-08	纯白的灵鹿	legion	ST06-08:ability:enter:f57a0cd8aab105c3	enter	triggered	trigger.observe;control.optional;operation.gain-rune	ST06-08:ability:enter:f57a0cd8aab105c3:presentation:enter	ST06-08:ability:enter:f57a0cd8aab105c3:presentation:enter#1/1		ST06-08:enter:d2bea5a61794	fine-definition	other
ST06-09	光之剑	artifact	ST06-09:ability:enter:9cab8d75151c4679	enter	triggered	trigger.observe;control.optional;selection.target;operation.move-zone;operation.composite-flow	ST06-09:ability:enter:9cab8d75151c4679:presentation:enter			ST06-09:enter:ea8f1e90e873	composite-definition	target;multi-segment-or-branch;zone-or-movement
ST06-09	光之剑	artifact	ST06-09:ability:active:e533dbf15f08cea0	active	triggered	trigger.observe;cost.rest-source;selection.target;cost.discard;selection.mode;legacy.resolve	ST06-09:ability:active:e533dbf15f08cea0:presentation:active;ST06-09:ability:active:e533dbf15f08cea0:presentation:branch:light-sword-active:fa2abc546114;ST06-09:ability:active:e533dbf15f08cea0:presentation:branch:light-sword-active:a7c3fefe635d				shared-rule-owner	payment;target
ST06-10	自然馈赠	tactic	ST06-10:ability:play:a7a7df602ed2165b	play	activated	trigger.observe;operation.advance-trial	ST06-10:ability:play:a7a7df602ed2165b:presentation:play			ST06-10:play:260407823bb9	fine-definition	disaster-or-trial
ST06-C1	士气·彼界	rune	ST06-C1:ability:static:88a76dc195d499ee	static	continuous	trigger.observe;control.optional;cost.pay-morale;special.domain;legacy.resolve					shared-rule-owner	payment;continuous-or-duration
ST06-M1	银臂努阿达	master	ST06-M1:ability:rune-spent:b36eeb46f9825a4c	rune-spent	triggered	trigger.observe;control.optional;selection.target;operation.modify-troops;operation.composite-flow	ST06-M1:ability:rune-spent:b36eeb46f9825a4c:presentation:rune-spent			ST06-M1:rune-spent:501c95e05583	composite-definition	target;multi-segment-or-branch
ST06-M1	银臂努阿达	master	ST06-M1:ability:active:550b3d9a69e113e8	active	triggered	trigger.observe;special.domain;selection.target;operation.ready;operation.advance-trial;operation.composite-flow	ST06-M1:ability:active:550b3d9a69e113e8:presentation:active;ST06-M1:ability:active:550b3d9a69e113e8:presentation:segment:starter-nuada-active:nuada-ready-morale;ST06-M1:ability:active:550b3d9a69e113e8:presentation:segment:starter-nuada-active:nuada-trial-advance	ST06-M1:ability:active:550b3d9a69e113e8:presentation:segment:starter-nuada-active:nuada-ready-morale#1/2;ST06-M1:ability:active:550b3d9a69e113e8:presentation:segment:starter-nuada-active:nuada-trial-advance#2/2		ST06-M1:active:6e39c9fc0668	composite-definition	payment;target;multi-segment-or-branch;disaster-or-trial
ST06-S1	探寻天空之城	trial	ST06-S1:ability:trial-complete:0b7f57a9cd62248a	trial-complete	triggered	trigger.observe;operation.gain-rune;operation.heal-master;operation.draw;operation.composite-flow	ST06-S1:ability:trial-complete:0b7f57a9cd62248a:presentation:trial-complete;ST06-S1:ability:trial-complete:0b7f57a9cd62248a:presentation:branch:sky-city-completion:29636bbf9f1e;ST06-S1:ability:trial-complete:0b7f57a9cd62248a:presentation:branch:sky-city-completion:f7bd646299e5;ST06-S1:ability:trial-complete:0b7f57a9cd62248a:presentation:branch:sky-city-completion:fd86663ccb86;ST06-S1:ability:trial-complete:0b7f57a9cd62248a:presentation:branch:sky-city-completion:f2f76a9ecfbd;ST06-S1:ability:trial-complete:0b7f57a9cd62248a:presentation:branch:sky-city-completion:460bf47184c9;ST06-S1:ability:trial-complete:0b7f57a9cd62248a:presentation:branch:sky-city-completion:0562c504c15d;ST06-S1:ability:trial-complete:0b7f57a9cd62248a:presentation:branch:sky-city-completion:197bebbb7ca1			ST06-S1:trial-complete:d2bc11aad0c7	composite-definition	multi-segment-or-branch;zone-or-movement;disaster-or-trial
ST06-S1	探寻天空之城	trial	ST06-S1:ability:active:6251a3b114da92d4	active	triggered	trigger.observe;operation.set-state;operation.composite-flow	ST06-S1:ability:active:6251a3b114da92d4:presentation:active	ST06-S1:ability:active:6251a3b114da92d4:presentation:active#1/1		ST06-S1:active:b1a100050bc4	composite-definition	multi-segment-or-branch;disaster-or-trial
