source	line	kind	kindExpression	family	textExpression	choicesExpression	minExpression	maxExpression	continuationExpression	privacyExpression	dataExpression	narrativeSource	titleSource	situationSource	instructionSource	waitingFallback	waitingSource	choiceConsequenceSource	paymentSource	submissionSource	choiceModeInCall	exitChoiceLiteralSeen	submitSemantics	exitSemantics	consumer
服务端WebSocket/TwelveLegions/L12Actions.cs	39		kind	dynamic	text	choices	minimum	maximum	continuation	isPrivate: isPrivate	data: data	runtime data/BuildPromptPresentation fallback; inspect caller	narrative.Title > data.sourceName > text prefix > PromptKindTitle(kind)	narrative.Situation > data.effectText > prompt text	narrative.Instruction > PromptInstruction(kind,min,max,uiPattern)	动态 kind：运行时确认	narrative.WaitingAction when present; otherwise PromptWaitingSummary(kind)	narrative.ChoiceConsequences or empty; legacy label/data only for button name	narrative.PaymentStatus/PaymentSummary or null	narrative.SubmissionConsequence or null	runtime data/ApplyDirectBoardChoiceMode	not in choices expression	resolvePrompt with promptId/binding; client instant/pure decision or min/max confirm; server continuation decides effect	skip/cancel/no/decline only when in ValidChoices; meaning from ChoiceConsequences and continuation, not token alone	PromptOverlay; GameBoard for board-target/board-slot/resource-selection/board-selection/mixed-board-payment choiceMode
服务端WebSocket/TwelveLegions/L12Actions.cs	217	resource-payment	"resource-payment"	payment	"〈槲寄生符咒〉：请直接点击要消耗的符文"	choices	0	maximum	"s2-mistletoe-rune-cost"	default: true	data: WithPromptNarrative( new Dictionary<string, string> { ["cardInstanceId"] = card.InstanceId, ["targetInstanceId"] = command.Target?.InstanceId ?? string.Empty, ["choiceMode"] = "resource-payment", ["resourceKind"] = "rune", ["allowCancel"] = "true", ["cancel"] = "取消打出", }, new("槲寄生符咒", $"你正在打出〈槲寄生符咒〉，本次最多可以消耗{maximum}枚符文支付费用。", "请选择要消耗的符文并确认；也可以取消整次打出。", L12PromptWaitingAction.CostPayment, runeConsequences))	callsite WithPromptNarrative	narrative.Title > data.sourceName > text prefix > PromptKindTitle(kind)	narrative.Situation > data.effectText > prompt text	narrative.Instruction > PromptInstruction(kind,min,max,uiPattern)	正在选择如何支付费用	narrative.WaitingAction when present; otherwise PromptWaitingSummary(kind)	narrative.ChoiceConsequences or empty; legacy label/data only for button name	narrative.PaymentStatus/PaymentSummary or null	narrative.SubmissionConsequence or null	resource-payment	not in choices expression	resolvePrompt with promptId/binding; client instant/pure decision or min/max confirm; server continuation decides effect	skip/cancel/no/decline only when in ValidChoices; meaning from ChoiceConsequences and continuation, not token alone	PromptOverlay; GameBoard for board-target/board-slot/resource-selection/board-selection/mixed-board-payment choiceMode
服务端WebSocket/TwelveLegions/L12Actions.cs	243	optional	"optional"	effect-decision	$"{card.Name}：是否发动「{selfDamageRule!.CostText}：{selfDamageRule.ResolutionText}」？"	["yes", "no"]	1	1	"play-cost-choice"	default: true	data: WithPromptNarrative( new Dictionary<string, string> { ["cardInstanceId"] = card.InstanceId, ["row"] = command.Row!.Value.ToString(), ["slot"] = command.Slot!.Value.ToString(), ["targetPlayerIndex"] = targetPlayerIndex.ToString(), ["normalCost"] = normalCost.ToString(), ["discountedCost"] = discountedCost.ToString(), ["choiceMode"] = "instant", ["yes"] = "发动减费效果", ["no"] = "按通常费用打出", }, new(card.Name, $"你正在打出〈{card.Name}〉，可以选择“{selfDamageRule.CostText}”来降低本次费用。", "请选择是否发动减费效果；确认后将按所选方式支付费用。", L12PromptWaitingAction.EffectDecision, new Dictionary<string, string>(StringComparer.OrdinalIgnoreCase) { ["yes"] = $"{selfDamageRule.CostText}，随后支付{discountedCost}士气并继续打出。", ["no"] = $"不发动减费效果，支付{normalCost}士气并继续打出。", }))	callsite WithPromptNarrative	narrative.Title > data.sourceName > text prefix > PromptKindTitle(kind)	narrative.Situation > data.effectText > prompt text	narrative.Instruction > PromptInstruction(kind,min,max,uiPattern)	正在决定是否发动效果	narrative.WaitingAction when present; otherwise PromptWaitingSummary(kind)	narrative.ChoiceConsequences or empty; legacy label/data only for button name	narrative.PaymentStatus/PaymentSummary or null	narrative.SubmissionConsequence or null	instant	candidate literal; inspect runtime choices	resolvePrompt with promptId/binding; client instant/pure decision or min/max confirm; server continuation decides effect	skip/cancel/no/decline only when in ValidChoices; meaning from ChoiceConsequences and continuation, not token alone	PromptOverlay; GameBoard for board-target/board-slot/resource-selection/board-selection/mixed-board-payment choiceMode
服务端WebSocket/TwelveLegions/L12Actions.cs	544	option	"option"	effect-decision	$"{promoted.Name}：选择登场方式"	["cancel", "normal", "promotion"]	1	1	"s2-promotion-mode"	isPrivate: true	data: WithPromptNarrative(data, new(promoted.Name, $"你正在打出〈{promoted.Name}〉，当前既可以普通登场，也可以叠放到同名军团上方晋升登场。", "请选择登场方式；取消会终止本次打出且不支付费用。", L12PromptWaitingAction.EffectDecision, new Dictionary<string, string>(StringComparer.OrdinalIgnoreCase) { ["cancel"] = "取消整次打出，不支付士气或神力。", ["normal"] = $"支付{normalCost}士气，并在当前选择的战场位置普通登场。", ["promotion"] = $"消耗并翻转{promotionCost}神力，再选择1张同名非【晋升者】军团进行叠放。", }))	callsite WithPromptNarrative	narrative.Title > data.sourceName > text prefix > PromptKindTitle(kind)	narrative.Situation > data.effectText > prompt text	narrative.Instruction > PromptInstruction(kind,min,max,uiPattern)	正在决定是否发动效果	narrative.WaitingAction when present; otherwise PromptWaitingSummary(kind)	narrative.ChoiceConsequences or empty; legacy label/data only for button name	narrative.PaymentStatus/PaymentSummary or null	narrative.SubmissionConsequence or null	runtime data/ApplyDirectBoardChoiceMode	candidate literal; inspect runtime choices	resolvePrompt with promptId/binding; client instant/pure decision or min/max confirm; server continuation decides effect	skip/cancel/no/decline only when in ValidChoices; meaning from ChoiceConsequences and continuation, not token alone	PromptOverlay; GameBoard for board-target/board-slot/resource-selection/board-selection/mixed-board-payment choiceMode
服务端WebSocket/TwelveLegions/L12Actions.cs	582	friendly-target	"friendly-target"	target	$"{promoted.Name}：选择要叠放的同名非【晋升者】军团"	foundations.Select(card => card.InstanceId).Append("cancel")	1	1	"s2-promotion-foundation"	isPrivate: true	data: WithPromptNarrative(data, new(promoted.Name, $"你已选择让〈{promoted.Name}〉晋升登场，需要指定1张同名非【晋升者】军团作为叠放基础。", "请选择1张合法基础军团；取消会终止本次晋升登场。", L12PromptWaitingAction.TargetSelection, foundationConsequences))	callsite WithPromptNarrative	narrative.Title > data.sourceName > text prefix > PromptKindTitle(kind)	narrative.Situation > data.effectText > prompt text	narrative.Instruction > PromptInstruction(kind,min,max,uiPattern)	正在选择效果对象	narrative.WaitingAction when present; otherwise PromptWaitingSummary(kind)	narrative.ChoiceConsequences or empty; legacy label/data only for button name	narrative.PaymentStatus/PaymentSummary or null	narrative.SubmissionConsequence or null	runtime data/ApplyDirectBoardChoiceMode	candidate literal; inspect runtime choices	resolvePrompt with promptId/binding; client instant/pure decision or min/max confirm; server continuation decides effect	skip/cancel/no/decline only when in ValidChoices; meaning from ChoiceConsequences and continuation, not token alone	PromptOverlay; GameBoard for board-target/board-slot/resource-selection/board-selection/mixed-board-payment choiceMode
服务端WebSocket/TwelveLegions/L12Actions.cs	1335	optional	"optional"	effect-decision	$"〈{card.Name}〉即将阵亡，是否消耗并翻转1神力，代替承受本次致命进攻？"	["yes", "no"]	1	1	"combat-lethal-replacement"	isPrivate: false	data: WithPromptNarrative( new Dictionary<string, string> { ["cardInstanceId"] = card.InstanceId, ["preservedTroops"] = card.Troops.ToString(), ["preservedTapped"] = card.Tapped ? "true" : "false", ["yes"] = "发动致命代替", ["no"] = "不发动", }, new(card.Name, $"〈{card.Name}〉即将因本次进攻阵亡，你可以消耗并翻转1神力代替承受这个致命结果。", "请选择是否发动；不发动将继续结算原致命进攻。", L12PromptWaitingAction.LethalReplacement, new Dictionary<string, string>(StringComparer.OrdinalIgnoreCase) { ["yes"] = "消耗并翻转1神力，保留当前兵力与活跃/休整状态，代替本次阵亡。", ["no"] = "不发动致命代替，继续结算原致命进攻。", }))	callsite WithPromptNarrative	narrative.Title > data.sourceName > text prefix > PromptKindTitle(kind)	narrative.Situation > data.effectText > prompt text	narrative.Instruction > PromptInstruction(kind,min,max,uiPattern)	正在决定是否发动效果	narrative.WaitingAction when present; otherwise PromptWaitingSummary(kind)	narrative.ChoiceConsequences or empty; legacy label/data only for button name	narrative.PaymentStatus/PaymentSummary or null	narrative.SubmissionConsequence or null	runtime data/ApplyDirectBoardChoiceMode	candidate literal; inspect runtime choices	resolvePrompt with promptId/binding; client instant/pure decision or min/max confirm; server continuation decides effect	skip/cancel/no/decline only when in ValidChoices; meaning from ChoiceConsequences and continuation, not token alone	PromptOverlay; GameBoard for board-target/board-slot/resource-selection/board-selection/mixed-board-payment choiceMode
服务端WebSocket/TwelveLegions/L12ActiveAbilities.cs	793	card	"card"	card-selection	"选择 1 张手牌放回牌库顶部或底部"	player.Hand.Select(card => card.InstanceId)	1	1	"card-effect"	data: new Dictionary<string	data: new Dictionary<string	runtime data/BuildPromptPresentation fallback; inspect caller	narrative.Title > data.sourceName > text prefix > PromptKindTitle(kind)	narrative.Situation > data.effectText > prompt text	narrative.Instruction > PromptInstruction(kind,min,max,uiPattern)	正在完成卡牌选择	narrative.WaitingAction when present; otherwise PromptWaitingSummary(kind)	narrative.ChoiceConsequences or empty; legacy label/data only for button name	narrative.PaymentStatus/PaymentSummary or null	narrative.SubmissionConsequence or null	runtime data/ApplyDirectBoardChoiceMode	not in choices expression	resolvePrompt with promptId/binding; client instant/pure decision or min/max confirm; server continuation decides effect	skip/cancel/no/decline only when in ValidChoices; meaning from ChoiceConsequences and continuation, not token alone	PromptOverlay; GameBoard for board-target/board-slot/resource-selection/board-selection/mixed-board-payment choiceMode
服务端WebSocket/TwelveLegions/L12ActiveAbilities.cs	855	search	"search"	card-selection	"选择牌库中 1 张〈关羽〉或〈张飞〉加入手牌"	choices	1	1	"card-effect"	data: new Dictionary<string	data: new Dictionary<string	runtime data/BuildPromptPresentation fallback; inspect caller	narrative.Title > data.sourceName > text prefix > PromptKindTitle(kind)	narrative.Situation > data.effectText > prompt text	narrative.Instruction > PromptInstruction(kind,min,max,uiPattern)	正在完成卡牌选择	narrative.WaitingAction when present; otherwise PromptWaitingSummary(kind)	narrative.ChoiceConsequences or empty; legacy label/data only for button name	narrative.PaymentStatus/PaymentSummary or null	narrative.SubmissionConsequence or null	runtime data/ApplyDirectBoardChoiceMode	not in choices expression	resolvePrompt with promptId/binding; client instant/pure decision or min/max confirm; server continuation decides effect	skip/cancel/no/decline only when in ValidChoices; meaning from ChoiceConsequences and continuation, not token alone	PromptOverlay; GameBoard for board-target/board-slot/resource-selection/board-selection/mixed-board-payment choiceMode
服务端WebSocket/TwelveLegions/L12ActiveAbilities.cs	890	search	"search"	card-selection	"选择其中 1 张【天廷】卡牌加入手牌"	choices	1	1	"card-effect"	data: new Dictionary<string	data: new Dictionary<string	runtime data/BuildPromptPresentation fallback; inspect caller	narrative.Title > data.sourceName > text prefix > PromptKindTitle(kind)	narrative.Situation > data.effectText > prompt text	narrative.Instruction > PromptInstruction(kind,min,max,uiPattern)	正在完成卡牌选择	narrative.WaitingAction when present; otherwise PromptWaitingSummary(kind)	narrative.ChoiceConsequences or empty; legacy label/data only for button name	narrative.PaymentStatus/PaymentSummary or null	narrative.SubmissionConsequence or null	runtime data/ApplyDirectBoardChoiceMode	not in choices expression	resolvePrompt with promptId/binding; client instant/pure decision or min/max confirm; server continuation decides effect	skip/cancel/no/decline only when in ValidChoices; meaning from ChoiceConsequences and continuation, not token alone	PromptOverlay; GameBoard for board-target/board-slot/resource-selection/board-selection/mixed-board-payment choiceMode
服务端WebSocket/TwelveLegions/L12ActiveAbilities.cs	928	option	"option"	effect-decision	"将该手牌放回牌库顶部或底部"	["top", "bottom"]	1	1	"card-effect"	data: new Dictionary<string	data: new Dictionary<string	runtime data/BuildPromptPresentation fallback; inspect caller	narrative.Title > data.sourceName > text prefix > PromptKindTitle(kind)	narrative.Situation > data.effectText > prompt text	narrative.Instruction > PromptInstruction(kind,min,max,uiPattern)	正在决定是否发动效果	narrative.WaitingAction when present; otherwise PromptWaitingSummary(kind)	narrative.ChoiceConsequences or empty; legacy label/data only for button name	narrative.PaymentStatus/PaymentSummary or null	narrative.SubmissionConsequence or null	runtime data/ApplyDirectBoardChoiceMode	not in choices expression	resolvePrompt with promptId/binding; client instant/pure decision or min/max confirm; server continuation decides effect	skip/cancel/no/decline only when in ValidChoices; meaning from ChoiceConsequences and continuation, not token alone	PromptOverlay; GameBoard for board-target/board-slot/resource-selection/board-selection/mixed-board-payment choiceMode
服务端WebSocket/TwelveLegions/L12AuthorityEvents.cs	168	discard-or-decline	"discard-or-decline"	card-selection	"狮心王理查一世：额外弃置1张手牌，否则本次抵挡/支援无效"	choices	1	1	"card-effect"	isPrivate: true	data: new Dictionary<string	runtime data/BuildPromptPresentation fallback; inspect caller	narrative.Title > data.sourceName > text prefix > PromptKindTitle(kind)	narrative.Situation > data.effectText > prompt text	narrative.Instruction > PromptInstruction(kind,min,max,uiPattern)	正在完成卡牌选择	narrative.WaitingAction when present; otherwise PromptWaitingSummary(kind)	narrative.ChoiceConsequences or empty; legacy label/data only for button name	narrative.PaymentStatus/PaymentSummary or null	narrative.SubmissionConsequence or null	instant	not in choices expression	resolvePrompt with promptId/binding; client instant/pure decision or min/max confirm; server continuation decides effect	skip/cancel/no/decline only when in ValidChoices; meaning from ChoiceConsequences and continuation, not token alone	PromptOverlay; GameBoard for board-target/board-slot/resource-selection/board-selection/mixed-board-payment choiceMode
服务端WebSocket/TwelveLegions/L12CardEffects.cs	165	optional-targets	"optional-targets"	target	"可返还 1 张士气：选择对方最多 2 张休整军团，下个对方重置阶段不能转为活跃"	choices	0	Math.Min(2, choices.Count)	"card-effect"	data: WithPromptNarrative( new Dictionary<string, string> { ["action"] = "wuzetian-lock" }, new(card.Name, $"〈{card.Name}〉的登场时效果可以返还1张士气，令对方至多2张休整军团在下个对方重置阶段不能转为活跃。", "请选择0至2个合法目标并确认；不选择任何目标即表示不发动，本次不会返还士气。", L12PromptWaitingAction.TargetSelection, targets.ToDictionary(target => target.InstanceId, target => $"选择〈{target.Name}〉作为效果目标；确认后返还1张士气，并锁定所选全部目标的下个重置阶段。", StringComparer.OrdinalIgnoreCase)))	data: WithPromptNarrative( new Dictionary<string, string> { ["action"] = "wuzetian-lock" }, new(card.Name, $"〈{card.Name}〉的登场时效果可以返还1张士气，令对方至多2张休整军团在下个对方重置阶段不能转为活跃。", "请选择0至2个合法目标并确认；不选择任何目标即表示不发动，本次不会返还士气。", L12PromptWaitingAction.TargetSelection, targets.ToDictionary(target => target.InstanceId, target => $"选择〈{target.Name}〉作为效果目标；确认后返还1张士气，并锁定所选全部目标的下个重置阶段。", StringComparer.OrdinalIgnoreCase)))	callsite WithPromptNarrative	narrative.Title > data.sourceName > text prefix > PromptKindTitle(kind)	narrative.Situation > data.effectText > prompt text	narrative.Instruction > PromptInstruction(kind,min,max,uiPattern)	正在选择效果对象	narrative.WaitingAction when present; otherwise PromptWaitingSummary(kind)	narrative.ChoiceConsequences or empty; legacy label/data only for button name	narrative.PaymentStatus/PaymentSummary or null	narrative.SubmissionConsequence or null	runtime data/ApplyDirectBoardChoiceMode	not in choices expression	resolvePrompt with promptId/binding; client instant/pure decision or min/max confirm; server continuation decides effect	skip/cancel/no/decline only when in ValidChoices; meaning from ChoiceConsequences and continuation, not token alone	PromptOverlay; GameBoard for board-target/board-slot/resource-selection/board-selection/mixed-board-payment choiceMode
服务端WebSocket/TwelveLegions/L12CardEffects.cs	182	optional	"optional"	effect-decision	"是否返还 1 张士气，使花木兰获得冲锋？"	["yes", "no"]	1	1	"card-effect"	data: WithPromptNarrative( new Dictionary<string, string> { ["action"] = "mulan-charge", ["yes"] = "发动", ["no"] = "不发动", }, new(card.Name, $"〈{card.Name}〉登场后，你可以返还1张士气，使她获得冲锋并能在登场回合进攻。", "请选择是否发动；选择发动后还需完成士气返还，选择不发动则直接结束这次登场时效果。", L12PromptWaitingAction.EffectDecision, new Dictionary<string, string>(StringComparer.OrdinalIgnoreCase) { ["yes"] = "发动效果并继续返还1张士气；返还完成后，〈花木兰〉获得冲锋。", ["no"] = "不返还士气，〈花木兰〉不会因这次登场时效果获得冲锋。", }))	data: WithPromptNarrative( new Dictionary<string, string> { ["action"] = "mulan-charge", ["yes"] = "发动", ["no"] = "不发动", }, new(card.Name, $"〈{card.Name}〉登场后，你可以返还1张士气，使她获得冲锋并能在登场回合进攻。", "请选择是否发动；选择发动后还需完成士气返还，选择不发动则直接结束这次登场时效果。", L12PromptWaitingAction.EffectDecision, new Dictionary<string, string>(StringComparer.OrdinalIgnoreCase) { ["yes"] = "发动效果并继续返还1张士气；返还完成后，〈花木兰〉获得冲锋。", ["no"] = "不返还士气，〈花木兰〉不会因这次登场时效果获得冲锋。", }))	callsite WithPromptNarrative	narrative.Title > data.sourceName > text prefix > PromptKindTitle(kind)	narrative.Situation > data.effectText > prompt text	narrative.Instruction > PromptInstruction(kind,min,max,uiPattern)	正在决定是否发动效果	narrative.WaitingAction when present; otherwise PromptWaitingSummary(kind)	narrative.ChoiceConsequences or empty; legacy label/data only for button name	narrative.PaymentStatus/PaymentSummary or null	narrative.SubmissionConsequence or null	runtime data/ApplyDirectBoardChoiceMode	candidate literal; inspect runtime choices	resolvePrompt with promptId/binding; client instant/pure decision or min/max confirm; server continuation decides effect	skip/cancel/no/decline only when in ValidChoices; meaning from ChoiceConsequences and continuation, not token alone	PromptOverlay; GameBoard for board-target/board-slot/resource-selection/board-selection/mixed-board-payment choiceMode
服务端WebSocket/TwelveLegions/L12CardEffects.cs	215	target	"target"	target	"选择我方前排 1 张其他兵力不高于 5000 的【高天原】军团，本回合兵力 +1000"	choices	1	1	"card-effect"	data: WithPromptNarrative( new Dictionary<string, string> { ["action"] = "inaihime-buff" }, new(card.Name, $"〈{card.Name}〉的登场时效果可以强化我方前排另一张兵力不高于5000的【高天原】军团。", "请选择1个合法目标；确认后，该军团本回合兵力增加1000。", L12PromptWaitingAction.TargetSelection, targets.ToDictionary(target => target.InstanceId, target => $"选择〈{target.Name}〉；确认后，该军团本回合兵力增加1000。", StringComparer.OrdinalIgnoreCase)))	data: WithPromptNarrative( new Dictionary<string, string> { ["action"] = "inaihime-buff" }, new(card.Name, $"〈{card.Name}〉的登场时效果可以强化我方前排另一张兵力不高于5000的【高天原】军团。", "请选择1个合法目标；确认后，该军团本回合兵力增加1000。", L12PromptWaitingAction.TargetSelection, targets.ToDictionary(target => target.InstanceId, target => $"选择〈{target.Name}〉；确认后，该军团本回合兵力增加1000。", StringComparer.OrdinalIgnoreCase)))	callsite WithPromptNarrative	narrative.Title > data.sourceName > text prefix > PromptKindTitle(kind)	narrative.Situation > data.effectText > prompt text	narrative.Instruction > PromptInstruction(kind,min,max,uiPattern)	正在选择效果对象	narrative.WaitingAction when present; otherwise PromptWaitingSummary(kind)	narrative.ChoiceConsequences or empty; legacy label/data only for button name	narrative.PaymentStatus/PaymentSummary or null	narrative.SubmissionConsequence or null	runtime data/ApplyDirectBoardChoiceMode	not in choices expression	resolvePrompt with promptId/binding; client instant/pure decision or min/max confirm; server continuation decides effect	skip/cancel/no/decline only when in ValidChoices; meaning from ChoiceConsequences and continuation, not token alone	PromptOverlay; GameBoard for board-target/board-slot/resource-selection/board-selection/mixed-board-payment choiceMode
服务端WebSocket/TwelveLegions/L12CardEffects.cs	285	opponent-confirm	"opponent-confirm"	effect-decision	"是否同意〈议和谈判〉？"	["agree", "refuse"]	1	1	"card-effect"	isPrivate: false	data: WithPromptNarrative( new Dictionary<string, string> { ["action"] = "peace-talk", ["agree"] = "同意议和", ["refuse"] = "拒绝议和", }, new(card.Name, $"对方打出〈{card.Name}〉并已先抽取1张牌，现在请求你决定是否同意议和。", "请选择同意或拒绝；同意后，对方再抽1张牌、你抽1张牌；拒绝后，双方不再抽牌。", L12PromptWaitingAction.EffectDecision, new Dictionary<string, string>(StringComparer.OrdinalIgnoreCase) { ["agree"] = "同意议和：对方再抽取1张牌，你抽取1张牌；因此对方本次共抽取2张，你抽取1张。", ["refuse"] = "拒绝议和：双方不再抽牌；因此对方本次只抽取此前的1张牌，你不抽牌。", }))	callsite WithPromptNarrative	narrative.Title > data.sourceName > text prefix > PromptKindTitle(kind)	narrative.Situation > data.effectText > prompt text	narrative.Instruction > PromptInstruction(kind,min,max,uiPattern)	正在完成当前操作	narrative.WaitingAction when present; otherwise PromptWaitingSummary(kind)	narrative.ChoiceConsequences or empty; legacy label/data only for button name	narrative.PaymentStatus/PaymentSummary or null	narrative.SubmissionConsequence or null	runtime data/ApplyDirectBoardChoiceMode	not in choices expression	resolvePrompt with promptId/binding; client instant/pure decision or min/max confirm; server continuation decides effect	skip/cancel/no/decline only when in ValidChoices; meaning from ChoiceConsequences and continuation, not token alone	PromptOverlay; GameBoard for board-target/board-slot/resource-selection/board-selection/mixed-board-payment choiceMode
服务端WebSocket/TwelveLegions/L12CardEffects.cs	515	target	"target"	target	text	choices	1	1	"card-effect"	data: data	data: data	runtime data/BuildPromptPresentation fallback; inspect caller	narrative.Title > data.sourceName > text prefix > PromptKindTitle(kind)	narrative.Situation > data.effectText > prompt text	narrative.Instruction > PromptInstruction(kind,min,max,uiPattern)	正在选择效果对象	narrative.WaitingAction when present; otherwise PromptWaitingSummary(kind)	narrative.ChoiceConsequences or empty; legacy label/data only for button name	narrative.PaymentStatus/PaymentSummary or null	narrative.SubmissionConsequence or null	runtime data/ApplyDirectBoardChoiceMode	not in choices expression	resolvePrompt with promptId/binding; client instant/pure decision or min/max confirm; server continuation decides effect	skip/cancel/no/decline only when in ValidChoices; meaning from ChoiceConsequences and continuation, not token alone	PromptOverlay; GameBoard for board-target/board-slot/resource-selection/board-selection/mixed-board-payment choiceMode
服务端WebSocket/TwelveLegions/L12Disasters.cs	188	discard	"discard"	card-selection	$"〈迷雾绝境〉：选择{excess}张手牌弃置"	player.Hand.Select(card => card.InstanceId)	excess	excess	"disaster-effect"	isPrivate: true	data: new Dictionary<string	runtime data/BuildPromptPresentation fallback; inspect caller	narrative.Title > data.sourceName > text prefix > PromptKindTitle(kind)	narrative.Situation > data.effectText > prompt text	narrative.Instruction > PromptInstruction(kind,min,max,uiPattern)	正在完成卡牌选择	narrative.WaitingAction when present; otherwise PromptWaitingSummary(kind)	narrative.ChoiceConsequences or empty; legacy label/data only for button name	narrative.PaymentStatus/PaymentSummary or null	narrative.SubmissionConsequence or null	runtime data/ApplyDirectBoardChoiceMode	not in choices expression	resolvePrompt with promptId/binding; client instant/pure decision or min/max confirm; server continuation decides effect	skip/cancel/no/decline only when in ValidChoices; meaning from ChoiceConsequences and continuation, not token alone	PromptOverlay; GameBoard for board-target/board-slot/resource-selection/board-selection/mixed-board-payment choiceMode
服务端WebSocket/TwelveLegions/L12Disasters.cs	241	option	"option"	effect-decision	$"〈傲慢之罪〉：选择弃置{difference}张战场军团，或弃置{difference}张手牌"	choices	1	1	"disaster-effect"	data: new Dictionary<string	data: new Dictionary<string	runtime data/BuildPromptPresentation fallback; inspect caller	narrative.Title > data.sourceName > text prefix > PromptKindTitle(kind)	narrative.Situation > data.effectText > prompt text	narrative.Instruction > PromptInstruction(kind,min,max,uiPattern)	正在决定是否发动效果	narrative.WaitingAction when present; otherwise PromptWaitingSummary(kind)	narrative.ChoiceConsequences or empty; legacy label/data only for button name	narrative.PaymentStatus/PaymentSummary or null	narrative.SubmissionConsequence or null	runtime data/ApplyDirectBoardChoiceMode	not in choices expression	resolvePrompt with promptId/binding; client instant/pure decision or min/max confirm; server continuation decides effect	skip/cancel/no/decline only when in ValidChoices; meaning from ChoiceConsequences and continuation, not token alone	PromptOverlay; GameBoard for board-target/board-slot/resource-selection/board-selection/mixed-board-payment choiceMode
服务端WebSocket/TwelveLegions/L12Disasters.cs	257		choice == "field" ? "targets" : "discard"	dynamic	$"〈傲慢之罪〉：选择弃置{count}张{(choice == "field" ? "军团" : "手牌")}"	candidates	count	count	"disaster-effect"	isPrivate: choice != "field"	data: new Dictionary<string	runtime data/BuildPromptPresentation fallback; inspect caller	narrative.Title > data.sourceName > text prefix > PromptKindTitle(kind)	narrative.Situation > data.effectText > prompt text	narrative.Instruction > PromptInstruction(kind,min,max,uiPattern)	动态 kind：运行时确认	narrative.WaitingAction when present; otherwise PromptWaitingSummary(kind)	narrative.ChoiceConsequences or empty; legacy label/data only for button name	narrative.PaymentStatus/PaymentSummary or null	narrative.SubmissionConsequence or null	runtime data/ApplyDirectBoardChoiceMode	not in choices expression	resolvePrompt with promptId/binding; client instant/pure decision or min/max confirm; server continuation decides effect	skip/cancel/no/decline only when in ValidChoices; meaning from ChoiceConsequences and continuation, not token alone	PromptOverlay; GameBoard for board-target/board-slot/resource-selection/board-selection/mixed-board-payment choiceMode
服务端WebSocket/TwelveLegions/L12Disasters.cs	307	option	"option"	effect-decision	"选择〈黯陨晨星〉本回合持续效果"	["free-tactic", "back-master"]	1	1	"card-effect"	data: new Dictionary<string	data: new Dictionary<string	runtime data/BuildPromptPresentation fallback; inspect caller	narrative.Title > data.sourceName > text prefix > PromptKindTitle(kind)	narrative.Situation > data.effectText > prompt text	narrative.Instruction > PromptInstruction(kind,min,max,uiPattern)	正在决定是否发动效果	narrative.WaitingAction when present; otherwise PromptWaitingSummary(kind)	narrative.ChoiceConsequences or empty; legacy label/data only for button name	narrative.PaymentStatus/PaymentSummary or null	narrative.SubmissionConsequence or null	runtime data/ApplyDirectBoardChoiceMode	not in choices expression	resolvePrompt with promptId/binding; client instant/pure decision or min/max confirm; server continuation decides effect	skip/cancel/no/decline only when in ValidChoices; meaning from ChoiceConsequences and continuation, not token alone	PromptOverlay; GameBoard for board-target/board-slot/resource-selection/board-selection/mixed-board-payment choiceMode
服务端WebSocket/TwelveLegions/L12Disasters.cs	356	target	"target"	target	"雷霆天怒：选择我方1张军团返回手牌"	choices	1	1	"disaster-effect"	data: new Dictionary<string	data: new Dictionary<string	runtime data/BuildPromptPresentation fallback; inspect caller	narrative.Title > data.sourceName > text prefix > PromptKindTitle(kind)	narrative.Situation > data.effectText > prompt text	narrative.Instruction > PromptInstruction(kind,min,max,uiPattern)	正在选择效果对象	narrative.WaitingAction when present; otherwise PromptWaitingSummary(kind)	narrative.ChoiceConsequences or empty; legacy label/data only for button name	narrative.PaymentStatus/PaymentSummary or null	narrative.SubmissionConsequence or null	runtime data/ApplyDirectBoardChoiceMode	not in choices expression	resolvePrompt with promptId/binding; client instant/pure decision or min/max confirm; server continuation decides effect	skip/cancel/no/decline only when in ValidChoices; meaning from ChoiceConsequences and continuation, not token alone	PromptOverlay; GameBoard for board-target/board-slot/resource-selection/board-selection/mixed-board-payment choiceMode
服务端WebSocket/TwelveLegions/L12Disasters.cs	448	discard	"discard"	card-selection	"弃置 1 张手牌，随后抽取 1 张牌"	hand.Select(card => card.InstanceId)	1	1	"disaster-effect"	isPrivate: true	data: new Dictionary<string	runtime data/BuildPromptPresentation fallback; inspect caller	narrative.Title > data.sourceName > text prefix > PromptKindTitle(kind)	narrative.Situation > data.effectText > prompt text	narrative.Instruction > PromptInstruction(kind,min,max,uiPattern)	正在完成卡牌选择	narrative.WaitingAction when present; otherwise PromptWaitingSummary(kind)	narrative.ChoiceConsequences or empty; legacy label/data only for button name	narrative.PaymentStatus/PaymentSummary or null	narrative.SubmissionConsequence or null	runtime data/ApplyDirectBoardChoiceMode	not in choices expression	resolvePrompt with promptId/binding; client instant/pure decision or min/max confirm; server continuation decides effect	skip/cancel/no/decline only when in ValidChoices; meaning from ChoiceConsequences and continuation, not token alone	PromptOverlay; GameBoard for board-target/board-slot/resource-selection/board-selection/mixed-board-payment choiceMode
服务端WebSocket/TwelveLegions/L12Disasters.cs	488	targets	"targets"	target	$"选择 {excess} 张我方军团置入墓地，使战场军团不高于 2 张"	cards	excess	excess	"disaster-effect"	data: new Dictionary<string	data: new Dictionary<string	runtime data/BuildPromptPresentation fallback; inspect caller	narrative.Title > data.sourceName > text prefix > PromptKindTitle(kind)	narrative.Situation > data.effectText > prompt text	narrative.Instruction > PromptInstruction(kind,min,max,uiPattern)	正在选择效果对象	narrative.WaitingAction when present; otherwise PromptWaitingSummary(kind)	narrative.ChoiceConsequences or empty; legacy label/data only for button name	narrative.PaymentStatus/PaymentSummary or null	narrative.SubmissionConsequence or null	runtime data/ApplyDirectBoardChoiceMode	not in choices expression	resolvePrompt with promptId/binding; client instant/pure decision or min/max confirm; server continuation decides effect	skip/cancel/no/decline only when in ValidChoices; meaning from ChoiceConsequences and continuation, not token alone	PromptOverlay; GameBoard for board-target/board-slot/resource-selection/board-selection/mixed-board-payment choiceMode
服务端WebSocket/TwelveLegions/L12Disasters.cs	527	order	"order"	arrangement	"〈天启默示录〉：调整全部手牌的顺序，然后放回牌库底部。"	hand.Select(card => card.InstanceId)	hand.Length	hand.Length	"disaster-effect"	isPrivate: true	data: data	runtime data/BuildPromptPresentation fallback; inspect caller	narrative.Title > data.sourceName > text prefix > PromptKindTitle(kind)	narrative.Situation > data.effectText > prompt text	narrative.Instruction > PromptInstruction(kind,min,max,uiPattern)	正在完成卡牌选择	narrative.WaitingAction when present; otherwise PromptWaitingSummary(kind)	narrative.ChoiceConsequences or empty; legacy label/data only for button name	narrative.PaymentStatus/PaymentSummary or null	narrative.SubmissionConsequence or null	runtime data/ApplyDirectBoardChoiceMode	not in choices expression	resolvePrompt with promptId/binding; client instant/pure decision or min/max confirm; server continuation decides effect	skip/cancel/no/decline only when in ValidChoices; meaning from ChoiceConsequences and continuation, not token alone	PromptOverlay; GameBoard for board-target/board-slot/resource-selection/board-selection/mixed-board-payment choiceMode
服务端WebSocket/TwelveLegions/L12Disasters.cs	597	order	"order"	arrangement	$"〈百鬼夜行〉：选择 {excess} 张手牌依次返回牌库底部"	player.Hand.Select(card => card.InstanceId)	excess	excess	"end-disaster-hand"	isPrivate: true		runtime data/BuildPromptPresentation fallback; inspect caller	narrative.Title > data.sourceName > text prefix > PromptKindTitle(kind)	narrative.Situation > data.effectText > prompt text	narrative.Instruction > PromptInstruction(kind,min,max,uiPattern)	正在完成卡牌选择	narrative.WaitingAction when present; otherwise PromptWaitingSummary(kind)	narrative.ChoiceConsequences or empty; legacy label/data only for button name	narrative.PaymentStatus/PaymentSummary or null	narrative.SubmissionConsequence or null	runtime data/ApplyDirectBoardChoiceMode	not in choices expression	resolvePrompt with promptId/binding; client instant/pure decision or min/max confirm; server continuation decides effect	skip/cancel/no/decline only when in ValidChoices; meaning from ChoiceConsequences and continuation, not token alone	PromptOverlay; GameBoard for board-target/board-slot/resource-selection/board-selection/mixed-board-payment choiceMode
服务端WebSocket/TwelveLegions/L12EffectContinuations.cs	425	option	"option"	effect-decision	"将展示牌放回牌库顶部、底部，或返还 1 张士气使其活跃登场"	choices	1	1	"card-effect"	data: data	data: data	runtime data/BuildPromptPresentation fallback; inspect caller	narrative.Title > data.sourceName > text prefix > PromptKindTitle(kind)	narrative.Situation > data.effectText > prompt text	narrative.Instruction > PromptInstruction(kind,min,max,uiPattern)	正在决定是否发动效果	narrative.WaitingAction when present; otherwise PromptWaitingSummary(kind)	narrative.ChoiceConsequences or empty; legacy label/data only for button name	narrative.PaymentStatus/PaymentSummary or null	narrative.SubmissionConsequence or null	runtime data/ApplyDirectBoardChoiceMode	not in choices expression	resolvePrompt with promptId/binding; client instant/pure decision or min/max confirm; server continuation decides effect	skip/cancel/no/decline only when in ValidChoices; meaning from ChoiceConsequences and continuation, not token alone	PromptOverlay; GameBoard for board-target/board-slot/resource-selection/board-selection/mixed-board-payment choiceMode
服务端WebSocket/TwelveLegions/L12EffectContinuations.cs	512	option	"option"	effect-decision	"选择排列中有多少张返回牌库顶部，其余依次返回牌库底部"	Enumerable.Range(0, chosen.Count + 1).Select(value => value.ToString())	1	1	"card-effect"	data: new Dictionary<string	data: new Dictionary<string	runtime data/BuildPromptPresentation fallback; inspect caller	narrative.Title > data.sourceName > text prefix > PromptKindTitle(kind)	narrative.Situation > data.effectText > prompt text	narrative.Instruction > PromptInstruction(kind,min,max,uiPattern)	正在决定是否发动效果	narrative.WaitingAction when present; otherwise PromptWaitingSummary(kind)	narrative.ChoiceConsequences or empty; legacy label/data only for button name	narrative.PaymentStatus/PaymentSummary or null	narrative.SubmissionConsequence or null	runtime data/ApplyDirectBoardChoiceMode	not in choices expression	resolvePrompt with promptId/binding; client instant/pure decision or min/max confirm; server continuation decides effect	skip/cancel/no/decline only when in ValidChoices; meaning from ChoiceConsequences and continuation, not token alone	PromptOverlay; GameBoard for board-target/board-slot/resource-selection/board-selection/mixed-board-payment choiceMode
服务端WebSocket/TwelveLegions/L12EffectContinuations.cs	556	card	"card"	card-selection	"查看牌库顶部 3 张牌，选择 1 张符合条件的牌"	choices	1	1	"card-effect"	data: data	data: data	runtime data/BuildPromptPresentation fallback; inspect caller	narrative.Title > data.sourceName > text prefix > PromptKindTitle(kind)	narrative.Situation > data.effectText > prompt text	narrative.Instruction > PromptInstruction(kind,min,max,uiPattern)	正在完成卡牌选择	narrative.WaitingAction when present; otherwise PromptWaitingSummary(kind)	narrative.ChoiceConsequences or empty; legacy label/data only for button name	narrative.PaymentStatus/PaymentSummary or null	narrative.SubmissionConsequence or null	runtime data/ApplyDirectBoardChoiceMode	not in choices expression	resolvePrompt with promptId/binding; client instant/pure decision or min/max confirm; server continuation decides effect	skip/cancel/no/decline only when in ValidChoices; meaning from ChoiceConsequences and continuation, not token alone	PromptOverlay; GameBoard for board-target/board-slot/resource-selection/board-selection/mixed-board-payment choiceMode
服务端WebSocket/TwelveLegions/L12EnterPublicTriggerPlans.cs	689	library-search	"library-search"	other	"万物统御之戒：选择牌库1张【通用】卡牌展示并加入手牌"	candidates.Select(card => card.InstanceId)	1	1	"card-effect"	data: BuildS2RingSearchPromptData(candidates, new() { ["action"] = "s2-ring-search" })	data: BuildS2RingSearchPromptData(candidates, new() { ["action"] = "s2-ring-search" })	runtime data/BuildPromptPresentation fallback; inspect caller	narrative.Title > data.sourceName > text prefix > PromptKindTitle(kind)	narrative.Situation > data.effectText > prompt text	narrative.Instruction > PromptInstruction(kind,min,max,uiPattern)	正在完成当前操作	narrative.WaitingAction when present; otherwise PromptWaitingSummary(kind)	narrative.ChoiceConsequences or empty; legacy label/data only for button name	narrative.PaymentStatus/PaymentSummary or null	narrative.SubmissionConsequence or null	runtime data/ApplyDirectBoardChoiceMode	not in choices expression	resolvePrompt with promptId/binding; client instant/pure decision or min/max confirm; server continuation decides effect	skip/cancel/no/decline only when in ValidChoices; meaning from ChoiceConsequences and continuation, not token alone	PromptOverlay; GameBoard for board-target/board-slot/resource-selection/board-selection/mixed-board-payment choiceMode
服务端WebSocket/TwelveLegions/L12EnterPublicTriggerPlans.cs	712	hand-card	"hand-card"	card-selection	"赫拉克勒斯：抽取2张牌后弃置1张手牌"	discardChoices.Select(card => card.InstanceId)	1	1	"card-effect"	data: BuildS2HeraclesDiscardPromptData(discardChoices, new() { ["action"] = "s2-olympus-draw-discard" })	data: BuildS2HeraclesDiscardPromptData(discardChoices, new() { ["action"] = "s2-olympus-draw-discard" })	runtime data/BuildPromptPresentation fallback; inspect caller	narrative.Title > data.sourceName > text prefix > PromptKindTitle(kind)	narrative.Situation > data.effectText > prompt text	narrative.Instruction > PromptInstruction(kind,min,max,uiPattern)	正在完成卡牌选择	narrative.WaitingAction when present; otherwise PromptWaitingSummary(kind)	narrative.ChoiceConsequences or empty; legacy label/data only for button name	narrative.PaymentStatus/PaymentSummary or null	narrative.SubmissionConsequence or null	runtime data/ApplyDirectBoardChoiceMode	not in choices expression	resolvePrompt with promptId/binding; client instant/pure decision or min/max confirm; server continuation decides effect	skip/cancel/no/decline only when in ValidChoices; meaning from ChoiceConsequences and continuation, not token alone	PromptOverlay; GameBoard for board-target/board-slot/resource-selection/board-selection/mixed-board-payment choiceMode
服务端WebSocket/TwelveLegions/L12EnterPublicTriggerPlans.cs	732	optional-card	"optional-card"	effect-decision	"罗宾汉：选择1张侍从骑士活跃登场"	candidates.Select(card => card.InstanceId).Append("skip")	1	1	"card-effect"	data: BuildS2RobinSummonSquirePromptData(player, item, candidates, data)	data: BuildS2RobinSummonSquirePromptData(player, item, candidates, data)	runtime data/BuildPromptPresentation fallback; inspect caller	narrative.Title > data.sourceName > text prefix > PromptKindTitle(kind)	narrative.Situation > data.effectText > prompt text	narrative.Instruction > PromptInstruction(kind,min,max,uiPattern)	正在完成卡牌选择	narrative.WaitingAction when present; otherwise PromptWaitingSummary(kind)	narrative.ChoiceConsequences or empty; legacy label/data only for button name	narrative.PaymentStatus/PaymentSummary or null	narrative.SubmissionConsequence or null	runtime data/ApplyDirectBoardChoiceMode	candidate literal; inspect runtime choices	resolvePrompt with promptId/binding; client instant/pure decision or min/max confirm; server continuation decides effect	skip/cancel/no/decline only when in ValidChoices; meaning from ChoiceConsequences and continuation, not token alone	PromptOverlay; GameBoard for board-target/board-slot/resource-selection/board-selection/mixed-board-payment choiceMode
服务端WebSocket/TwelveLegions/L12EnterPublicTriggerPlans.cs	745	optional-card	"optional-card"	effect-decision	"八尺琼勾玉：选择高天原骑兵展示并加入手牌"	choices	1	1	"card-effect"	data: BuildS2MagatamaSearchPromptData(candidates, new() { ["action"] = "s2-magatama-search", ["skip"] = "不加入手牌" })	data: BuildS2MagatamaSearchPromptData(candidates, new() { ["action"] = "s2-magatama-search", ["skip"] = "不加入手牌" })	runtime data/BuildPromptPresentation fallback; inspect caller	narrative.Title > data.sourceName > text prefix > PromptKindTitle(kind)	narrative.Situation > data.effectText > prompt text	narrative.Instruction > PromptInstruction(kind,min,max,uiPattern)	正在完成卡牌选择	narrative.WaitingAction when present; otherwise PromptWaitingSummary(kind)	narrative.ChoiceConsequences or empty; legacy label/data only for button name	narrative.PaymentStatus/PaymentSummary or null	narrative.SubmissionConsequence or null	runtime data/ApplyDirectBoardChoiceMode	not in choices expression	resolvePrompt with promptId/binding; client instant/pure decision or min/max confirm; server continuation decides effect	skip/cancel/no/decline only when in ValidChoices; meaning from ChoiceConsequences and continuation, not token alone	PromptOverlay; GameBoard for board-target/board-slot/resource-selection/board-selection/mixed-board-payment choiceMode
服务端WebSocket/TwelveLegions/L12EnterPublicTriggerPlans.cs	760	optional-card	"optional-card"	effect-decision	"武田信玄：选择符合条件的高天原军团展示并加入手牌"	choices	1	1	"card-effect"	data: BuildS2TakedaSearchPromptData(player, choices, new() { ["action"] = "s2-takeda-search", ["skip"] = "不加入手牌" })	data: BuildS2TakedaSearchPromptData(player, choices, new() { ["action"] = "s2-takeda-search", ["skip"] = "不加入手牌" })	runtime data/BuildPromptPresentation fallback; inspect caller	narrative.Title > data.sourceName > text prefix > PromptKindTitle(kind)	narrative.Situation > data.effectText > prompt text	narrative.Instruction > PromptInstruction(kind,min,max,uiPattern)	正在完成卡牌选择	narrative.WaitingAction when present; otherwise PromptWaitingSummary(kind)	narrative.ChoiceConsequences or empty; legacy label/data only for button name	narrative.PaymentStatus/PaymentSummary or null	narrative.SubmissionConsequence or null	runtime data/ApplyDirectBoardChoiceMode	not in choices expression	resolvePrompt with promptId/binding; client instant/pure decision or min/max confirm; server continuation decides effect	skip/cancel/no/decline only when in ValidChoices; meaning from ChoiceConsequences and continuation, not token alone	PromptOverlay; GameBoard for board-target/board-slot/resource-selection/board-selection/mixed-board-payment choiceMode
服务端WebSocket/TwelveLegions/L12EnterPublicTriggerPlans.cs	836	optional-card	"optional-card"	effect-decision	"武田信玄：可选择手牌1张〈真田幸村〉活跃登场，并将1张士气转为活跃"	sanadas.Select(card => card.InstanceId).Append("skip")	1	1	"card-effect"	data: WithPromptNarrative(data, new("武田信玄", "〈武田信玄〉的检索部分已经结束，牌库也已经洗牌。你可以选择手牌中的1张〈真田幸村〉，再为其选择合法空位并尝试使其活跃登场；只有登场成功且届时仍有休整士气，才会继续选择1张士气转为活跃。", "请选择1张手牌中的〈真田幸村〉继续，或选择“不发动”结束这段后续。", L12PromptWaitingAction.CardSelection, sanadas.ToDictionary(card => card.InstanceId, card => $"选择手牌中的〈{card.Name}〉，然后进入合法登场空位选择；登场成功且仍有休整士气时，才继续士气步骤。", StringComparer.OrdinalIgnoreCase) .Append(new KeyValuePair<string, string>("skip", "结束这段后续，不移动〈真田幸村〉，也不将士气转为活跃。")) .ToDictionary(pair => pair.Key, pair => pair.Value, StringComparer.OrdinalIgnoreCase)))	data: WithPromptNarrative(data, new("武田信玄", "〈武田信玄〉的检索部分已经结束，牌库也已经洗牌。你可以选择手牌中的1张〈真田幸村〉，再为其选择合法空位并尝试使其活跃登场；只有登场成功且届时仍有休整士气，才会继续选择1张士气转为活跃。", "请选择1张手牌中的〈真田幸村〉继续，或选择“不发动”结束这段后续。", L12PromptWaitingAction.CardSelection, sanadas.ToDictionary(card => card.InstanceId, card => $"选择手牌中的〈{card.Name}〉，然后进入合法登场空位选择；登场成功且仍有休整士气时，才继续士气步骤。", StringComparer.OrdinalIgnoreCase) .Append(new KeyValuePair<string, string>("skip", "结束这段后续，不移动〈真田幸村〉，也不将士气转为活跃。")) .ToDictionary(pair => pair.Key, pair => pair.Value, StringComparer.OrdinalIgnoreCase)))	callsite WithPromptNarrative	narrative.Title > data.sourceName > text prefix > PromptKindTitle(kind)	narrative.Situation > data.effectText > prompt text	narrative.Instruction > PromptInstruction(kind,min,max,uiPattern)	正在完成卡牌选择	narrative.WaitingAction when present; otherwise PromptWaitingSummary(kind)	narrative.ChoiceConsequences or empty; legacy label/data only for button name	narrative.PaymentStatus/PaymentSummary or null	narrative.SubmissionConsequence or null	runtime data/ApplyDirectBoardChoiceMode	candidate literal; inspect runtime choices	resolvePrompt with promptId/binding; client instant/pure decision or min/max confirm; server continuation decides effect	skip/cancel/no/decline only when in ValidChoices; meaning from ChoiceConsequences and continuation, not token alone	PromptOverlay; GameBoard for board-target/board-slot/resource-selection/board-selection/mixed-board-payment choiceMode
服务端WebSocket/TwelveLegions/L12GameEngine.cs	147	initiative	"initiative"	setup	"选择先攻或后攻"	["first", "second"]	1	1	"setup-initiative"	isPrivate: false		DefaultSystemPromptNarrative	narrative.Title > data.sourceName > text prefix > PromptKindTitle(kind)	narrative.Situation > data.effectText > prompt text	narrative.Instruction > PromptInstruction(kind,min,max,uiPattern)	正在选择先攻或后攻	narrative.WaitingAction when present; otherwise PromptWaitingSummary(kind)	narrative.ChoiceConsequences or empty; legacy label/data only for button name	narrative.PaymentStatus/PaymentSummary or null	narrative.SubmissionConsequence or null	runtime data/ApplyDirectBoardChoiceMode	not in choices expression	resolvePrompt with promptId/binding; client instant/pure decision or min/max confirm; server continuation decides effect	skip/cancel/no/decline only when in ValidChoices; meaning from ChoiceConsequences and continuation, not token alone	PromptOverlay; GameBoard for board-target/board-slot/resource-selection/board-selection/mixed-board-payment choiceMode
服务端WebSocket/TwelveLegions/L12GameEngine.cs	1220	hand-cards	"hand-cards"	card-selection	"安德华拉诺特：弃置手牌直至手牌数量为6张"	endingPlayer.Hand.Select(card => card.InstanceId)	endingPlayer.Hand.Count - 6	endingPlayer.Hand.Count - 6	"s2-ring-end-discard"	isPrivate: true		runtime data/BuildPromptPresentation fallback; inspect caller	narrative.Title > data.sourceName > text prefix > PromptKindTitle(kind)	narrative.Situation > data.effectText > prompt text	narrative.Instruction > PromptInstruction(kind,min,max,uiPattern)	正在完成卡牌选择	narrative.WaitingAction when present; otherwise PromptWaitingSummary(kind)	narrative.ChoiceConsequences or empty; legacy label/data only for button name	narrative.PaymentStatus/PaymentSummary or null	narrative.SubmissionConsequence or null	runtime data/ApplyDirectBoardChoiceMode	not in choices expression	resolvePrompt with promptId/binding; client instant/pure decision or min/max confirm; server continuation decides effect	skip/cancel/no/decline only when in ValidChoices; meaning from ChoiceConsequences and continuation, not token alone	PromptOverlay; GameBoard for board-target/board-slot/resource-selection/board-selection/mixed-board-payment choiceMode
服务端WebSocket/TwelveLegions/L12GameEngine.cs	1811	optional	"optional"	effect-decision	$"〈{card.Name}〉即将阵亡，是否消耗并翻转1神力，代替承受本次致命效果？"	["yes", "no"]	1	1	"effect-lethal-replacement"	isPrivate: false	data: new Dictionary<string	runtime data/BuildPromptPresentation fallback; inspect caller	narrative.Title > data.sourceName > text prefix > PromptKindTitle(kind)	narrative.Situation > data.effectText > prompt text	narrative.Instruction > PromptInstruction(kind,min,max,uiPattern)	正在决定是否发动效果	narrative.WaitingAction when present; otherwise PromptWaitingSummary(kind)	narrative.ChoiceConsequences or empty; legacy label/data only for button name	narrative.PaymentStatus/PaymentSummary or null	narrative.SubmissionConsequence or null	runtime data/ApplyDirectBoardChoiceMode	candidate literal; inspect runtime choices	resolvePrompt with promptId/binding; client instant/pure decision or min/max confirm; server continuation decides effect	skip/cancel/no/decline only when in ValidChoices; meaning from ChoiceConsequences and continuation, not token alone	PromptOverlay; GameBoard for board-target/board-slot/resource-selection/board-selection/mixed-board-payment choiceMode
服务端WebSocket/TwelveLegions/L12LethalReplacements.cs	88	option	"option"	effect-decision	promptText	choices	1	1	continuation	isPrivate: kind == "helen-hand"	data: WithPromptNarrative(data, new(protectedCard.Name, $"〈{protectedCard.Name}〉即将因{reason}阵亡，你可以选择1张符合条件的军团代替承受。", "请选择代替承受的军团，或选择“不发动”继续结算原致命结果。", L12PromptWaitingAction.LethalReplacement, consequences))	callsite WithPromptNarrative	narrative.Title > data.sourceName > text prefix > PromptKindTitle(kind)	narrative.Situation > data.effectText > prompt text	narrative.Instruction > PromptInstruction(kind,min,max,uiPattern)	正在决定是否发动效果	narrative.WaitingAction when present; otherwise PromptWaitingSummary(kind)	narrative.ChoiceConsequences or empty; legacy label/data only for button name	narrative.PaymentStatus/PaymentSummary or null	narrative.SubmissionConsequence or null	runtime data/ApplyDirectBoardChoiceMode	not in choices expression	resolvePrompt with promptId/binding; client instant/pure decision or min/max confirm; server continuation decides effect	skip/cancel/no/decline only when in ValidChoices; meaning from ChoiceConsequences and continuation, not token alone	PromptOverlay; GameBoard for board-target/board-slot/resource-selection/board-selection/mixed-board-payment choiceMode
服务端WebSocket/TwelveLegions/L12LibraryPlacementTransactions.cs	38	order	"order"	arrangement	text	ids	ids.Length	ids.Length	"card-effect"	isPrivate: true	data: WithPromptNarrative(data, new(item.SourceName, $"〈{item.SourceName}〉正在整理你查看的{ids.Length}张牌；这些牌尚未向对手公开。", instruction, L12PromptWaitingAction.LibraryArrangement))	callsite WithPromptNarrative	narrative.Title > data.sourceName > text prefix > PromptKindTitle(kind)	narrative.Situation > data.effectText > prompt text	narrative.Instruction > PromptInstruction(kind,min,max,uiPattern)	正在完成卡牌选择	narrative.WaitingAction when present; otherwise PromptWaitingSummary(kind)	narrative.ChoiceConsequences or empty; legacy label/data only for button name	narrative.PaymentStatus/PaymentSummary or null	narrative.SubmissionConsequence or null	runtime data/ApplyDirectBoardChoiceMode	not in choices expression	resolvePrompt with promptId/binding; client instant/pure decision or min/max confirm; server continuation decides effect	skip/cancel/no/decline only when in ValidChoices; meaning from ChoiceConsequences and continuation, not token alone	PromptOverlay; GameBoard for board-target/board-slot/resource-selection/board-selection/mixed-board-payment choiceMode
服务端WebSocket/TwelveLegions/L12MoralePayments.cs	199	resource-payment	"resource-payment"	payment	promptText	choices	totalCost	totalCost	continuation	isPrivate: true	data: WithPromptNarrative(data, new(sourceName, $"〈{sourceName}〉需要支付{totalCost}份资源才能继续。可用资源为{string.Join("、", resourceNames)}。", allowCancel ? $"请选择恰好{totalCost}份可用资源并确认；也可以取消当前操作。" : $"请选择恰好{totalCost}份可用资源并确认。", L12PromptWaitingAction.CostPayment, consequences))	callsite WithPromptNarrative	narrative.Title > data.sourceName > text prefix > PromptKindTitle(kind)	narrative.Situation > data.effectText > prompt text	narrative.Instruction > PromptInstruction(kind,min,max,uiPattern)	正在选择如何支付费用	narrative.WaitingAction when present; otherwise PromptWaitingSummary(kind)	narrative.ChoiceConsequences or empty; legacy label/data only for button name	narrative.PaymentStatus/PaymentSummary or null	narrative.SubmissionConsequence or null	runtime data/ApplyDirectBoardChoiceMode	not in choices expression	resolvePrompt with promptId/binding; client instant/pure decision or min/max confirm; server continuation decides effect	skip/cancel/no/decline only when in ValidChoices; meaning from ChoiceConsequences and continuation, not token alone	PromptOverlay; GameBoard for board-target/board-slot/resource-selection/board-selection/mixed-board-payment choiceMode
服务端WebSocket/TwelveLegions/L12MoraleReturns.cs	35	resource-return	"resource-return"	payment	"请选择返还的士气"	choices	count	count	continuation	isPrivate: true	data: WithPromptNarrative(data, new(sourceName, $"〈{sourceName}〉需要返还{count}张{(requireActive ? "活跃" : "可选")}士气才能继续。", continuation == "active-return-choice" ? $"请选择恰好{count}张符合条件的士气并确认；也可以选择不发动。" : $"请选择恰好{count}张符合条件的士气并确认。", L12PromptWaitingAction.ResourceReturn, consequences))	callsite WithPromptNarrative	narrative.Title > data.sourceName > text prefix > PromptKindTitle(kind)	narrative.Situation > data.effectText > prompt text	narrative.Instruction > PromptInstruction(kind,min,max,uiPattern)	正在选择如何支付费用	narrative.WaitingAction when present; otherwise PromptWaitingSummary(kind)	narrative.ChoiceConsequences or empty; legacy label/data only for button name	narrative.PaymentStatus/PaymentSummary or null	narrative.SubmissionConsequence or null	runtime data/ApplyDirectBoardChoiceMode	not in choices expression	resolvePrompt with promptId/binding; client instant/pure decision or min/max confirm; server continuation decides effect	skip/cancel/no/decline only when in ValidChoices; meaning from ChoiceConsequences and continuation, not token alone	PromptOverlay; GameBoard for board-target/board-slot/resource-selection/board-selection/mixed-board-payment choiceMode
服务端WebSocket/TwelveLegions/L12MoraleReturns.cs	244	option	"option"	effect-decision	"将展示的圣物活跃登场，或加入手牌？"	["play", "hand"]	1	1	"card-effect"	data: WithPromptNarrative( new Dictionary<string, string> { ["action"] = "zhuge-artifact", ["play"] = "活跃登场", ["hand"] = "加入手牌", }, new(item.SourceName, $"〈{item.SourceName}〉展示了牌库顶部的圣物〈{top.Name}〉。", "请选择让这张圣物活跃登场，或将其加入手牌。", L12PromptWaitingAction.EffectDecision, new Dictionary<string, string>(StringComparer.OrdinalIgnoreCase) { ["play"] = $"让〈{top.Name}〉在我方圣物区活跃登场。", ["hand"] = $"将〈{top.Name}〉加入我方手牌。", }))	data: WithPromptNarrative( new Dictionary<string, string> { ["action"] = "zhuge-artifact", ["play"] = "活跃登场", ["hand"] = "加入手牌", }, new(item.SourceName, $"〈{item.SourceName}〉展示了牌库顶部的圣物〈{top.Name}〉。", "请选择让这张圣物活跃登场，或将其加入手牌。", L12PromptWaitingAction.EffectDecision, new Dictionary<string, string>(StringComparer.OrdinalIgnoreCase) { ["play"] = $"让〈{top.Name}〉在我方圣物区活跃登场。", ["hand"] = $"将〈{top.Name}〉加入我方手牌。", }))	callsite WithPromptNarrative	narrative.Title > data.sourceName > text prefix > PromptKindTitle(kind)	narrative.Situation > data.effectText > prompt text	narrative.Instruction > PromptInstruction(kind,min,max,uiPattern)	正在决定是否发动效果	narrative.WaitingAction when present; otherwise PromptWaitingSummary(kind)	narrative.ChoiceConsequences or empty; legacy label/data only for button name	narrative.PaymentStatus/PaymentSummary or null	narrative.SubmissionConsequence or null	runtime data/ApplyDirectBoardChoiceMode	not in choices expression	resolvePrompt with promptId/binding; client instant/pure decision or min/max confirm; server continuation decides effect	skip/cancel/no/decline only when in ValidChoices; meaning from ChoiceConsequences and continuation, not token alone	PromptOverlay; GameBoard for board-target/board-slot/resource-selection/board-selection/mixed-board-payment choiceMode
服务端WebSocket/TwelveLegions/L12MoraleReturns.cs	294	slot	"slot"	position	"请直接点击战场上的高亮空位，使展示的军团活跃登场"	EmptySlots(player)	1	1	"card-effect"	data: WithPromptNarrative(promptData, new(item.SourceName, $"〈{item.SourceName}〉已展示〈{recruitName}〉，现在需要为其选择登场位置。", "请选择我方战场上的1个高亮空位；确认后该军团将活跃登场。", L12PromptWaitingAction.PositionSelection, slotConsequences))	data: WithPromptNarrative(promptData, new(item.SourceName, $"〈{item.SourceName}〉已展示〈{recruitName}〉，现在需要为其选择登场位置。", "请选择我方战场上的1个高亮空位；确认后该军团将活跃登场。", L12PromptWaitingAction.PositionSelection, slotConsequences))	callsite WithPromptNarrative	narrative.Title > data.sourceName > text prefix > PromptKindTitle(kind)	narrative.Situation > data.effectText > prompt text	narrative.Instruction > PromptInstruction(kind,min,max,uiPattern)	正在选择战场位置	narrative.WaitingAction when present; otherwise PromptWaitingSummary(kind)	narrative.ChoiceConsequences or empty; legacy label/data only for button name	narrative.PaymentStatus/PaymentSummary or null	narrative.SubmissionConsequence or null	runtime data/ApplyDirectBoardChoiceMode	not in choices expression	resolvePrompt with promptId/binding; client instant/pure decision or min/max confirm; server continuation decides effect	skip/cancel/no/decline only when in ValidChoices; meaning from ChoiceConsequences and continuation, not token alone	PromptOverlay; GameBoard for board-target/board-slot/resource-selection/board-selection/mixed-board-payment choiceMode
服务端WebSocket/TwelveLegions/L12PostResolutionGeneratedEffects.cs	118	option	"option"	effect-decision	"信仰狂热者已结算：选择1个需要消耗士气的主宰效果，无视全部消耗发动且不计入使用次数"	choices	1	1	"faith-zealot-post-resolution"	isPrivate: false	data: data	runtime data/BuildPromptPresentation fallback; inspect caller	narrative.Title > data.sourceName > text prefix > PromptKindTitle(kind)	narrative.Situation > data.effectText > prompt text	narrative.Instruction > PromptInstruction(kind,min,max,uiPattern)	正在决定是否发动效果	narrative.WaitingAction when present; otherwise PromptWaitingSummary(kind)	narrative.ChoiceConsequences or empty; legacy label/data only for button name	narrative.PaymentStatus/PaymentSummary or null	narrative.SubmissionConsequence or null	runtime data/ApplyDirectBoardChoiceMode	not in choices expression	resolvePrompt with promptId/binding; client instant/pure decision or min/max confirm; server continuation decides effect	skip/cancel/no/decline only when in ValidChoices; meaning from ChoiceConsequences and continuation, not token alone	PromptOverlay; GameBoard for board-target/board-slot/resource-selection/board-selection/mixed-board-payment choiceMode
服务端WebSocket/TwelveLegions/L12PromptsAndSetup.cs	157	optional	"optional"	effect-decision	"游戏开始时，是否将〈安德华拉诺特〉从牌库置入圣物区？"	["yes", "no"]	1	1	"setup-s2-ring"	isPrivate: true	data: WithPromptNarrative( new Dictionary<string, string> { ["yes"] = "置入圣物区", ["no"] = "不发动" }, new("安德华拉诺特", "游戏开始时，你可以将牌库中的〈安德华拉诺特〉置入圣物区。", "请选择是否执行；置入后你的起始手牌数量改为4张。", L12PromptWaitingAction.SetupDecision, new Dictionary<string, string>(StringComparer.OrdinalIgnoreCase) { ["yes"] = "将〈安德华拉诺特〉从牌库置入圣物区，并以4张牌作为起始手牌。", ["no"] = "不执行这个开局效果，按通常数量抽取起始手牌。", }))	callsite WithPromptNarrative	narrative.Title > data.sourceName > text prefix > PromptKindTitle(kind)	narrative.Situation > data.effectText > prompt text	narrative.Instruction > PromptInstruction(kind,min,max,uiPattern)	正在决定是否发动效果	narrative.WaitingAction when present; otherwise PromptWaitingSummary(kind)	narrative.ChoiceConsequences or empty; legacy label/data only for button name	narrative.PaymentStatus/PaymentSummary or null	narrative.SubmissionConsequence or null	runtime data/ApplyDirectBoardChoiceMode	candidate literal; inspect runtime choices	resolvePrompt with promptId/binding; client instant/pure decision or min/max confirm; server continuation decides effect	skip/cancel/no/decline only when in ValidChoices; meaning from ChoiceConsequences and continuation, not token alone	PromptOverlay; GameBoard for board-target/board-slot/resource-selection/board-selection/mixed-board-payment choiceMode
服务端WebSocket/TwelveLegions/L12PromptsAndSetup.cs	170	optional	"optional"	effect-decision	"游戏开始时，是否将牌库1张〈雷神之锤〉加入起始手牌？"	["yes", "no"]	1	1	"setup-s2-thor-hammer"	isPrivate: true	data: WithPromptNarrative( new Dictionary<string, string> { ["yes"] = "加入起始手牌", ["no"] = "不发动" }, new("雷神索尔", "游戏开始时，你可以将牌库中的1张〈雷神之锤〉加入起始手牌。", "请选择是否执行；加入的〈雷神之锤〉会占用1张起始手牌名额。", L12PromptWaitingAction.SetupDecision, new Dictionary<string, string>(StringComparer.OrdinalIgnoreCase) { ["yes"] = "将牌库中的1张〈雷神之锤〉加入起始手牌，再补足其余起始手牌。", ["no"] = "不执行这个开局效果，按通常流程抽取起始手牌。", }))	callsite WithPromptNarrative	narrative.Title > data.sourceName > text prefix > PromptKindTitle(kind)	narrative.Situation > data.effectText > prompt text	narrative.Instruction > PromptInstruction(kind,min,max,uiPattern)	正在决定是否发动效果	narrative.WaitingAction when present; otherwise PromptWaitingSummary(kind)	narrative.ChoiceConsequences or empty; legacy label/data only for button name	narrative.PaymentStatus/PaymentSummary or null	narrative.SubmissionConsequence or null	runtime data/ApplyDirectBoardChoiceMode	candidate literal; inspect runtime choices	resolvePrompt with promptId/binding; client instant/pure decision or min/max confirm; server continuation decides effect	skip/cancel/no/decline only when in ValidChoices; meaning from ChoiceConsequences and continuation, not token alone	PromptOverlay; GameBoard for board-target/board-slot/resource-selection/board-selection/mixed-board-payment choiceMode
服务端WebSocket/TwelveLegions/L12PromptsAndSetup.cs	199	trial-order	"trial-order"	setup	"按本局进行顺序依次选择全部试炼"	player.SpecialZones.Trials.Select(card => card.InstanceId)	player.SpecialZones.Trials.Count	player.SpecialZones.Trials.Count	"setup-trial-order"	isPrivate: true	data: WithPromptNarrative(data, new("安排我方试炼", $"你需要为我方的{player.SpecialZones.Trials.Count}张试炼确定本局完成顺序。", "请按计划完成的先后顺序依次选择全部试炼；确认后将以该顺序进行。", L12PromptWaitingAction.SetupDecision))	callsite WithPromptNarrative	narrative.Title > data.sourceName > text prefix > PromptKindTitle(kind)	narrative.Situation > data.effectText > prompt text	narrative.Instruction > PromptInstruction(kind,min,max,uiPattern)	正在完成对局准备	narrative.WaitingAction when present; otherwise PromptWaitingSummary(kind)	narrative.ChoiceConsequences or empty; legacy label/data only for button name	narrative.PaymentStatus/PaymentSummary or null	narrative.SubmissionConsequence or null	runtime data/ApplyDirectBoardChoiceMode	not in choices expression	resolvePrompt with promptId/binding; client instant/pure decision or min/max confirm; server continuation decides effect	skip/cancel/no/decline only when in ValidChoices; meaning from ChoiceConsequences and continuation, not token alone	PromptOverlay; GameBoard for board-target/board-slot/resource-selection/board-selection/mixed-board-payment choiceMode
服务端WebSocket/TwelveLegions/L12PromptsAndSetup.cs	786		kind	dynamic	text	slots	min	max	continuation	isPrivate: true	data: data	runtime data/BuildPromptPresentation fallback; inspect caller	narrative.Title > data.sourceName > text prefix > PromptKindTitle(kind)	narrative.Situation > data.effectText > prompt text	narrative.Instruction > PromptInstruction(kind,min,max,uiPattern)	动态 kind：运行时确认	narrative.WaitingAction when present; otherwise PromptWaitingSummary(kind)	narrative.ChoiceConsequences or empty; legacy label/data only for button name	narrative.PaymentStatus/PaymentSummary or null	narrative.SubmissionConsequence or null	runtime data/ApplyDirectBoardChoiceMode	not in choices expression	resolvePrompt with promptId/binding; client instant/pure decision or min/max confirm; server continuation decides effect	skip/cancel/no/decline only when in ValidChoices; meaning from ChoiceConsequences and continuation, not token alone	PromptOverlay; GameBoard for board-target/board-slot/resource-selection/board-selection/mixed-board-payment choiceMode
服务端WebSocket/TwelveLegions/L12PromptsAndSetup.cs	1490	disaster-reveal	"disaster-reveal"	setup	$"随机公开天灾〈{publicCard.Name}〉"	[]	0	0	"setup-public-confirm"	isPrivate: false	data: new Dictionary<string	runtime data/BuildPromptPresentation fallback; inspect caller	narrative.Title > data.sourceName > text prefix > PromptKindTitle(kind)	narrative.Situation > data.effectText > prompt text	narrative.Instruction > PromptInstruction(kind,min,max,uiPattern)	正在确认天灾信息	narrative.WaitingAction when present; otherwise PromptWaitingSummary(kind)	narrative.ChoiceConsequences or empty; legacy label/data only for button name	narrative.PaymentStatus/PaymentSummary or null	narrative.SubmissionConsequence or null	runtime data/ApplyDirectBoardChoiceMode	not in choices expression	resolvePrompt with promptId/binding; client instant/pure decision or min/max confirm; server continuation decides effect	skip/cancel/no/decline only when in ValidChoices; meaning from ChoiceConsequences and continuation, not token alone	PromptOverlay; GameBoard for board-target/board-slot/resource-selection/board-selection/mixed-board-payment choiceMode
服务端WebSocket/TwelveLegions/L12PromptsAndSetup.cs	1492	disaster-reveal	"disaster-reveal"	setup	$"随机公开天灾〈{publicCard.Name}〉"	[]	0	0	"setup-public-confirm"	isPrivate: false	data: new Dictionary<string	runtime data/BuildPromptPresentation fallback; inspect caller	narrative.Title > data.sourceName > text prefix > PromptKindTitle(kind)	narrative.Situation > data.effectText > prompt text	narrative.Instruction > PromptInstruction(kind,min,max,uiPattern)	正在确认天灾信息	narrative.WaitingAction when present; otherwise PromptWaitingSummary(kind)	narrative.ChoiceConsequences or empty; legacy label/data only for button name	narrative.PaymentStatus/PaymentSummary or null	narrative.SubmissionConsequence or null	runtime data/ApplyDirectBoardChoiceMode	not in choices expression	resolvePrompt with promptId/binding; client instant/pure decision or min/max confirm; server continuation decides effect	skip/cancel/no/decline only when in ValidChoices; meaning from ChoiceConsequences and continuation, not token alone	PromptOverlay; GameBoard for board-target/board-slot/resource-selection/board-selection/mixed-board-payment choiceMode
服务端WebSocket/TwelveLegions/L12PromptsAndSetup.cs	1520	disaster-ban	"disaster-ban"	setup	text	State.DisasterPool.Select(card => card.InstanceId)	1	1	"setup-ban"	isPrivate: false	data: WithPromptNarrative(data, new("禁用天灾", $"{text}，本步骤需要从当前天灾池中禁用1张。", "请选择1张天灾并确认；确认后该天灾会移出本局后续选择。", L12PromptWaitingAction.SetupDecision, consequences))	callsite WithPromptNarrative	narrative.Title > data.sourceName > text prefix > PromptKindTitle(kind)	narrative.Situation > data.effectText > prompt text	narrative.Instruction > PromptInstruction(kind,min,max,uiPattern)	正在禁用天灾	narrative.WaitingAction when present; otherwise PromptWaitingSummary(kind)	narrative.ChoiceConsequences or empty; legacy label/data only for button name	narrative.PaymentStatus/PaymentSummary or null	narrative.SubmissionConsequence or null	runtime data/ApplyDirectBoardChoiceMode	not in choices expression	resolvePrompt with promptId/binding; client instant/pure decision or min/max confirm; server continuation decides effect	skip/cancel/no/decline only when in ValidChoices; meaning from ChoiceConsequences and continuation, not token alone	PromptOverlay; GameBoard for board-target/board-slot/resource-selection/board-selection/mixed-board-payment choiceMode
服务端WebSocket/TwelveLegions/L12PromptsAndSetup.cs	1551	disaster-pick	"disaster-pick"	setup	text	candidates.Select(card => card.InstanceId)	1	1	continuation	isPrivate: true	data: WithPromptNarrative(data, new("选择本局天灾", $"{text}；这些候选只向你展示。", "请选择1张天灾并确认；未选择的本步骤候选也会离开后续候选池。", L12PromptWaitingAction.SetupDecision, consequences))	callsite WithPromptNarrative	narrative.Title > data.sourceName > text prefix > PromptKindTitle(kind)	narrative.Situation > data.effectText > prompt text	narrative.Instruction > PromptInstruction(kind,min,max,uiPattern)	正在选择天灾	narrative.WaitingAction when present; otherwise PromptWaitingSummary(kind)	narrative.ChoiceConsequences or empty; legacy label/data only for button name	narrative.PaymentStatus/PaymentSummary or null	narrative.SubmissionConsequence or null	runtime data/ApplyDirectBoardChoiceMode	not in choices expression	resolvePrompt with promptId/binding; client instant/pure decision or min/max confirm; server continuation decides effect	skip/cancel/no/decline only when in ValidChoices; meaning from ChoiceConsequences and continuation, not token alone	PromptOverlay; GameBoard for board-target/board-slot/resource-selection/board-selection/mixed-board-payment choiceMode
服务端WebSocket/TwelveLegions/L12PromptsAndSetup.cs	1831	response	"response"	response	responseText	choices	1	1	"stack-response"	isPrivate: true	data: WithPromptNarrative(responseData, new("响应窗口", "当前堆叠中有未结算效果，你拥有本次响应优先权。", "请选择1张当前可合法响应的卡牌，或选择“不响应”并传递优先权。", L12PromptWaitingAction.ResponseDecision, responseConsequences))	callsite WithPromptNarrative	narrative.Title > data.sourceName > text prefix > PromptKindTitle(kind)	narrative.Situation > data.effectText > prompt text	narrative.Instruction > PromptInstruction(kind,min,max,uiPattern)	正在决定是否响应	narrative.WaitingAction when present; otherwise PromptWaitingSummary(kind)	narrative.ChoiceConsequences or empty; legacy label/data only for button name	narrative.PaymentStatus/PaymentSummary or null	narrative.SubmissionConsequence or null	runtime data/ApplyDirectBoardChoiceMode	not in choices expression	resolvePrompt with promptId/binding; client instant/pure decision or min/max confirm; server continuation decides effect	skip/cancel/no/decline only when in ValidChoices; meaning from ChoiceConsequences and continuation, not token alone	PromptOverlay; GameBoard for board-target/board-slot/resource-selection/board-selection/mixed-board-payment choiceMode
服务端WebSocket/TwelveLegions/L12PromptsAndSetup.cs	2185	response-target	"response-target"	response	"选择本次响应的效果对象"	targets.Select(item => item.StackItemId).Append("cancel")	1	1	"stack-response-target"	isPrivate: true	data: data	runtime data/BuildPromptPresentation fallback; inspect caller	narrative.Title > data.sourceName > text prefix > PromptKindTitle(kind)	narrative.Situation > data.effectText > prompt text	narrative.Instruction > PromptInstruction(kind,min,max,uiPattern)	正在选择效果对象	narrative.WaitingAction when present; otherwise PromptWaitingSummary(kind)	narrative.ChoiceConsequences or empty; legacy label/data only for button name	narrative.PaymentStatus/PaymentSummary or null	narrative.SubmissionConsequence or null	runtime data/ApplyDirectBoardChoiceMode	candidate literal; inspect runtime choices	resolvePrompt with promptId/binding; client instant/pure decision or min/max confirm; server continuation decides effect	skip/cancel/no/decline only when in ValidChoices; meaning from ChoiceConsequences and continuation, not token alone	PromptOverlay; GameBoard for board-target/board-slot/resource-selection/board-selection/mixed-board-payment choiceMode
服务端WebSocket/TwelveLegions/L12PromptsAndSetup.cs	2221	slot	"slot"	position	$"{response.Name}：选择休整登场的前排位置（登场为费用）"	choices	1	1	"stack-response-puppet-slot"	isPrivate: true	data: WithPromptNarrative( new Dictionary<string, string> { ["responseId"] = response.InstanceId, ["choiceMode"] = "board-slot", ["cancel"] = "取消发动", }, new(response.Name, $"你已选择以〈{response.Name}〉响应当前进攻；它需要先以休整状态登场作为费用。", "请选择我方前排的1个高亮空位；取消会返回响应选择且不打出此牌。", L12PromptWaitingAction.PositionSelection, choices.ToDictionary( slot => slot, slot => slot == "cancel" ? "返回响应选择，不打出这张响应卡牌。" : $"〈{response.Name}〉将休整登场到{PlayerBattlefieldSlotLabel(playerIndex, playerIndex, 0, int.Parse(slot.Split(':')[1]))}，并继续响应。", StringComparer.OrdinalIgnoreCase), PaymentStatus: "pending", PaymentSummary: "尚未支付登场费用；确认位置后，这张响应卡牌才会休整登场。", SubmissionConsequence: "所选响应卡牌将在指定位置休整登场并继续响应。"))	callsite WithPromptNarrative	narrative.Title > data.sourceName > text prefix > PromptKindTitle(kind)	narrative.Situation > data.effectText > prompt text	narrative.Instruction > PromptInstruction(kind,min,max,uiPattern)	正在选择战场位置	narrative.WaitingAction when present; otherwise PromptWaitingSummary(kind)	narrative.ChoiceConsequences or empty; legacy label/data only for button name	narrative.PaymentStatus/PaymentSummary or null	narrative.SubmissionConsequence or null	board-slot	not in choices expression	resolvePrompt with promptId/binding; client instant/pure decision or min/max confirm; server continuation decides effect	skip/cancel/no/decline only when in ValidChoices; meaning from ChoiceConsequences and continuation, not token alone	PromptOverlay; GameBoard for board-target/board-slot/resource-selection/board-selection/mixed-board-payment choiceMode
服务端WebSocket/TwelveLegions/L12PromptsAndSetup.cs	2251	discard-cost	"discard-cost"	payment	"弃置 1 张手牌作为〈绝对防御〉的费用"	discards	1	1	"stack-response-discard"	isPrivate: true	data: WithPromptNarrative( new Dictionary<string, string> { ["responseId"] = response.InstanceId }, new("绝对防御", "你已选择发动〈绝对防御〉；继续响应前必须弃置1张手牌。", "请选择并弃置1张手牌作为费用。", L12PromptWaitingAction.CostPayment, discardConsequences, PaymentStatus: "pending", PaymentSummary: "尚未支付弃牌费用；选择手牌并确认后才会弃置。", SubmissionConsequence: "弃置所选的1张手牌作为响应费用。"))	callsite WithPromptNarrative	narrative.Title > data.sourceName > text prefix > PromptKindTitle(kind)	narrative.Situation > data.effectText > prompt text	narrative.Instruction > PromptInstruction(kind,min,max,uiPattern)	正在选择如何支付费用	narrative.WaitingAction when present; otherwise PromptWaitingSummary(kind)	narrative.ChoiceConsequences or empty; legacy label/data only for button name	narrative.PaymentStatus/PaymentSummary or null	narrative.SubmissionConsequence or null	runtime data/ApplyDirectBoardChoiceMode	not in choices expression	resolvePrompt with promptId/binding; client instant/pure decision or min/max confirm; server continuation decides effect	skip/cancel/no/decline only when in ValidChoices; meaning from ChoiceConsequences and continuation, not token alone	PromptOverlay; GameBoard for board-target/board-slot/resource-selection/board-selection/mixed-board-payment choiceMode
服务端WebSocket/TwelveLegions/L12PublicTriggerEffectPlans.cs	1870		kind	dynamic	text	choices	min	max	"card-effect"	isPrivate: isPrivate	data: data	runtime data/BuildPromptPresentation fallback; inspect caller	narrative.Title > data.sourceName > text prefix > PromptKindTitle(kind)	narrative.Situation > data.effectText > prompt text	narrative.Instruction > PromptInstruction(kind,min,max,uiPattern)	动态 kind：运行时确认	narrative.WaitingAction when present; otherwise PromptWaitingSummary(kind)	narrative.ChoiceConsequences or empty; legacy label/data only for button name	narrative.PaymentStatus/PaymentSummary or null	narrative.SubmissionConsequence or null	runtime data/ApplyDirectBoardChoiceMode	not in choices expression	resolvePrompt with promptId/binding; client instant/pure decision or min/max confirm; server continuation decides effect	skip/cancel/no/decline only when in ValidChoices; meaning from ChoiceConsequences and continuation, not token alone	PromptOverlay; GameBoard for board-target/board-slot/resource-selection/board-selection/mixed-board-payment choiceMode
服务端WebSocket/TwelveLegions/L12RuleKernelIntegration.cs	957		promptKind	dynamic	promptText	promptChoices	step.MinChoose	Math.Min(step.MaxChoose, step.ValidChoices.Count)	"pending-activation"	isPrivate: true	data: promptData	runtime data/BuildPromptPresentation fallback; inspect caller	narrative.Title > data.sourceName > text prefix > PromptKindTitle(kind)	narrative.Situation > data.effectText > prompt text	narrative.Instruction > PromptInstruction(kind,min,max,uiPattern)	动态 kind：运行时确认	narrative.WaitingAction when present; otherwise PromptWaitingSummary(kind)	narrative.ChoiceConsequences or empty; legacy label/data only for button name	narrative.PaymentStatus/PaymentSummary or null	narrative.SubmissionConsequence or null	runtime data/ApplyDirectBoardChoiceMode	not in choices expression	resolvePrompt with promptId/binding; client instant/pure decision or min/max confirm; server continuation decides effect	skip/cancel/no/decline only when in ValidChoices; meaning from ChoiceConsequences and continuation, not token alone	PromptOverlay; GameBoard for board-target/board-slot/resource-selection/board-selection/mixed-board-payment choiceMode
服务端WebSocket/TwelveLegions/L12RuleKernelIntegration.cs	2043	trigger-order	"trigger-order"	arrangement	"同一时点有多个效果触发，请按发动先后排列（后发动的先结算）"	batch.Candidates.Select(candidate => candidate.CandidateId)	batch.Candidates.Count	batch.Candidates.Count	"trigger-batch-order"	isPrivate: false	data: data	runtime data/BuildPromptPresentation fallback; inspect caller	narrative.Title > data.sourceName > text prefix > PromptKindTitle(kind)	narrative.Situation > data.effectText > prompt text	narrative.Instruction > PromptInstruction(kind,min,max,uiPattern)	正在完成当前操作	narrative.WaitingAction when present; otherwise PromptWaitingSummary(kind)	narrative.ChoiceConsequences or empty; legacy label/data only for button name	narrative.PaymentStatus/PaymentSummary or null	narrative.SubmissionConsequence or null	runtime data/ApplyDirectBoardChoiceMode	not in choices expression	resolvePrompt with promptId/binding; client instant/pure decision or min/max confirm; server continuation decides effect	skip/cancel/no/decline only when in ValidChoices; meaning from ChoiceConsequences and continuation, not token alone	PromptOverlay; GameBoard for board-target/board-slot/resource-selection/board-selection/mixed-board-payment choiceMode
服务端WebSocket/TwelveLegions/L12S1ExtendedEffects.cs	138	optional-targets	"optional-targets"	target	"可返还1士气：选择我方最多2张【天廷】军团获得免死"	choices	1	Math.Min(2, choices.Count - 1)	"card-effect"	data: new Dictionary<string	data: new Dictionary<string	runtime data/BuildPromptPresentation fallback; inspect caller	narrative.Title > data.sourceName > text prefix > PromptKindTitle(kind)	narrative.Situation > data.effectText > prompt text	narrative.Instruction > PromptInstruction(kind,min,max,uiPattern)	正在选择效果对象	narrative.WaitingAction when present; otherwise PromptWaitingSummary(kind)	narrative.ChoiceConsequences or empty; legacy label/data only for button name	narrative.PaymentStatus/PaymentSummary or null	narrative.SubmissionConsequence or null	runtime data/ApplyDirectBoardChoiceMode	not in choices expression	resolvePrompt with promptId/binding; client instant/pure decision or min/max confirm; server continuation decides effect	skip/cancel/no/decline only when in ValidChoices; meaning from ChoiceConsequences and continuation, not token alone	PromptOverlay; GameBoard for board-target/board-slot/resource-selection/board-selection/mixed-board-payment choiceMode
服务端WebSocket/TwelveLegions/L12S1ExtendedEffects.cs	147	option	"option"	effect-decision	"诸葛亮：可将天灾值增加或减少1点"	["-1", "0", "1"]	1	1	"card-effect"	data: new Dictionary<string	data: new Dictionary<string	runtime data/BuildPromptPresentation fallback; inspect caller	narrative.Title > data.sourceName > text prefix > PromptKindTitle(kind)	narrative.Situation > data.effectText > prompt text	narrative.Instruction > PromptInstruction(kind,min,max,uiPattern)	正在决定是否发动效果	narrative.WaitingAction when present; otherwise PromptWaitingSummary(kind)	narrative.ChoiceConsequences or empty; legacy label/data only for button name	narrative.PaymentStatus/PaymentSummary or null	narrative.SubmissionConsequence or null	runtime data/ApplyDirectBoardChoiceMode	not in choices expression	resolvePrompt with promptId/binding; client instant/pure decision or min/max confirm; server continuation decides effect	skip/cancel/no/decline only when in ValidChoices; meaning from ChoiceConsequences and continuation, not token alone	PromptOverlay; GameBoard for board-target/board-slot/resource-selection/board-selection/mixed-board-payment choiceMode
服务端WebSocket/TwelveLegions/L12S1ExtendedEffects.cs	153	optional	"optional"	effect-decision	"是否返还1士气，使本回合从手牌打出的下1张战术卡无需费用？"	["yes", "no"]	1	1	"card-effect"	data: new Dictionary<string	data: new Dictionary<string	runtime data/BuildPromptPresentation fallback; inspect caller	narrative.Title > data.sourceName > text prefix > PromptKindTitle(kind)	narrative.Situation > data.effectText > prompt text	narrative.Instruction > PromptInstruction(kind,min,max,uiPattern)	正在决定是否发动效果	narrative.WaitingAction when present; otherwise PromptWaitingSummary(kind)	narrative.ChoiceConsequences or empty; legacy label/data only for button name	narrative.PaymentStatus/PaymentSummary or null	narrative.SubmissionConsequence or null	runtime data/ApplyDirectBoardChoiceMode	candidate literal; inspect runtime choices	resolvePrompt with promptId/binding; client instant/pure decision or min/max confirm; server continuation decides effect	skip/cancel/no/decline only when in ValidChoices; meaning from ChoiceConsequences and continuation, not token alone	PromptOverlay; GameBoard for board-target/board-slot/resource-selection/board-selection/mixed-board-payment choiceMode
服务端WebSocket/TwelveLegions/L12S1ExtendedEffects.cs	223	target	"target"	target	"安倍晴明：选择我方1张军团，获得免死直到下个我方回合开始前"	choices	1	1	"card-effect"	data: new Dictionary<string	data: new Dictionary<string	runtime data/BuildPromptPresentation fallback; inspect caller	narrative.Title > data.sourceName > text prefix > PromptKindTitle(kind)	narrative.Situation > data.effectText > prompt text	narrative.Instruction > PromptInstruction(kind,min,max,uiPattern)	正在选择效果对象	narrative.WaitingAction when present; otherwise PromptWaitingSummary(kind)	narrative.ChoiceConsequences or empty; legacy label/data only for button name	narrative.PaymentStatus/PaymentSummary or null	narrative.SubmissionConsequence or null	runtime data/ApplyDirectBoardChoiceMode	not in choices expression	resolvePrompt with promptId/binding; client instant/pure decision or min/max confirm; server continuation decides effect	skip/cancel/no/decline only when in ValidChoices; meaning from ChoiceConsequences and continuation, not token alone	PromptOverlay; GameBoard for board-target/board-slot/resource-selection/board-selection/mixed-board-payment choiceMode
服务端WebSocket/TwelveLegions/L12S1ExtendedEffects.cs	338	search	"search"	card-selection	"野外扎营：选择其中1张与主宰阵营相同的军团加入手牌"	choices	1	1	"card-effect"	data: data	data: data	runtime data/BuildPromptPresentation fallback; inspect caller	narrative.Title > data.sourceName > text prefix > PromptKindTitle(kind)	narrative.Situation > data.effectText > prompt text	narrative.Instruction > PromptInstruction(kind,min,max,uiPattern)	正在完成卡牌选择	narrative.WaitingAction when present; otherwise PromptWaitingSummary(kind)	narrative.ChoiceConsequences or empty; legacy label/data only for button name	narrative.PaymentStatus/PaymentSummary or null	narrative.SubmissionConsequence or null	runtime data/ApplyDirectBoardChoiceMode	not in choices expression	resolvePrompt with promptId/binding; client instant/pure decision or min/max confirm; server continuation decides effect	skip/cancel/no/decline only when in ValidChoices; meaning from ChoiceConsequences and continuation, not token alone	PromptOverlay; GameBoard for board-target/board-slot/resource-selection/board-selection/mixed-board-payment choiceMode
服务端WebSocket/TwelveLegions/L12S1ExtendedEffects.cs	365	card	"card"	card-selection	"前线侦查：选择1张手牌洗回牌库"	enemy.Hand.Select(card => card.InstanceId)	1	1	"card-effect"	data: new Dictionary<string	data: new Dictionary<string	runtime data/BuildPromptPresentation fallback; inspect caller	narrative.Title > data.sourceName > text prefix > PromptKindTitle(kind)	narrative.Situation > data.effectText > prompt text	narrative.Instruction > PromptInstruction(kind,min,max,uiPattern)	正在完成卡牌选择	narrative.WaitingAction when present; otherwise PromptWaitingSummary(kind)	narrative.ChoiceConsequences or empty; legacy label/data only for button name	narrative.PaymentStatus/PaymentSummary or null	narrative.SubmissionConsequence or null	runtime data/ApplyDirectBoardChoiceMode	not in choices expression	resolvePrompt with promptId/binding; client instant/pure decision or min/max confirm; server continuation decides effect	skip/cancel/no/decline only when in ValidChoices; meaning from ChoiceConsequences and continuation, not token alone	PromptOverlay; GameBoard for board-target/board-slot/resource-selection/board-selection/mixed-board-payment choiceMode
服务端WebSocket/TwelveLegions/L12S1ExtendedEffects.cs	602	target	"target"	target	"拼死反抗：选择对方1张休整军团，直到下个我方回合结束前兵力-2000"	rested.Select(card => card.InstanceId)	1	1	"card-effect"	data: new Dictionary<string	data: new Dictionary<string	runtime data/BuildPromptPresentation fallback; inspect caller	narrative.Title > data.sourceName > text prefix > PromptKindTitle(kind)	narrative.Situation > data.effectText > prompt text	narrative.Instruction > PromptInstruction(kind,min,max,uiPattern)	正在选择效果对象	narrative.WaitingAction when present; otherwise PromptWaitingSummary(kind)	narrative.ChoiceConsequences or empty; legacy label/data only for button name	narrative.PaymentStatus/PaymentSummary or null	narrative.SubmissionConsequence or null	runtime data/ApplyDirectBoardChoiceMode	not in choices expression	resolvePrompt with promptId/binding; client instant/pure decision or min/max confirm; server continuation decides effect	skip/cancel/no/decline only when in ValidChoices; meaning from ChoiceConsequences and continuation, not token alone	PromptOverlay; GameBoard for board-target/board-slot/resource-selection/board-selection/mixed-board-payment choiceMode
服务端WebSocket/TwelveLegions/L12S1ExtendedEffects.cs	805	optional	"optional"	effect-decision	"诸葛亮：是否返还1士气，展示牌库顶部1张牌并加入手牌？"	["yes", "no"]	1	1	"card-effect"	data: new Dictionary<string	data: new Dictionary<string	runtime data/BuildPromptPresentation fallback; inspect caller	narrative.Title > data.sourceName > text prefix > PromptKindTitle(kind)	narrative.Situation > data.effectText > prompt text	narrative.Instruction > PromptInstruction(kind,min,max,uiPattern)	正在决定是否发动效果	narrative.WaitingAction when present; otherwise PromptWaitingSummary(kind)	narrative.ChoiceConsequences or empty; legacy label/data only for button name	narrative.PaymentStatus/PaymentSummary or null	narrative.SubmissionConsequence or null	runtime data/ApplyDirectBoardChoiceMode	candidate literal; inspect runtime choices	resolvePrompt with promptId/binding; client instant/pure decision or min/max confirm; server continuation decides effect	skip/cancel/no/decline only when in ValidChoices; meaning from ChoiceConsequences and continuation, not token alone	PromptOverlay; GameBoard for board-target/board-slot/resource-selection/board-selection/mixed-board-payment choiceMode
服务端WebSocket/TwelveLegions/L12S1ExtendedEffects.cs	824	discard	"discard"	card-selection	"黑胡子蒂奇：弃置合计2张手牌"	hand.Select(card => card.InstanceId)	actual	actual	"card-effect"	isPrivate: true	data: new Dictionary<string	runtime data/BuildPromptPresentation fallback; inspect caller	narrative.Title > data.sourceName > text prefix > PromptKindTitle(kind)	narrative.Situation > data.effectText > prompt text	narrative.Instruction > PromptInstruction(kind,min,max,uiPattern)	正在完成卡牌选择	narrative.WaitingAction when present; otherwise PromptWaitingSummary(kind)	narrative.ChoiceConsequences or empty; legacy label/data only for button name	narrative.PaymentStatus/PaymentSummary or null	narrative.SubmissionConsequence or null	runtime data/ApplyDirectBoardChoiceMode	not in choices expression	resolvePrompt with promptId/binding; client instant/pure decision or min/max confirm; server continuation decides effect	skip/cancel/no/decline only when in ValidChoices; meaning from ChoiceConsequences and continuation, not token alone	PromptOverlay; GameBoard for board-target/board-slot/resource-selection/board-selection/mixed-board-payment choiceMode
服务端WebSocket/TwelveLegions/L12S1ExtendedEffects.cs	846	discard	"discard"	card-selection	text	hand.Select(card => card.InstanceId)	actual	actual	"card-effect"	data: new Dictionary<string	data: new Dictionary<string	runtime data/BuildPromptPresentation fallback; inspect caller	narrative.Title > data.sourceName > text prefix > PromptKindTitle(kind)	narrative.Situation > data.effectText > prompt text	narrative.Instruction > PromptInstruction(kind,min,max,uiPattern)	正在完成卡牌选择	narrative.WaitingAction when present; otherwise PromptWaitingSummary(kind)	narrative.ChoiceConsequences or empty; legacy label/data only for button name	narrative.PaymentStatus/PaymentSummary or null	narrative.SubmissionConsequence or null	runtime data/ApplyDirectBoardChoiceMode	not in choices expression	resolvePrompt with promptId/binding; client instant/pure decision or min/max confirm; server continuation decides effect	skip/cancel/no/decline only when in ValidChoices; meaning from ChoiceConsequences and continuation, not token alone	PromptOverlay; GameBoard for board-target/board-slot/resource-selection/board-selection/mixed-board-payment choiceMode
服务端WebSocket/TwelveLegions/L12S1ExtendedEffects.cs	1260	optional-card	"optional-card"	effect-decision	"智慧法典：弃置1张手牌以继续发动本次效果，或放弃当前效果"	choices	1	1	"card-effect"	data: new Dictionary<string	data: new Dictionary<string	runtime data/BuildPromptPresentation fallback; inspect caller	narrative.Title > data.sourceName > text prefix > PromptKindTitle(kind)	narrative.Situation > data.effectText > prompt text	narrative.Instruction > PromptInstruction(kind,min,max,uiPattern)	正在完成卡牌选择	narrative.WaitingAction when present; otherwise PromptWaitingSummary(kind)	narrative.ChoiceConsequences or empty; legacy label/data only for button name	narrative.PaymentStatus/PaymentSummary or null	narrative.SubmissionConsequence or null	instant	not in choices expression	resolvePrompt with promptId/binding; client instant/pure decision or min/max confirm; server continuation decides effect	skip/cancel/no/decline only when in ValidChoices; meaning from ChoiceConsequences and continuation, not token alone	PromptOverlay; GameBoard for board-target/board-slot/resource-selection/board-selection/mixed-board-payment choiceMode
服务端WebSocket/TwelveLegions/L12S1FactionEffects.cs	108	optional-targets	"optional-targets"	target	"拉美西斯二世：选择最多3张其他【太阳城】军团，依次发动其登场时效果"	choices	1	Math.Min(3, choices.Count - 1)	"card-effect"	data: new Dictionary<string	data: new Dictionary<string	runtime data/BuildPromptPresentation fallback; inspect caller	narrative.Title > data.sourceName > text prefix > PromptKindTitle(kind)	narrative.Situation > data.effectText > prompt text	narrative.Instruction > PromptInstruction(kind,min,max,uiPattern)	正在选择效果对象	narrative.WaitingAction when present; otherwise PromptWaitingSummary(kind)	narrative.ChoiceConsequences or empty; legacy label/data only for button name	narrative.PaymentStatus/PaymentSummary or null	narrative.SubmissionConsequence or null	runtime data/ApplyDirectBoardChoiceMode	not in choices expression	resolvePrompt with promptId/binding; client instant/pure decision or min/max confirm; server continuation decides effect	skip/cancel/no/decline only when in ValidChoices; meaning from ChoiceConsequences and continuation, not token alone	PromptOverlay; GameBoard for board-target/board-slot/resource-selection/board-selection/mixed-board-payment choiceMode
服务端WebSocket/TwelveLegions/L12S1FactionEffects.cs	126	optional-target	"optional-target"	target	"霍列姆赫布：可弃置我方1张陵墓守卫，获得冲锋"	guards	1	1	"card-effect"	data: new Dictionary<string	data: new Dictionary<string	runtime data/BuildPromptPresentation fallback; inspect caller	narrative.Title > data.sourceName > text prefix > PromptKindTitle(kind)	narrative.Situation > data.effectText > prompt text	narrative.Instruction > PromptInstruction(kind,min,max,uiPattern)	正在选择效果对象	narrative.WaitingAction when present; otherwise PromptWaitingSummary(kind)	narrative.ChoiceConsequences or empty; legacy label/data only for button name	narrative.PaymentStatus/PaymentSummary or null	narrative.SubmissionConsequence or null	runtime data/ApplyDirectBoardChoiceMode	not in choices expression	resolvePrompt with promptId/binding; client instant/pure decision or min/max confirm; server continuation decides effect	skip/cancel/no/decline only when in ValidChoices; meaning from ChoiceConsequences and continuation, not token alone	PromptOverlay; GameBoard for board-target/board-slot/resource-selection/board-selection/mixed-board-payment choiceMode
服务端WebSocket/TwelveLegions/L12S1FactionEffects.cs	177	search	"search"	card-selection	"卡诺匹斯箱：选择牌库中1张卡诺匹斯罐加入手牌"	choices	1	1	"card-effect"	data: new Dictionary<string	data: new Dictionary<string	runtime data/BuildPromptPresentation fallback; inspect caller	narrative.Title > data.sourceName > text prefix > PromptKindTitle(kind)	narrative.Situation > data.effectText > prompt text	narrative.Instruction > PromptInstruction(kind,min,max,uiPattern)	正在完成卡牌选择	narrative.WaitingAction when present; otherwise PromptWaitingSummary(kind)	narrative.ChoiceConsequences or empty; legacy label/data only for button name	narrative.PaymentStatus/PaymentSummary or null	narrative.SubmissionConsequence or null	runtime data/ApplyDirectBoardChoiceMode	not in choices expression	resolvePrompt with promptId/binding; client instant/pure decision or min/max confirm; server continuation decides effect	skip/cancel/no/decline only when in ValidChoices; meaning from ChoiceConsequences and continuation, not token alone	PromptOverlay; GameBoard for board-target/board-slot/resource-selection/board-selection/mixed-board-payment choiceMode
服务端WebSocket/TwelveLegions/L12S1FactionEffects.cs	204	optional-targets	"optional-targets"	target	"卡诺匹斯罐四：选择我方最多2张【太阳城】军团获得免死"	choices	1	Math.Min(2, Math.Max(1, choices.Count - 1))	"card-effect"	data: new Dictionary<string	data: new Dictionary<string	runtime data/BuildPromptPresentation fallback; inspect caller	narrative.Title > data.sourceName > text prefix > PromptKindTitle(kind)	narrative.Situation > data.effectText > prompt text	narrative.Instruction > PromptInstruction(kind,min,max,uiPattern)	正在选择效果对象	narrative.WaitingAction when present; otherwise PromptWaitingSummary(kind)	narrative.ChoiceConsequences or empty; legacy label/data only for button name	narrative.PaymentStatus/PaymentSummary or null	narrative.SubmissionConsequence or null	runtime data/ApplyDirectBoardChoiceMode	not in choices expression	resolvePrompt with promptId/binding; client instant/pure decision or min/max confirm; server continuation decides effect	skip/cancel/no/decline only when in ValidChoices; meaning from ChoiceConsequences and continuation, not token alone	PromptOverlay; GameBoard for board-target/board-slot/resource-selection/board-selection/mixed-board-payment choiceMode
服务端WebSocket/TwelveLegions/L12S1FactionEffects.cs	222	optional	"optional"	effect-decision	"神箭奥德尔：是否令我方主宰受到1点伤害并抽1张牌？"	["yes", "no"]	1	1	"card-effect"	data: WithPromptNarrative( new Dictionary<string, string> { ["action"] = "oddr-draw", ["yes"] = "发动", ["no"] = "不发动", }, new("神箭奥德尔", "〈神箭奥德尔〉的登场时效果可以选择是否发动。选择发动后，我方主宰先受到1点伤害；只有该伤害处理后对局仍继续，才会抽取1张牌。若抽牌时牌库为空，沿用牌库耗尽的既有胜负规则。", "请选择“发动”并承担1点主宰伤害，或选择“不发动”结束本效果。", L12PromptWaitingAction.EffectDecision, new Dictionary<string, string>(StringComparer.OrdinalIgnoreCase) { ["yes"] = "发动：我方主宰先受到1点伤害；若对局仍继续，再抽取1张牌。", ["no"] = "不发动：我方主宰不受此伤害，不抽牌，并结束本效果。", }))	data: WithPromptNarrative( new Dictionary<string, string> { ["action"] = "oddr-draw", ["yes"] = "发动", ["no"] = "不发动", }, new("神箭奥德尔", "〈神箭奥德尔〉的登场时效果可以选择是否发动。选择发动后，我方主宰先受到1点伤害；只有该伤害处理后对局仍继续，才会抽取1张牌。若抽牌时牌库为空，沿用牌库耗尽的既有胜负规则。", "请选择“发动”并承担1点主宰伤害，或选择“不发动”结束本效果。", L12PromptWaitingAction.EffectDecision, new Dictionary<string, string>(StringComparer.OrdinalIgnoreCase) { ["yes"] = "发动：我方主宰先受到1点伤害；若对局仍继续，再抽取1张牌。", ["no"] = "不发动：我方主宰不受此伤害，不抽牌，并结束本效果。", }))	callsite WithPromptNarrative	narrative.Title > data.sourceName > text prefix > PromptKindTitle(kind)	narrative.Situation > data.effectText > prompt text	narrative.Instruction > PromptInstruction(kind,min,max,uiPattern)	正在决定是否发动效果	narrative.WaitingAction when present; otherwise PromptWaitingSummary(kind)	narrative.ChoiceConsequences or empty; legacy label/data only for button name	narrative.PaymentStatus/PaymentSummary or null	narrative.SubmissionConsequence or null	runtime data/ApplyDirectBoardChoiceMode	candidate literal; inspect runtime choices	resolvePrompt with promptId/binding; client instant/pure decision or min/max confirm; server continuation decides effect	skip/cancel/no/decline only when in ValidChoices; meaning from ChoiceConsequences and continuation, not token alone	PromptOverlay; GameBoard for board-target/board-slot/resource-selection/board-selection/mixed-board-payment choiceMode
服务端WebSocket/TwelveLegions/L12S1FactionEffects.cs	247	optional	"optional"	effect-decision	"夺命诗人埃吉尔：是否令主宰受到1点伤害并弃置牌库顶部2张牌？"	["yes", "no"]	1	1	"card-effect"	data: WithPromptNarrative( new Dictionary<string, string> { ["action"] = "egil-pay", ["yes"] = "发动", ["no"] = "不发动", }, new("夺命诗人埃吉尔", "〈夺命诗人埃吉尔〉的登场时效果可以选择是否发动。选择发动后，我方主宰先受到1点伤害；若对局仍继续，再弃置我方牌库顶部2张牌，并在存在合法对方军团时继续选择1张使其本回合兵力-2000。若没有合法目标，已经处理的主宰伤害与牌库弃置不会返还。", "请选择“发动”并承担主宰伤害与牌库弃置，或选择“不发动”结束本效果。", L12PromptWaitingAction.EffectDecision, new Dictionary<string, string>(StringComparer.OrdinalIgnoreCase) { ["yes"] = "发动：我方主宰先受到1点伤害；若对局仍继续，再弃置牌库顶部2张牌，并按现有流程继续目标选择。", ["no"] = "不发动：我方主宰不受此伤害，不弃置牌库顶部卡牌，也不进入目标选择。", }))	data: WithPromptNarrative( new Dictionary<string, string> { ["action"] = "egil-pay", ["yes"] = "发动", ["no"] = "不发动", }, new("夺命诗人埃吉尔", "〈夺命诗人埃吉尔〉的登场时效果可以选择是否发动。选择发动后，我方主宰先受到1点伤害；若对局仍继续，再弃置我方牌库顶部2张牌，并在存在合法对方军团时继续选择1张使其本回合兵力-2000。若没有合法目标，已经处理的主宰伤害与牌库弃置不会返还。", "请选择“发动”并承担主宰伤害与牌库弃置，或选择“不发动”结束本效果。", L12PromptWaitingAction.EffectDecision, new Dictionary<string, string>(StringComparer.OrdinalIgnoreCase) { ["yes"] = "发动：我方主宰先受到1点伤害；若对局仍继续，再弃置牌库顶部2张牌，并按现有流程继续目标选择。", ["no"] = "不发动：我方主宰不受此伤害，不弃置牌库顶部卡牌，也不进入目标选择。", }))	callsite WithPromptNarrative	narrative.Title > data.sourceName > text prefix > PromptKindTitle(kind)	narrative.Situation > data.effectText > prompt text	narrative.Instruction > PromptInstruction(kind,min,max,uiPattern)	正在决定是否发动效果	narrative.WaitingAction when present; otherwise PromptWaitingSummary(kind)	narrative.ChoiceConsequences or empty; legacy label/data only for button name	narrative.PaymentStatus/PaymentSummary or null	narrative.SubmissionConsequence or null	runtime data/ApplyDirectBoardChoiceMode	candidate literal; inspect runtime choices	resolvePrompt with promptId/binding; client instant/pure decision or min/max confirm; server continuation decides effect	skip/cancel/no/decline only when in ValidChoices; meaning from ChoiceConsequences and continuation, not token alone	PromptOverlay; GameBoard for board-target/board-slot/resource-selection/board-selection/mixed-board-payment choiceMode
服务端WebSocket/TwelveLegions/L12S1FactionEffects.cs	557	discard	"discard"	card-selection	"血斧艾瑞克对主宰造成伤害：弃置1张手牌"	opponent.Hand.Select(card => card.InstanceId)	1	1	"card-effect"	data: new Dictionary<string	data: new Dictionary<string	runtime data/BuildPromptPresentation fallback; inspect caller	narrative.Title > data.sourceName > text prefix > PromptKindTitle(kind)	narrative.Situation > data.effectText > prompt text	narrative.Instruction > PromptInstruction(kind,min,max,uiPattern)	正在完成卡牌选择	narrative.WaitingAction when present; otherwise PromptWaitingSummary(kind)	narrative.ChoiceConsequences or empty; legacy label/data only for button name	narrative.PaymentStatus/PaymentSummary or null	narrative.SubmissionConsequence or null	runtime data/ApplyDirectBoardChoiceMode	not in choices expression	resolvePrompt with promptId/binding; client instant/pure decision or min/max confirm; server continuation decides effect	skip/cancel/no/decline only when in ValidChoices; meaning from ChoiceConsequences and continuation, not token alone	PromptOverlay; GameBoard for board-target/board-slot/resource-selection/board-selection/mixed-board-payment choiceMode
服务端WebSocket/TwelveLegions/L12S1FactionEffects.cs	1693	target	"target"	target	text	choices	1	1	"card-effect"	data: WithPromptNarrative(data, narrative with { ChoiceConsequences = consequences })	data: WithPromptNarrative(data, narrative with { ChoiceConsequences = consequences })	callsite WithPromptNarrative	narrative.Title > data.sourceName > text prefix > PromptKindTitle(kind)	narrative.Situation > data.effectText > prompt text	narrative.Instruction > PromptInstruction(kind,min,max,uiPattern)	正在选择效果对象	narrative.WaitingAction when present; otherwise PromptWaitingSummary(kind)	narrative.ChoiceConsequences or empty; legacy label/data only for button name	narrative.PaymentStatus/PaymentSummary or null	narrative.SubmissionConsequence or null	runtime data/ApplyDirectBoardChoiceMode	not in choices expression	resolvePrompt with promptId/binding; client instant/pure decision or min/max confirm; server continuation decides effect	skip/cancel/no/decline only when in ValidChoices; meaning from ChoiceConsequences and continuation, not token alone	PromptOverlay; GameBoard for board-target/board-slot/resource-selection/board-selection/mixed-board-payment choiceMode
服务端WebSocket/TwelveLegions/L12S1FactionEffects.cs	1702	target	"target"	target	text	choices	1	1	"card-effect"	data: new Dictionary<string	data: new Dictionary<string	runtime data/BuildPromptPresentation fallback; inspect caller	narrative.Title > data.sourceName > text prefix > PromptKindTitle(kind)	narrative.Situation > data.effectText > prompt text	narrative.Instruction > PromptInstruction(kind,min,max,uiPattern)	正在选择效果对象	narrative.WaitingAction when present; otherwise PromptWaitingSummary(kind)	narrative.ChoiceConsequences or empty; legacy label/data only for button name	narrative.PaymentStatus/PaymentSummary or null	narrative.SubmissionConsequence or null	runtime data/ApplyDirectBoardChoiceMode	not in choices expression	resolvePrompt with promptId/binding; client instant/pure decision or min/max confirm; server continuation decides effect	skip/cancel/no/decline only when in ValidChoices; meaning from ChoiceConsequences and continuation, not token alone	PromptOverlay; GameBoard for board-target/board-slot/resource-selection/board-selection/mixed-board-payment choiceMode
服务端WebSocket/TwelveLegions/L12S1FactionEffects.cs	1756	slot	"slot"	position	item.Data.GetValueOrDefault("summon-text", "选择军团登场的位置")	EmptySlots(player)	1	1	"card-effect"	data: data	data: data	runtime data/BuildPromptPresentation fallback; inspect caller	narrative.Title > data.sourceName > text prefix > PromptKindTitle(kind)	narrative.Situation > data.effectText > prompt text	narrative.Instruction > PromptInstruction(kind,min,max,uiPattern)	正在选择战场位置	narrative.WaitingAction when present; otherwise PromptWaitingSummary(kind)	narrative.ChoiceConsequences or empty; legacy label/data only for button name	narrative.PaymentStatus/PaymentSummary or null	narrative.SubmissionConsequence or null	runtime data/ApplyDirectBoardChoiceMode	not in choices expression	resolvePrompt with promptId/binding; client instant/pure decision or min/max confirm; server continuation decides effect	skip/cancel/no/decline only when in ValidChoices; meaning from ChoiceConsequences and continuation, not token alone	PromptOverlay; GameBoard for board-target/board-slot/resource-selection/board-selection/mixed-board-payment choiceMode
服务端WebSocket/TwelveLegions/L12S1FactionEffects.cs	1840	optional-card	"optional-card"	effect-decision	"选择墓地1张【阿斯加德】卡牌加入手牌"	choices	1	1	"card-effect"	data: WithPromptNarrative(data, new(sourceName, $"〈{sourceName}〉的阵亡时效果正在选择墓地回收对象。你可以选择墓地中1张当前费用不高于{maxCost}的【阿斯加德】{(legionOnly ? "军团" : "卡牌")}，并尝试将其公开加入手牌。若所选牌在结算时已离开墓地，本次回收无事结束；若既有规则不允许其进入手牌，则该牌仍留在墓地；两种情况都不会改选其他卡牌。", "请选择1张当前符合条件的墓地卡牌，或选择“不发动”结束本效果。", L12PromptWaitingAction.CardSelection, candidates.ToDictionary(card => card.InstanceId, card => $"尝试将〈{card.Name}〉从墓地公开加入手牌；结算失败时不改选。", StringComparer.OrdinalIgnoreCase) .Append(new KeyValuePair<string, string>("skip", "结束本效果，不移动任何墓地卡牌。")) .ToDictionary(pair => pair.Key, pair => pair.Value, StringComparer.OrdinalIgnoreCase)))	data: WithPromptNarrative(data, new(sourceName, $"〈{sourceName}〉的阵亡时效果正在选择墓地回收对象。你可以选择墓地中1张当前费用不高于{maxCost}的【阿斯加德】{(legionOnly ? "军团" : "卡牌")}，并尝试将其公开加入手牌。若所选牌在结算时已离开墓地，本次回收无事结束；若既有规则不允许其进入手牌，则该牌仍留在墓地；两种情况都不会改选其他卡牌。", "请选择1张当前符合条件的墓地卡牌，或选择“不发动”结束本效果。", L12PromptWaitingAction.CardSelection, candidates.ToDictionary(card => card.InstanceId, card => $"尝试将〈{card.Name}〉从墓地公开加入手牌；结算失败时不改选。", StringComparer.OrdinalIgnoreCase) .Append(new KeyValuePair<string, string>("skip", "结束本效果，不移动任何墓地卡牌。")) .ToDictionary(pair => pair.Key, pair => pair.Value, StringComparer.OrdinalIgnoreCase)))	callsite WithPromptNarrative	narrative.Title > data.sourceName > text prefix > PromptKindTitle(kind)	narrative.Situation > data.effectText > prompt text	narrative.Instruction > PromptInstruction(kind,min,max,uiPattern)	正在完成卡牌选择	narrative.WaitingAction when present; otherwise PromptWaitingSummary(kind)	narrative.ChoiceConsequences or empty; legacy label/data only for button name	narrative.PaymentStatus/PaymentSummary or null	narrative.SubmissionConsequence or null	runtime data/ApplyDirectBoardChoiceMode	not in choices expression	resolvePrompt with promptId/binding; client instant/pure decision or min/max confirm; server continuation decides effect	skip/cancel/no/decline only when in ValidChoices; meaning from ChoiceConsequences and continuation, not token alone	PromptOverlay; GameBoard for board-target/board-slot/resource-selection/board-selection/mixed-board-payment choiceMode
服务端WebSocket/TwelveLegions/L12S1FactionEffects.cs	1871	optional-card	"optional-card"	effect-decision	"选择墓地1张【阿斯加德】军团活跃登场"	choices	1	1	"card-effect"	data: WithPromptNarrative(data, new(sourceName, $"〈{sourceName}〉的阵亡时效果正在选择登场对象。你可以选择墓地中1张当前费用不高于{maxCost}的【阿斯加德】军团；选择后还需要为其选择我方战场的合法空位。此时只确定登场对象，该军团尚未离开墓地，也尚未登场。", "请选择1张当前符合条件的墓地军团进入位置选择，或选择“不发动”结束本效果。", L12PromptWaitingAction.CardSelection, candidates.ToDictionary(card => card.InstanceId, card => $"选择〈{card.Name}〉作为登场对象，然后进入合法空位选择；此时尚未登场。", StringComparer.OrdinalIgnoreCase) .Append(new KeyValuePair<string, string>("skip", "结束本效果，不选择登场对象，也不进入位置选择。")) .ToDictionary(pair => pair.Key, pair => pair.Value, StringComparer.OrdinalIgnoreCase)))	data: WithPromptNarrative(data, new(sourceName, $"〈{sourceName}〉的阵亡时效果正在选择登场对象。你可以选择墓地中1张当前费用不高于{maxCost}的【阿斯加德】军团；选择后还需要为其选择我方战场的合法空位。此时只确定登场对象，该军团尚未离开墓地，也尚未登场。", "请选择1张当前符合条件的墓地军团进入位置选择，或选择“不发动”结束本效果。", L12PromptWaitingAction.CardSelection, candidates.ToDictionary(card => card.InstanceId, card => $"选择〈{card.Name}〉作为登场对象，然后进入合法空位选择；此时尚未登场。", StringComparer.OrdinalIgnoreCase) .Append(new KeyValuePair<string, string>("skip", "结束本效果，不选择登场对象，也不进入位置选择。")) .ToDictionary(pair => pair.Key, pair => pair.Value, StringComparer.OrdinalIgnoreCase)))	callsite WithPromptNarrative	narrative.Title > data.sourceName > text prefix > PromptKindTitle(kind)	narrative.Situation > data.effectText > prompt text	narrative.Instruction > PromptInstruction(kind,min,max,uiPattern)	正在完成卡牌选择	narrative.WaitingAction when present; otherwise PromptWaitingSummary(kind)	narrative.ChoiceConsequences or empty; legacy label/data only for button name	narrative.PaymentStatus/PaymentSummary or null	narrative.SubmissionConsequence or null	runtime data/ApplyDirectBoardChoiceMode	not in choices expression	resolvePrompt with promptId/binding; client instant/pure decision or min/max confirm; server continuation decides effect	skip/cancel/no/decline only when in ValidChoices; meaning from ChoiceConsequences and continuation, not token alone	PromptOverlay; GameBoard for board-target/board-slot/resource-selection/board-selection/mixed-board-payment choiceMode
服务端WebSocket/TwelveLegions/L12S1FactionEffects.cs	1926	card	"card"	card-selection	text	choices.Select(card => card.InstanceId)	1	1	"card-effect"	data: data	data: data	runtime data/BuildPromptPresentation fallback; inspect caller	narrative.Title > data.sourceName > text prefix > PromptKindTitle(kind)	narrative.Situation > data.effectText > prompt text	narrative.Instruction > PromptInstruction(kind,min,max,uiPattern)	正在完成卡牌选择	narrative.WaitingAction when present; otherwise PromptWaitingSummary(kind)	narrative.ChoiceConsequences or empty; legacy label/data only for button name	narrative.PaymentStatus/PaymentSummary or null	narrative.SubmissionConsequence or null	runtime data/ApplyDirectBoardChoiceMode	not in choices expression	resolvePrompt with promptId/binding; client instant/pure decision or min/max confirm; server continuation decides effect	skip/cancel/no/decline only when in ValidChoices; meaning from ChoiceConsequences and continuation, not token alone	PromptOverlay; GameBoard for board-target/board-slot/resource-selection/board-selection/mixed-board-payment choiceMode
服务端WebSocket/TwelveLegions/L12S1FactionEffects.cs	1974	search	"search"	card-selection	$"选择{max}张符合条件的卡牌"	choices	max	max	"card-effect"	data: data	data: data	runtime data/BuildPromptPresentation fallback; inspect caller	narrative.Title > data.sourceName > text prefix > PromptKindTitle(kind)	narrative.Situation > data.effectText > prompt text	narrative.Instruction > PromptInstruction(kind,min,max,uiPattern)	正在完成卡牌选择	narrative.WaitingAction when present; otherwise PromptWaitingSummary(kind)	narrative.ChoiceConsequences or empty; legacy label/data only for button name	narrative.PaymentStatus/PaymentSummary or null	narrative.SubmissionConsequence or null	runtime data/ApplyDirectBoardChoiceMode	not in choices expression	resolvePrompt with promptId/binding; client instant/pure decision or min/max confirm; server continuation decides effect	skip/cancel/no/decline only when in ValidChoices; meaning from ChoiceConsequences and continuation, not token alone	PromptOverlay; GameBoard for board-target/board-slot/resource-selection/board-selection/mixed-board-payment choiceMode
服务端WebSocket/TwelveLegions/L12S1FactionEffects.cs	2031	slot	"slot"	position	text	EmptySlots(State.Players[item.Controller])	1	1	"card-effect"	data: WithPromptNarrative( new Dictionary<string, string> { ["action"] = action }, narrative)	data: WithPromptNarrative( new Dictionary<string, string> { ["action"] = action }, narrative)	callsite WithPromptNarrative	narrative.Title > data.sourceName > text prefix > PromptKindTitle(kind)	narrative.Situation > data.effectText > prompt text	narrative.Instruction > PromptInstruction(kind,min,max,uiPattern)	正在选择战场位置	narrative.WaitingAction when present; otherwise PromptWaitingSummary(kind)	narrative.ChoiceConsequences or empty; legacy label/data only for button name	narrative.PaymentStatus/PaymentSummary or null	narrative.SubmissionConsequence or null	runtime data/ApplyDirectBoardChoiceMode	not in choices expression	resolvePrompt with promptId/binding; client instant/pure decision or min/max confirm; server continuation decides effect	skip/cancel/no/decline only when in ValidChoices; meaning from ChoiceConsequences and continuation, not token alone	PromptOverlay; GameBoard for board-target/board-slot/resource-selection/board-selection/mixed-board-payment choiceMode
服务端WebSocket/TwelveLegions/L12S2CounterTactics.cs	98	discard-or-decline	"discard-or-decline"	card-selection	"地主的胁迫：额外弃置1张手牌，否则本次抵挡/支援无效"	choices	1	1	"card-effect"	isPrivate: true	data: WithPromptNarrative( new Dictionary<string, string> { ["action"] = "s2-landlord-extra-discard", ["targetStackId"] = target.StackItemId, ["choiceMode"] = "instant", ["decline"] = "放弃抵挡/支援", }, new("地主的胁迫", $"对方发动〈地主的胁迫〉，要求你为本次{actionLabel}额外弃置1张未用于{actionLabel}的手牌，否则本次{actionLabel}无效。", "请选择一张其余手牌弃置，或选择“放弃抵挡/支援”。", L12PromptWaitingAction.CardSelection, consequences))	callsite WithPromptNarrative	narrative.Title > data.sourceName > text prefix > PromptKindTitle(kind)	narrative.Situation > data.effectText > prompt text	narrative.Instruction > PromptInstruction(kind,min,max,uiPattern)	正在完成卡牌选择	narrative.WaitingAction when present; otherwise PromptWaitingSummary(kind)	narrative.ChoiceConsequences or empty; legacy label/data only for button name	narrative.PaymentStatus/PaymentSummary or null	narrative.SubmissionConsequence or null	instant	not in choices expression	resolvePrompt with promptId/binding; client instant/pure decision or min/max confirm; server continuation decides effect	skip/cancel/no/decline only when in ValidChoices; meaning from ChoiceConsequences and continuation, not token alone	PromptOverlay; GameBoard for board-target/board-slot/resource-selection/board-selection/mixed-board-payment choiceMode
服务端WebSocket/TwelveLegions/L12S2CounterTactics.cs	167	hand-card	"hand-card"	card-selection	"毒药发作：弃置1张手牌"	poisonChoices.Select(card => card.InstanceId)	1	1	"card-effect"	isPrivate: true	data: WithPromptNarrative( new Dictionary<string, string> { ["action"] = "s2-poison-discard" }, new("毒药发作", "〈毒药发作〉的强制弃牌效果正在结算，受影响的玩家必须弃置1张手牌。", "请选择1张手牌弃置；本次没有拒绝选项。", L12PromptWaitingAction.CardSelection, poisonChoices.ToDictionary(card => card.InstanceId, card => $"弃置〈{card.Name}〉，并完成〈毒药发作〉的强制弃牌。", StringComparer.OrdinalIgnoreCase)))	callsite WithPromptNarrative	narrative.Title > data.sourceName > text prefix > PromptKindTitle(kind)	narrative.Situation > data.effectText > prompt text	narrative.Instruction > PromptInstruction(kind,min,max,uiPattern)	正在完成卡牌选择	narrative.WaitingAction when present; otherwise PromptWaitingSummary(kind)	narrative.ChoiceConsequences or empty; legacy label/data only for button name	narrative.PaymentStatus/PaymentSummary or null	narrative.SubmissionConsequence or null	runtime data/ApplyDirectBoardChoiceMode	not in choices expression	resolvePrompt with promptId/binding; client instant/pure decision or min/max confirm; server continuation decides effect	skip/cancel/no/decline only when in ValidChoices; meaning from ChoiceConsequences and continuation, not token alone	PromptOverlay; GameBoard for board-target/board-slot/resource-selection/board-selection/mixed-board-payment choiceMode
服务端WebSocket/TwelveLegions/L12S2FactionEffects.cs	239	optional	"optional"	effect-decision	promptText	["yes", "no"]	1	1	"card-effect"	data: WithPromptNarrative( new Dictionary<string, string> { ["action"] = "s2-arthur-sword", ["yes"] = "发动", ["no"] = "不发动", }, new("亚瑟王", existingSwordOwner is null ? "〈亚瑟王〉的登场时效果正在结算。你可以消耗1符文，将〈王者之剑〉叠放至本次登场的〈亚瑟王〉下方。" : $"〈王者之剑〉已经叠放在〈{existingSwordOwner.Name}〉下方。场上同时只能存在1张〈王者之剑〉；选择继续仍会消耗1符文，但不会生成、移动或叠放新的剑，也不会产生后续结果。", "请选择“发动”并消耗1符文，或选择“不发动”且不消耗符文。", L12PromptWaitingAction.EffectDecision, new Dictionary<string, string>(StringComparer.OrdinalIgnoreCase) { ["yes"] = existingSwordOwner is null ? "消耗1符文，并将〈王者之剑〉叠放至本次登场的〈亚瑟王〉下方。" : "消耗1符文；〈王者之剑〉保持原位，本次效果不产生其他结果。", ["no"] = "不发动本次登场时效果，也不消耗符文。", }))	data: WithPromptNarrative( new Dictionary<string, string> { ["action"] = "s2-arthur-sword", ["yes"] = "发动", ["no"] = "不发动", }, new("亚瑟王", existingSwordOwner is null ? "〈亚瑟王〉的登场时效果正在结算。你可以消耗1符文，将〈王者之剑〉叠放至本次登场的〈亚瑟王〉下方。" : $"〈王者之剑〉已经叠放在〈{existingSwordOwner.Name}〉下方。场上同时只能存在1张〈王者之剑〉；选择继续仍会消耗1符文，但不会生成、移动或叠放新的剑，也不会产生后续结果。", "请选择“发动”并消耗1符文，或选择“不发动”且不消耗符文。", L12PromptWaitingAction.EffectDecision, new Dictionary<string, string>(StringComparer.OrdinalIgnoreCase) { ["yes"] = existingSwordOwner is null ? "消耗1符文，并将〈王者之剑〉叠放至本次登场的〈亚瑟王〉下方。" : "消耗1符文；〈王者之剑〉保持原位，本次效果不产生其他结果。", ["no"] = "不发动本次登场时效果，也不消耗符文。", }))	callsite WithPromptNarrative	narrative.Title > data.sourceName > text prefix > PromptKindTitle(kind)	narrative.Situation > data.effectText > prompt text	narrative.Instruction > PromptInstruction(kind,min,max,uiPattern)	正在决定是否发动效果	narrative.WaitingAction when present; otherwise PromptWaitingSummary(kind)	narrative.ChoiceConsequences or empty; legacy label/data only for button name	narrative.PaymentStatus/PaymentSummary or null	narrative.SubmissionConsequence or null	runtime data/ApplyDirectBoardChoiceMode	candidate literal; inspect runtime choices	resolvePrompt with promptId/binding; client instant/pure decision or min/max confirm; server continuation decides effect	skip/cancel/no/decline only when in ValidChoices; meaning from ChoiceConsequences and continuation, not token alone	PromptOverlay; GameBoard for board-target/board-slot/resource-selection/board-selection/mixed-board-payment choiceMode
服务端WebSocket/TwelveLegions/L12S2FactionEffects.cs	281	optional	"optional"	effect-decision	"是否对双方主宰各造成1点非致命伤害？"	["yes", "no"]	1	1	"card-effect"	data: WithPromptNarrative( new Dictionary<string, string> { ["action"] = "s2-heracles-entry-damage", ["yes"] = "发动", ["no"] = "不发动", }, new("赫拉克勒斯·晋升", "〈赫拉克勒斯·晋升〉的登场时效果正在结算。你可以令双方主宰各受到1点非致命伤害；非致命伤害不会令主宰的生命降至1以下。", "请选择是否发动；不发动时双方主宰都不会受到本次伤害。", L12PromptWaitingAction.EffectDecision, new Dictionary<string, string>(StringComparer.OrdinalIgnoreCase) { ["yes"] = "双方主宰各受到1点非致命伤害，生命最低保留为1。", ["no"] = "不发动本次登场时效果，双方主宰的生命不变。", }))	data: WithPromptNarrative( new Dictionary<string, string> { ["action"] = "s2-heracles-entry-damage", ["yes"] = "发动", ["no"] = "不发动", }, new("赫拉克勒斯·晋升", "〈赫拉克勒斯·晋升〉的登场时效果正在结算。你可以令双方主宰各受到1点非致命伤害；非致命伤害不会令主宰的生命降至1以下。", "请选择是否发动；不发动时双方主宰都不会受到本次伤害。", L12PromptWaitingAction.EffectDecision, new Dictionary<string, string>(StringComparer.OrdinalIgnoreCase) { ["yes"] = "双方主宰各受到1点非致命伤害，生命最低保留为1。", ["no"] = "不发动本次登场时效果，双方主宰的生命不变。", }))	callsite WithPromptNarrative	narrative.Title > data.sourceName > text prefix > PromptKindTitle(kind)	narrative.Situation > data.effectText > prompt text	narrative.Instruction > PromptInstruction(kind,min,max,uiPattern)	正在决定是否发动效果	narrative.WaitingAction when present; otherwise PromptWaitingSummary(kind)	narrative.ChoiceConsequences or empty; legacy label/data only for button name	narrative.PaymentStatus/PaymentSummary or null	narrative.SubmissionConsequence or null	runtime data/ApplyDirectBoardChoiceMode	candidate literal; inspect runtime choices	resolvePrompt with promptId/binding; client instant/pure decision or min/max confirm; server continuation decides effect	skip/cancel/no/decline only when in ValidChoices; meaning from ChoiceConsequences and continuation, not token alone	PromptOverlay; GameBoard for board-target/board-slot/resource-selection/board-selection/mixed-board-payment choiceMode
服务端WebSocket/TwelveLegions/L12S2FactionEffects.cs	299	optional	"optional"	effect-decision	"赫拉克勒斯：是否抽取2张牌，并弃置1张手牌？"	["yes", "no"]	1	1	"card-effect"	data: WithPromptNarrative( new Dictionary<string, string> { ["action"] = "s2-heracles-draw-discard-choice", ["yes"] = "发动", ["no"] = "不发动", }, new("赫拉克勒斯", "〈赫拉克勒斯〉的登场时效果正在结算。选择发动后先抽取2张牌，再必须弃置1张手牌以完成效果；这次弃牌属于效果结算，不是发动费用。", "请选择是否发动；不发动时不会抽牌，也不会弃牌。", L12PromptWaitingAction.EffectDecision, new Dictionary<string, string>(StringComparer.OrdinalIgnoreCase) { ["yes"] = "抽取2张牌，然后必须弃置1张手牌以完成效果。", ["no"] = "不发动本次登场时效果，不抽牌也不弃牌。", }))	data: WithPromptNarrative( new Dictionary<string, string> { ["action"] = "s2-heracles-draw-discard-choice", ["yes"] = "发动", ["no"] = "不发动", }, new("赫拉克勒斯", "〈赫拉克勒斯〉的登场时效果正在结算。选择发动后先抽取2张牌，再必须弃置1张手牌以完成效果；这次弃牌属于效果结算，不是发动费用。", "请选择是否发动；不发动时不会抽牌，也不会弃牌。", L12PromptWaitingAction.EffectDecision, new Dictionary<string, string>(StringComparer.OrdinalIgnoreCase) { ["yes"] = "抽取2张牌，然后必须弃置1张手牌以完成效果。", ["no"] = "不发动本次登场时效果，不抽牌也不弃牌。", }))	callsite WithPromptNarrative	narrative.Title > data.sourceName > text prefix > PromptKindTitle(kind)	narrative.Situation > data.effectText > prompt text	narrative.Instruction > PromptInstruction(kind,min,max,uiPattern)	正在决定是否发动效果	narrative.WaitingAction when present; otherwise PromptWaitingSummary(kind)	narrative.ChoiceConsequences or empty; legacy label/data only for button name	narrative.PaymentStatus/PaymentSummary or null	narrative.SubmissionConsequence or null	runtime data/ApplyDirectBoardChoiceMode	candidate literal; inspect runtime choices	resolvePrompt with promptId/binding; client instant/pure decision or min/max confirm; server continuation decides effect	skip/cancel/no/decline only when in ValidChoices; meaning from ChoiceConsequences and continuation, not token alone	PromptOverlay; GameBoard for board-target/board-slot/resource-selection/board-selection/mixed-board-payment choiceMode
服务端WebSocket/TwelveLegions/L12S2FactionEffects.cs	341	optional-card	"optional-card"	effect-decision	"圣女贞德：可弃置1张手牌，使我方主宰直到下个我方回合开始前无法被进攻"	choices	1	1	"card-effect"	data: WithPromptNarrative( new Dictionary<string, string> { ["action"] = "s2-joan-master-guard", ["skip"] = "不发动", }, new("圣女贞德", "〈圣女贞德〉的登场时效果正在结算。你可以弃置1张手牌支付费用，使我方主宰直到下个我方回合开始前无法被进攻。", "请选择1张手牌弃置并支付费用，或选择“不发动”；不发动时不会弃牌，也不会获得保护。", L12PromptWaitingAction.CostPayment, consequences))	data: WithPromptNarrative( new Dictionary<string, string> { ["action"] = "s2-joan-master-guard", ["skip"] = "不发动", }, new("圣女贞德", "〈圣女贞德〉的登场时效果正在结算。你可以弃置1张手牌支付费用，使我方主宰直到下个我方回合开始前无法被进攻。", "请选择1张手牌弃置并支付费用，或选择“不发动”；不发动时不会弃牌，也不会获得保护。", L12PromptWaitingAction.CostPayment, consequences))	callsite WithPromptNarrative	narrative.Title > data.sourceName > text prefix > PromptKindTitle(kind)	narrative.Situation > data.effectText > prompt text	narrative.Instruction > PromptInstruction(kind,min,max,uiPattern)	正在完成卡牌选择	narrative.WaitingAction when present; otherwise PromptWaitingSummary(kind)	narrative.ChoiceConsequences or empty; legacy label/data only for button name	narrative.PaymentStatus/PaymentSummary or null	narrative.SubmissionConsequence or null	runtime data/ApplyDirectBoardChoiceMode	not in choices expression	resolvePrompt with promptId/binding; client instant/pure decision or min/max confirm; server continuation decides effect	skip/cancel/no/decline only when in ValidChoices; meaning from ChoiceConsequences and continuation, not token alone	PromptOverlay; GameBoard for board-target/board-slot/resource-selection/board-selection/mixed-board-payment choiceMode
服务端WebSocket/TwelveLegions/L12S2FactionEffects.cs	378	optional-card	"optional-card"	effect-decision	"罗宾汉：可从手牌、牌库或墓地选择1张〈侍从骑士〉活跃登场"	squires	1	1	"card-effect"	data: BuildS2RobinSummonSquirePromptData(player, item, candidates, data)	data: BuildS2RobinSummonSquirePromptData(player, item, candidates, data)	runtime data/BuildPromptPresentation fallback; inspect caller	narrative.Title > data.sourceName > text prefix > PromptKindTitle(kind)	narrative.Situation > data.effectText > prompt text	narrative.Instruction > PromptInstruction(kind,min,max,uiPattern)	正在完成卡牌选择	narrative.WaitingAction when present; otherwise PromptWaitingSummary(kind)	narrative.ChoiceConsequences or empty; legacy label/data only for button name	narrative.PaymentStatus/PaymentSummary or null	narrative.SubmissionConsequence or null	runtime data/ApplyDirectBoardChoiceMode	not in choices expression	resolvePrompt with promptId/binding; client instant/pure decision or min/max confirm; server continuation decides effect	skip/cancel/no/decline only when in ValidChoices; meaning from ChoiceConsequences and continuation, not token alone	PromptOverlay; GameBoard for board-target/board-slot/resource-selection/board-selection/mixed-board-payment choiceMode
服务端WebSocket/TwelveLegions/L12S2FactionEffects.cs	389	optional-target	"optional-target"	target	"克劳迪娅：可消耗1符文，选择对方1张军团本回合兵力-2000"	targets	1	1	"card-effect"	data: new Dictionary<string	data: new Dictionary<string	runtime data/BuildPromptPresentation fallback; inspect caller	narrative.Title > data.sourceName > text prefix > PromptKindTitle(kind)	narrative.Situation > data.effectText > prompt text	narrative.Instruction > PromptInstruction(kind,min,max,uiPattern)	正在选择效果对象	narrative.WaitingAction when present; otherwise PromptWaitingSummary(kind)	narrative.ChoiceConsequences or empty; legacy label/data only for button name	narrative.PaymentStatus/PaymentSummary or null	narrative.SubmissionConsequence or null	runtime data/ApplyDirectBoardChoiceMode	not in choices expression	resolvePrompt with promptId/binding; client instant/pure decision or min/max confirm; server continuation decides effect	skip/cancel/no/decline only when in ValidChoices; meaning from ChoiceConsequences and continuation, not token alone	PromptOverlay; GameBoard for board-target/board-slot/resource-selection/board-selection/mixed-board-payment choiceMode
服务端WebSocket/TwelveLegions/L12S2FactionEffects.cs	413	optional-card	"optional-card"	effect-decision	"八尺琼勾玉：可查看牌库，选择1张【高天原】的【骑兵】军团展示并加入手牌，随后重洗牌库"	choices	1	1	"card-effect"	data: BuildS2MagatamaSearchPromptData(candidates, new Dictionary<string, string> { ["action"] = "s2-magatama-search", ["choiceMode"] = "optional-add", ["skip"] = "不加入手牌", })	data: BuildS2MagatamaSearchPromptData(candidates, new Dictionary<string, string> { ["action"] = "s2-magatama-search", ["choiceMode"] = "optional-add", ["skip"] = "不加入手牌", })	runtime data/BuildPromptPresentation fallback; inspect caller	narrative.Title > data.sourceName > text prefix > PromptKindTitle(kind)	narrative.Situation > data.effectText > prompt text	narrative.Instruction > PromptInstruction(kind,min,max,uiPattern)	正在完成卡牌选择	narrative.WaitingAction when present; otherwise PromptWaitingSummary(kind)	narrative.ChoiceConsequences or empty; legacy label/data only for button name	narrative.PaymentStatus/PaymentSummary or null	narrative.SubmissionConsequence or null	optional-add	not in choices expression	resolvePrompt with promptId/binding; client instant/pure decision or min/max confirm; server continuation decides effect	skip/cancel/no/decline only when in ValidChoices; meaning from ChoiceConsequences and continuation, not token alone	PromptOverlay; GameBoard for board-target/board-slot/resource-selection/board-selection/mixed-board-payment choiceMode
服务端WebSocket/TwelveLegions/L12S2FactionEffects.cs	440	cards	"cards"	card-selection	"卡纽特大帝：可选择我方战场或墓地最多2张非同名的【阿斯加德】军团，触发其阵亡时效果"	choices	0	Math.Min(2, choices.Length)	"card-effect"	data: data	data: data	runtime data/BuildPromptPresentation fallback; inspect caller	narrative.Title > data.sourceName > text prefix > PromptKindTitle(kind)	narrative.Situation > data.effectText > prompt text	narrative.Instruction > PromptInstruction(kind,min,max,uiPattern)	正在完成卡牌选择	narrative.WaitingAction when present; otherwise PromptWaitingSummary(kind)	narrative.ChoiceConsequences or empty; legacy label/data only for button name	narrative.PaymentStatus/PaymentSummary or null	narrative.SubmissionConsequence or null	runtime data/ApplyDirectBoardChoiceMode	not in choices expression	resolvePrompt with promptId/binding; client instant/pure decision or min/max confirm; server continuation decides effect	skip/cancel/no/decline only when in ValidChoices; meaning from ChoiceConsequences and continuation, not token alone	PromptOverlay; GameBoard for board-target/board-slot/resource-selection/board-selection/mixed-board-payment choiceMode
服务端WebSocket/TwelveLegions/L12S2FactionEffects.cs	459	hand-card	"hand-card"	card-selection	"珀尔修斯：可弃置1张手牌，将墓地1张〈珀尔修斯·晋升〉加入手牌"	choices	1	1	"card-effect"	data: WithPromptNarrative(data, new("珀尔修斯", "〈珀尔修斯〉的登场时效果正在结算。你可以弃置1张手牌支付费用；成功支付后，公开墓地的〈珀尔修斯·晋升〉并将其加入手牌。", "请选择1张手牌弃置并支付费用，或选择“不发动”；不发动时手牌和墓地都不会改变。", L12PromptWaitingAction.CostPayment, player.Hand.ToDictionary(candidate => candidate.InstanceId, candidate => $"弃置〈{candidate.Name}〉支付费用，并将墓地的〈珀尔修斯·晋升〉加入手牌。", StringComparer.OrdinalIgnoreCase) .Append(new KeyValuePair<string, string>("skip", "不支付弃牌费用，不将〈珀尔修斯·晋升〉加入手牌。")) .ToDictionary(pair => pair.Key, pair => pair.Value, StringComparer.OrdinalIgnoreCase)))	data: WithPromptNarrative(data, new("珀尔修斯", "〈珀尔修斯〉的登场时效果正在结算。你可以弃置1张手牌支付费用；成功支付后，公开墓地的〈珀尔修斯·晋升〉并将其加入手牌。", "请选择1张手牌弃置并支付费用，或选择“不发动”；不发动时手牌和墓地都不会改变。", L12PromptWaitingAction.CostPayment, player.Hand.ToDictionary(candidate => candidate.InstanceId, candidate => $"弃置〈{candidate.Name}〉支付费用，并将墓地的〈珀尔修斯·晋升〉加入手牌。", StringComparer.OrdinalIgnoreCase) .Append(new KeyValuePair<string, string>("skip", "不支付弃牌费用，不将〈珀尔修斯·晋升〉加入手牌。")) .ToDictionary(pair => pair.Key, pair => pair.Value, StringComparer.OrdinalIgnoreCase)))	callsite WithPromptNarrative	narrative.Title > data.sourceName > text prefix > PromptKindTitle(kind)	narrative.Situation > data.effectText > prompt text	narrative.Instruction > PromptInstruction(kind,min,max,uiPattern)	正在完成卡牌选择	narrative.WaitingAction when present; otherwise PromptWaitingSummary(kind)	narrative.ChoiceConsequences or empty; legacy label/data only for button name	narrative.PaymentStatus/PaymentSummary or null	narrative.SubmissionConsequence or null	runtime data/ApplyDirectBoardChoiceMode	not in choices expression	resolvePrompt with promptId/binding; client instant/pure decision or min/max confirm; server continuation decides effect	skip/cancel/no/decline only when in ValidChoices; meaning from ChoiceConsequences and continuation, not token alone	PromptOverlay; GameBoard for board-target/board-slot/resource-selection/board-selection/mixed-board-payment choiceMode
服务端WebSocket/TwelveLegions/L12S2FactionEffects.cs	486	hand-card	"hand-card"	card-selection	"弃置1张手牌：选择1张休整的【高天原】军团转为活跃"	choices	1	1	"card-effect"	data: WithPromptNarrative( new Dictionary<string, string> { ["action"] = "s2-gaotianyuan-ready-discard" }, new("井伊直虎", "〈井伊直虎〉的登场时效果正在结算。你必须先弃置1张手牌支付费用；支付成功后，才能从已经声明的合法对象中选择1张休整的【高天原】军团转为活跃。", "请选择1张手牌弃置并支付费用；本步骤不能取消或跳过。", L12PromptWaitingAction.CostPayment, discardChoices.ToDictionary(candidate => candidate.InstanceId, candidate => $"弃置〈{candidate.Name}〉支付费用，然后进入休整【高天原】军团的对象选择。", StringComparer.OrdinalIgnoreCase), PaymentStatus: "pending", PaymentSummary: "尚未支付费用；确认后弃置所选的1张手牌。", SubmissionConsequence: "弃置所选手牌，再选择仍合法的军团目标。"))	data: WithPromptNarrative( new Dictionary<string, string> { ["action"] = "s2-gaotianyuan-ready-discard" }, new("井伊直虎", "〈井伊直虎〉的登场时效果正在结算。你必须先弃置1张手牌支付费用；支付成功后，才能从已经声明的合法对象中选择1张休整的【高天原】军团转为活跃。", "请选择1张手牌弃置并支付费用；本步骤不能取消或跳过。", L12PromptWaitingAction.CostPayment, discardChoices.ToDictionary(candidate => candidate.InstanceId, candidate => $"弃置〈{candidate.Name}〉支付费用，然后进入休整【高天原】军团的对象选择。", StringComparer.OrdinalIgnoreCase), PaymentStatus: "pending", PaymentSummary: "尚未支付费用；确认后弃置所选的1张手牌。", SubmissionConsequence: "弃置所选手牌，再选择仍合法的军团目标。"))	callsite WithPromptNarrative	narrative.Title > data.sourceName > text prefix > PromptKindTitle(kind)	narrative.Situation > data.effectText > prompt text	narrative.Instruction > PromptInstruction(kind,min,max,uiPattern)	正在完成卡牌选择	narrative.WaitingAction when present; otherwise PromptWaitingSummary(kind)	narrative.ChoiceConsequences or empty; legacy label/data only for button name	narrative.PaymentStatus/PaymentSummary or null	narrative.SubmissionConsequence or null	runtime data/ApplyDirectBoardChoiceMode	not in choices expression	resolvePrompt with promptId/binding; client instant/pure decision or min/max confirm; server continuation decides effect	skip/cancel/no/decline only when in ValidChoices; meaning from ChoiceConsequences and continuation, not token alone	PromptOverlay; GameBoard for board-target/board-slot/resource-selection/board-selection/mixed-board-payment choiceMode
服务端WebSocket/TwelveLegions/L12S2FactionEffects.cs	558	optional-card	"optional-card"	effect-decision	"伊姆何泰普：可将墓地1张费用为6及以上的【太阳城】军团加入手牌"	choices	1	1	"card-effect"	data: WithPromptNarrative( new Dictionary<string, string> { ["action"] = "s2-imhotep-recover", ["skip"] = "不发动", }, new("伊姆何泰普", "〈伊姆何泰普〉的登场时效果正在结算。因我方手牌数量少于对方，你可以从墓地选择1张费用为6及以上的【太阳城】军团，公开并加入手牌；若所选军团在结算前离开墓地，本次不会回收其他卡牌。", "请选择1张符合条件的墓地军团，或选择“不发动”；不发动时墓地和手牌都不会改变。", L12PromptWaitingAction.CardSelection, recoverChoices.ToDictionary(candidate => candidate.InstanceId, candidate => $"公开墓地的〈{candidate.Name}〉并将其加入手牌。", StringComparer.OrdinalIgnoreCase) .Append(new KeyValuePair<string, string>("skip", "不发动本次回收效果，墓地和手牌都不改变。")) .ToDictionary(pair => pair.Key, pair => pair.Value, StringComparer.OrdinalIgnoreCase)))	data: WithPromptNarrative( new Dictionary<string, string> { ["action"] = "s2-imhotep-recover", ["skip"] = "不发动", }, new("伊姆何泰普", "〈伊姆何泰普〉的登场时效果正在结算。因我方手牌数量少于对方，你可以从墓地选择1张费用为6及以上的【太阳城】军团，公开并加入手牌；若所选军团在结算前离开墓地，本次不会回收其他卡牌。", "请选择1张符合条件的墓地军团，或选择“不发动”；不发动时墓地和手牌都不会改变。", L12PromptWaitingAction.CardSelection, recoverChoices.ToDictionary(candidate => candidate.InstanceId, candidate => $"公开墓地的〈{candidate.Name}〉并将其加入手牌。", StringComparer.OrdinalIgnoreCase) .Append(new KeyValuePair<string, string>("skip", "不发动本次回收效果，墓地和手牌都不改变。")) .ToDictionary(pair => pair.Key, pair => pair.Value, StringComparer.OrdinalIgnoreCase)))	callsite WithPromptNarrative	narrative.Title > data.sourceName > text prefix > PromptKindTitle(kind)	narrative.Situation > data.effectText > prompt text	narrative.Instruction > PromptInstruction(kind,min,max,uiPattern)	正在完成卡牌选择	narrative.WaitingAction when present; otherwise PromptWaitingSummary(kind)	narrative.ChoiceConsequences or empty; legacy label/data only for button name	narrative.PaymentStatus/PaymentSummary or null	narrative.SubmissionConsequence or null	runtime data/ApplyDirectBoardChoiceMode	not in choices expression	resolvePrompt with promptId/binding; client instant/pure decision or min/max confirm; server continuation decides effect	skip/cancel/no/decline only when in ValidChoices; meaning from ChoiceConsequences and continuation, not token alone	PromptOverlay; GameBoard for board-target/board-slot/resource-selection/board-selection/mixed-board-payment choiceMode
服务端WebSocket/TwelveLegions/L12S2FactionEffects.cs	584	optional-card	"optional-card"	effect-decision	"武田信玄：可查看牌库并选择1张兵力不高于5000的【高天原】军团展示并加入手牌"	choices	1	1	"card-effect"	data: BuildS2TakedaSearchPromptData(player, choices, new Dictionary<string, string> { ["action"] = "s2-takeda-search", ["skip"] = "不加入手牌", })	data: BuildS2TakedaSearchPromptData(player, choices, new Dictionary<string, string> { ["action"] = "s2-takeda-search", ["skip"] = "不加入手牌", })	runtime data/BuildPromptPresentation fallback; inspect caller	narrative.Title > data.sourceName > text prefix > PromptKindTitle(kind)	narrative.Situation > data.effectText > prompt text	narrative.Instruction > PromptInstruction(kind,min,max,uiPattern)	正在完成卡牌选择	narrative.WaitingAction when present; otherwise PromptWaitingSummary(kind)	narrative.ChoiceConsequences or empty; legacy label/data only for button name	narrative.PaymentStatus/PaymentSummary or null	narrative.SubmissionConsequence or null	runtime data/ApplyDirectBoardChoiceMode	not in choices expression	resolvePrompt with promptId/binding; client instant/pure decision or min/max confirm; server continuation decides effect	skip/cancel/no/decline only when in ValidChoices; meaning from ChoiceConsequences and continuation, not token alone	PromptOverlay; GameBoard for board-target/board-slot/resource-selection/board-selection/mixed-board-payment choiceMode
服务端WebSocket/TwelveLegions/L12S2FactionEffects.cs	612	optional-card	"optional-card"	effect-decision	"可展示手牌中1张军团并放回牌库顶部，随后击杀费用不高于该牌费用的对方军团"	handLegions	1	1	"card-effect"	data: WithPromptNarrative( new Dictionary<string, string> { ["action"] = "s2-heracles-promotion-show", ["skip"] = "不发动", }, new("赫拉克勒斯·晋升", "〈赫拉克勒斯·晋升〉的晋升登场效果正在结算。你可以展示手牌中1张军团并将其放回牌库顶部，以支付本次效果的费用；随后可击杀对方1张费用不高于所展示军团费用的军团。费用支付后，即使没有合法目标或所选目标随后失效，已展示的军团也不会返回手牌，且不会改选其他目标。", "请选择1张手牌中的军团展示并放回牌库顶部，或选择“不发动”。", L12PromptWaitingAction.CostPayment, handLegionChoices.ToDictionary(candidate => candidate.InstanceId, candidate => $"展示〈{candidate.Name}〉并放回牌库顶部，支付费用；随后可选择费用不高于{candidate.CurrentCost}的对方军团。", StringComparer.OrdinalIgnoreCase) .Append(new KeyValuePair<string, string>("skip", "不支付展示并回顶的费用，也不选择击杀目标。")) .ToDictionary(pair => pair.Key, pair => pair.Value, StringComparer.OrdinalIgnoreCase)))	data: WithPromptNarrative( new Dictionary<string, string> { ["action"] = "s2-heracles-promotion-show", ["skip"] = "不发动", }, new("赫拉克勒斯·晋升", "〈赫拉克勒斯·晋升〉的晋升登场效果正在结算。你可以展示手牌中1张军团并将其放回牌库顶部，以支付本次效果的费用；随后可击杀对方1张费用不高于所展示军团费用的军团。费用支付后，即使没有合法目标或所选目标随后失效，已展示的军团也不会返回手牌，且不会改选其他目标。", "请选择1张手牌中的军团展示并放回牌库顶部，或选择“不发动”。", L12PromptWaitingAction.CostPayment, handLegionChoices.ToDictionary(candidate => candidate.InstanceId, candidate => $"展示〈{candidate.Name}〉并放回牌库顶部，支付费用；随后可选择费用不高于{candidate.CurrentCost}的对方军团。", StringComparer.OrdinalIgnoreCase) .Append(new KeyValuePair<string, string>("skip", "不支付展示并回顶的费用，也不选择击杀目标。")) .ToDictionary(pair => pair.Key, pair => pair.Value, StringComparer.OrdinalIgnoreCase)))	callsite WithPromptNarrative	narrative.Title > data.sourceName > text prefix > PromptKindTitle(kind)	narrative.Situation > data.effectText > prompt text	narrative.Instruction > PromptInstruction(kind,min,max,uiPattern)	正在完成卡牌选择	narrative.WaitingAction when present; otherwise PromptWaitingSummary(kind)	narrative.ChoiceConsequences or empty; legacy label/data only for button name	narrative.PaymentStatus/PaymentSummary or null	narrative.SubmissionConsequence or null	runtime data/ApplyDirectBoardChoiceMode	not in choices expression	resolvePrompt with promptId/binding; client instant/pure decision or min/max confirm; server continuation decides effect	skip/cancel/no/decline only when in ValidChoices; meaning from ChoiceConsequences and continuation, not token alone	PromptOverlay; GameBoard for board-target/board-slot/resource-selection/board-selection/mixed-board-payment choiceMode
服务端WebSocket/TwelveLegions/L12S2FactionEffects.cs	646	optional-target	"optional-target"	target	"可选择对方1张休整军团，使其在下个对方重置阶段无法转为活跃"	targets	1	1	"card-effect"	data: WithPromptNarrative( new Dictionary<string, string> { ["action"] = "s2-perseus-promotion-lock", ["skip"] = "不发动", }, new("珀尔修斯·晋升", "〈珀尔修斯·晋升〉的晋升登场效果正在结算。你可以选择对方1张休整军团，使其在下个对方重置阶段无法转为活跃；若所选军团在结算时已离场或不再休整，本次效果不生效，也不会改选其他目标。", "请选择1张对方休整军团，或选择“不发动”；本效果没有额外费用。", L12PromptWaitingAction.TargetSelection, targetChoices.ToDictionary(target => target.InstanceId, target => $"使〈{target.Name}〉在下个对方重置阶段无法转为活跃；若结算时不再合法，则不改选。", StringComparer.OrdinalIgnoreCase) .Append(new KeyValuePair<string, string>("skip", "不发动本次锁定效果，不影响任何军团。")) .ToDictionary(pair => pair.Key, pair => pair.Value, StringComparer.OrdinalIgnoreCase)))	data: WithPromptNarrative( new Dictionary<string, string> { ["action"] = "s2-perseus-promotion-lock", ["skip"] = "不发动", }, new("珀尔修斯·晋升", "〈珀尔修斯·晋升〉的晋升登场效果正在结算。你可以选择对方1张休整军团，使其在下个对方重置阶段无法转为活跃；若所选军团在结算时已离场或不再休整，本次效果不生效，也不会改选其他目标。", "请选择1张对方休整军团，或选择“不发动”；本效果没有额外费用。", L12PromptWaitingAction.TargetSelection, targetChoices.ToDictionary(target => target.InstanceId, target => $"使〈{target.Name}〉在下个对方重置阶段无法转为活跃；若结算时不再合法，则不改选。", StringComparer.OrdinalIgnoreCase) .Append(new KeyValuePair<string, string>("skip", "不发动本次锁定效果，不影响任何军团。")) .ToDictionary(pair => pair.Key, pair => pair.Value, StringComparer.OrdinalIgnoreCase)))	callsite WithPromptNarrative	narrative.Title > data.sourceName > text prefix > PromptKindTitle(kind)	narrative.Situation > data.effectText > prompt text	narrative.Instruction > PromptInstruction(kind,min,max,uiPattern)	正在选择效果对象	narrative.WaitingAction when present; otherwise PromptWaitingSummary(kind)	narrative.ChoiceConsequences or empty; legacy label/data only for button name	narrative.PaymentStatus/PaymentSummary or null	narrative.SubmissionConsequence or null	runtime data/ApplyDirectBoardChoiceMode	not in choices expression	resolvePrompt with promptId/binding; client instant/pure decision or min/max confirm; server continuation decides effect	skip/cancel/no/decline only when in ValidChoices; meaning from ChoiceConsequences and continuation, not token alone	PromptOverlay; GameBoard for board-target/board-slot/resource-selection/board-selection/mixed-board-payment choiceMode
服务端WebSocket/TwelveLegions/L12S2FactionEffects.cs	832	card	"card"	card-selection	"圆桌领域：选择牌库中1张【圆桌骑士】军团展示并加入手牌"	candidates	1	1	"card-effect"	data: new Dictionary<string	data: new Dictionary<string	runtime data/BuildPromptPresentation fallback; inspect caller	narrative.Title > data.sourceName > text prefix > PromptKindTitle(kind)	narrative.Situation > data.effectText > prompt text	narrative.Instruction > PromptInstruction(kind,min,max,uiPattern)	正在完成卡牌选择	narrative.WaitingAction when present; otherwise PromptWaitingSummary(kind)	narrative.ChoiceConsequences or empty; legacy label/data only for button name	narrative.PaymentStatus/PaymentSummary or null	narrative.SubmissionConsequence or null	runtime data/ApplyDirectBoardChoiceMode	not in choices expression	resolvePrompt with promptId/binding; client instant/pure decision or min/max confirm; server continuation decides effect	skip/cancel/no/decline only when in ValidChoices; meaning from ChoiceConsequences and continuation, not token alone	PromptOverlay; GameBoard for board-target/board-slot/resource-selection/board-selection/mixed-board-payment choiceMode
服务端WebSocket/TwelveLegions/L12S2FactionEffects.cs	1919	optional-card	"optional-card"	effect-decision	"普罗米修斯：查看牌库顶部3张牌，选择1张【奥林匹斯】卡牌加入手牌"	choices	1	1	"card-effect"	data: data	data: data	runtime data/BuildPromptPresentation fallback; inspect caller	narrative.Title > data.sourceName > text prefix > PromptKindTitle(kind)	narrative.Situation > data.effectText > prompt text	narrative.Instruction > PromptInstruction(kind,min,max,uiPattern)	正在完成卡牌选择	narrative.WaitingAction when present; otherwise PromptWaitingSummary(kind)	narrative.ChoiceConsequences or empty; legacy label/data only for button name	narrative.PaymentStatus/PaymentSummary or null	narrative.SubmissionConsequence or null	runtime data/ApplyDirectBoardChoiceMode	not in choices expression	resolvePrompt with promptId/binding; client instant/pure decision or min/max confirm; server continuation decides effect	skip/cancel/no/decline only when in ValidChoices; meaning from ChoiceConsequences and continuation, not token alone	PromptOverlay; GameBoard for board-target/board-slot/resource-selection/board-selection/mixed-board-payment choiceMode
服务端WebSocket/TwelveLegions/L12S2FactionEffects.cs	2089	option	"option"	effect-decision	$"阿麦金展示牌库顶部的〈{top.Name}〉"	choices	1	1	"card-effect"	data: data	data: data	runtime data/BuildPromptPresentation fallback; inspect caller	narrative.Title > data.sourceName > text prefix > PromptKindTitle(kind)	narrative.Situation > data.effectText > prompt text	narrative.Instruction > PromptInstruction(kind,min,max,uiPattern)	正在决定是否发动效果	narrative.WaitingAction when present; otherwise PromptWaitingSummary(kind)	narrative.ChoiceConsequences or empty; legacy label/data only for button name	narrative.PaymentStatus/PaymentSummary or null	narrative.SubmissionConsequence or null	runtime data/ApplyDirectBoardChoiceMode	not in choices expression	resolvePrompt with promptId/binding; client instant/pure decision or min/max confirm; server continuation decides effect	skip/cancel/no/decline only when in ValidChoices; meaning from ChoiceConsequences and continuation, not token alone	PromptOverlay; GameBoard for board-target/board-slot/resource-selection/board-selection/mixed-board-payment choiceMode
服务端WebSocket/TwelveLegions/L12S2FactionEffects.cs	2339	target-morale	"target-morale"	payment	"武田信玄：选择1张休整士气转为活跃"	restedMorale	1	1	"card-effect"	data: WithPromptNarrative( new Dictionary<string, string> { ["action"] = "s2-takeda-ready-morale" }, new("武田信玄", "〈真田幸村〉已经活跃登场。现在必须选择1张当前休整的士气转为活跃，以完成〈武田信玄〉的登场时效果；若所选士气在结算时已离开士气区或不再休整，本步骤无事结束，不补偿，也不会改选其他士气。", "请选择1张当前休整的士气；本步骤不能跳过。", L12PromptWaitingAction.TargetSelection, restedMorale.ToDictionary(id => id, _ => "使所选休整士气转为活跃；若结算时不再合法，则不改选。", StringComparer.OrdinalIgnoreCase)))	data: WithPromptNarrative( new Dictionary<string, string> { ["action"] = "s2-takeda-ready-morale" }, new("武田信玄", "〈真田幸村〉已经活跃登场。现在必须选择1张当前休整的士气转为活跃，以完成〈武田信玄〉的登场时效果；若所选士气在结算时已离开士气区或不再休整，本步骤无事结束，不补偿，也不会改选其他士气。", "请选择1张当前休整的士气；本步骤不能跳过。", L12PromptWaitingAction.TargetSelection, restedMorale.ToDictionary(id => id, _ => "使所选休整士气转为活跃；若结算时不再合法，则不改选。", StringComparer.OrdinalIgnoreCase)))	callsite WithPromptNarrative	narrative.Title > data.sourceName > text prefix > PromptKindTitle(kind)	narrative.Situation > data.effectText > prompt text	narrative.Instruction > PromptInstruction(kind,min,max,uiPattern)	正在选择效果对象	narrative.WaitingAction when present; otherwise PromptWaitingSummary(kind)	narrative.ChoiceConsequences or empty; legacy label/data only for button name	narrative.PaymentStatus/PaymentSummary or null	narrative.SubmissionConsequence or null	runtime data/ApplyDirectBoardChoiceMode	not in choices expression	resolvePrompt with promptId/binding; client instant/pure decision or min/max confirm; server continuation decides effect	skip/cancel/no/decline only when in ValidChoices; meaning from ChoiceConsequences and continuation, not token alone	PromptOverlay; GameBoard for board-target/board-slot/resource-selection/board-selection/mixed-board-payment choiceMode
服务端WebSocket/TwelveLegions/L12S2FactionEffects.cs	2519	target	"target"	target	"选择1张休整的【高天原】军团转为活跃"	currentTargets	1	1	"card-effect"	data: WithPromptNarrative( new Dictionary<string, string> { ["action"] = "s2-gaotianyuan-ready-target" }, new("井伊直虎", "弃置手牌的费用已经支付。现在请选择原先声明且仍然合法的1张休整【高天原】军团转为活跃；若所选对象随后失效，已支付的费用不会返还，也不会改选其他目标。", "请选择1张仍然合法的休整【高天原】军团。", L12PromptWaitingAction.TargetSelection, currentTargets.ToDictionary(targetId => targetId, targetId => FindOnField(player, targetId, out _, out _) is { } target ? $"使〈{target.Name}〉转为活跃；若结算时对象失效，费用不返还。" : "使所选军团转为活跃；若结算时对象失效，费用不返还。", StringComparer.OrdinalIgnoreCase), PaymentStatus: "paid", PaymentSummary: "已弃置1张手牌作为费用；目标失效时不返还。"))	data: WithPromptNarrative( new Dictionary<string, string> { ["action"] = "s2-gaotianyuan-ready-target" }, new("井伊直虎", "弃置手牌的费用已经支付。现在请选择原先声明且仍然合法的1张休整【高天原】军团转为活跃；若所选对象随后失效，已支付的费用不会返还，也不会改选其他目标。", "请选择1张仍然合法的休整【高天原】军团。", L12PromptWaitingAction.TargetSelection, currentTargets.ToDictionary(targetId => targetId, targetId => FindOnField(player, targetId, out _, out _) is { } target ? $"使〈{target.Name}〉转为活跃；若结算时对象失效，费用不返还。" : "使所选军团转为活跃；若结算时对象失效，费用不返还。", StringComparer.OrdinalIgnoreCase), PaymentStatus: "paid", PaymentSummary: "已弃置1张手牌作为费用；目标失效时不返还。"))	callsite WithPromptNarrative	narrative.Title > data.sourceName > text prefix > PromptKindTitle(kind)	narrative.Situation > data.effectText > prompt text	narrative.Instruction > PromptInstruction(kind,min,max,uiPattern)	正在选择效果对象	narrative.WaitingAction when present; otherwise PromptWaitingSummary(kind)	narrative.ChoiceConsequences or empty; legacy label/data only for button name	narrative.PaymentStatus/PaymentSummary or null	narrative.SubmissionConsequence or null	runtime data/ApplyDirectBoardChoiceMode	not in choices expression	resolvePrompt with promptId/binding; client instant/pure decision or min/max confirm; server continuation decides effect	skip/cancel/no/decline only when in ValidChoices; meaning from ChoiceConsequences and continuation, not token alone	PromptOverlay; GameBoard for board-target/board-slot/resource-selection/board-selection/mixed-board-payment choiceMode
服务端WebSocket/TwelveLegions/L12S2FactionEffects.cs	2549	hand-card	"hand-card"	card-selection	"赫拉克勒斯：抽取2张牌后弃置1张手牌"	discardChoices.Select(candidate => candidate.InstanceId)	1	1	"card-effect"	data: BuildS2HeraclesDiscardPromptData(discardChoices, new Dictionary<string, string> { ["action"] = "s2-olympus-draw-discard" })	data: BuildS2HeraclesDiscardPromptData(discardChoices, new Dictionary<string, string> { ["action"] = "s2-olympus-draw-discard" })	runtime data/BuildPromptPresentation fallback; inspect caller	narrative.Title > data.sourceName > text prefix > PromptKindTitle(kind)	narrative.Situation > data.effectText > prompt text	narrative.Instruction > PromptInstruction(kind,min,max,uiPattern)	正在完成卡牌选择	narrative.WaitingAction when present; otherwise PromptWaitingSummary(kind)	narrative.ChoiceConsequences or empty; legacy label/data only for button name	narrative.PaymentStatus/PaymentSummary or null	narrative.SubmissionConsequence or null	runtime data/ApplyDirectBoardChoiceMode	not in choices expression	resolvePrompt with promptId/binding; client instant/pure decision or min/max confirm; server continuation decides effect	skip/cancel/no/decline only when in ValidChoices; meaning from ChoiceConsequences and continuation, not token alone	PromptOverlay; GameBoard for board-target/board-slot/resource-selection/board-selection/mixed-board-payment choiceMode
服务端WebSocket/TwelveLegions/L12S2FactionEffects.cs	2832	option	"option"	effect-decision	$"李牧展示了费用不高于4的主动战术〈{top.Name}〉"	["play", "bottom"]	1	1	"card-effect"	data: data	data: data	runtime data/BuildPromptPresentation fallback; inspect caller	narrative.Title > data.sourceName > text prefix > PromptKindTitle(kind)	narrative.Situation > data.effectText > prompt text	narrative.Instruction > PromptInstruction(kind,min,max,uiPattern)	正在决定是否发动效果	narrative.WaitingAction when present; otherwise PromptWaitingSummary(kind)	narrative.ChoiceConsequences or empty; legacy label/data only for button name	narrative.PaymentStatus/PaymentSummary or null	narrative.SubmissionConsequence or null	runtime data/ApplyDirectBoardChoiceMode	not in choices expression	resolvePrompt with promptId/binding; client instant/pure decision or min/max confirm; server continuation decides effect	skip/cancel/no/decline only when in ValidChoices; meaning from ChoiceConsequences and continuation, not token alone	PromptOverlay; GameBoard for board-target/board-slot/resource-selection/board-selection/mixed-board-payment choiceMode
服务端WebSocket/TwelveLegions/L12S2FactionEffects.cs	2906	card	"card"	card-selection	text	choices.Select(card => card.InstanceId)	1	1	"card-effect"	data: data	data: data	runtime data/BuildPromptPresentation fallback; inspect caller	narrative.Title > data.sourceName > text prefix > PromptKindTitle(kind)	narrative.Situation > data.effectText > prompt text	narrative.Instruction > PromptInstruction(kind,min,max,uiPattern)	正在完成卡牌选择	narrative.WaitingAction when present; otherwise PromptWaitingSummary(kind)	narrative.ChoiceConsequences or empty; legacy label/data only for button name	narrative.PaymentStatus/PaymentSummary or null	narrative.SubmissionConsequence or null	runtime data/ApplyDirectBoardChoiceMode	not in choices expression	resolvePrompt with promptId/binding; client instant/pure decision or min/max confirm; server continuation decides effect	skip/cancel/no/decline only when in ValidChoices; meaning from ChoiceConsequences and continuation, not token alone	PromptOverlay; GameBoard for board-target/board-slot/resource-selection/board-selection/mixed-board-payment choiceMode
服务端WebSocket/TwelveLegions/L12S2FactionEffects.cs	2991	optional-card	"optional-card"	effect-decision	"符文之力：选择1张〈符文之力〉以外的【彼界】卡牌展示并加入手牌"	choices	1	1	"card-effect"	data: data	data: data	runtime data/BuildPromptPresentation fallback; inspect caller	narrative.Title > data.sourceName > text prefix > PromptKindTitle(kind)	narrative.Situation > data.effectText > prompt text	narrative.Instruction > PromptInstruction(kind,min,max,uiPattern)	正在完成卡牌选择	narrative.WaitingAction when present; otherwise PromptWaitingSummary(kind)	narrative.ChoiceConsequences or empty; legacy label/data only for button name	narrative.PaymentStatus/PaymentSummary or null	narrative.SubmissionConsequence or null	runtime data/ApplyDirectBoardChoiceMode	not in choices expression	resolvePrompt with promptId/binding; client instant/pure decision or min/max confirm; server continuation decides effect	skip/cancel/no/decline only when in ValidChoices; meaning from ChoiceConsequences and continuation, not token alone	PromptOverlay; GameBoard for board-target/board-slot/resource-selection/board-selection/mixed-board-payment choiceMode
服务端WebSocket/TwelveLegions/L12S2FactionEffects.cs	3049	target-morale	"target-morale"	payment	$"{source.Name}：选择1张士气翻转"	choices	optional ? 0 : 1	1	"card-effect"	data: new Dictionary<string	data: new Dictionary<string	runtime data/BuildPromptPresentation fallback; inspect caller	narrative.Title > data.sourceName > text prefix > PromptKindTitle(kind)	narrative.Situation > data.effectText > prompt text	narrative.Instruction > PromptInstruction(kind,min,max,uiPattern)	正在选择效果对象	narrative.WaitingAction when present; otherwise PromptWaitingSummary(kind)	narrative.ChoiceConsequences or empty; legacy label/data only for button name	narrative.PaymentStatus/PaymentSummary or null	narrative.SubmissionConsequence or null	runtime data/ApplyDirectBoardChoiceMode	not in choices expression	resolvePrompt with promptId/binding; client instant/pure decision or min/max confirm; server continuation decides effect	skip/cancel/no/decline only when in ValidChoices; meaning from ChoiceConsequences and continuation, not token alone	PromptOverlay; GameBoard for board-target/board-slot/resource-selection/board-selection/mixed-board-payment choiceMode
服务端WebSocket/TwelveLegions/L12S2FactionEffects.cs	3076	optional-cards	"optional-cards"	effect-decision	"狮心王理查一世：选择最多3张〈侍从骑士〉叠放至此军团下方"	choices	1	Math.Min(3, candidates.Length)	"card-effect"	data: data	data: data	runtime data/BuildPromptPresentation fallback; inspect caller	narrative.Title > data.sourceName > text prefix > PromptKindTitle(kind)	narrative.Situation > data.effectText > prompt text	narrative.Instruction > PromptInstruction(kind,min,max,uiPattern)	正在完成卡牌选择	narrative.WaitingAction when present; otherwise PromptWaitingSummary(kind)	narrative.ChoiceConsequences or empty; legacy label/data only for button name	narrative.PaymentStatus/PaymentSummary or null	narrative.SubmissionConsequence or null	runtime data/ApplyDirectBoardChoiceMode	not in choices expression	resolvePrompt with promptId/binding; client instant/pure decision or min/max confirm; server continuation decides effect	skip/cancel/no/decline only when in ValidChoices; meaning from ChoiceConsequences and continuation, not token alone	PromptOverlay; GameBoard for board-target/board-slot/resource-selection/board-selection/mixed-board-payment choiceMode
服务端WebSocket/TwelveLegions/L12S2FactionEffects.cs	3111	search	"search"	card-selection	"荣耀之路：查看牌库并选择1张【奥林匹斯】卡牌展示加入手牌"	choices	1	1	"card-effect"	data: new Dictionary<string	data: new Dictionary<string	runtime data/BuildPromptPresentation fallback; inspect caller	narrative.Title > data.sourceName > text prefix > PromptKindTitle(kind)	narrative.Situation > data.effectText > prompt text	narrative.Instruction > PromptInstruction(kind,min,max,uiPattern)	正在完成卡牌选择	narrative.WaitingAction when present; otherwise PromptWaitingSummary(kind)	narrative.ChoiceConsequences or empty; legacy label/data only for button name	narrative.PaymentStatus/PaymentSummary or null	narrative.SubmissionConsequence or null	runtime data/ApplyDirectBoardChoiceMode	not in choices expression	resolvePrompt with promptId/binding; client instant/pure decision or min/max confirm; server continuation decides effect	skip/cancel/no/decline only when in ValidChoices; meaning from ChoiceConsequences and continuation, not token alone	PromptOverlay; GameBoard for board-target/board-slot/resource-selection/board-selection/mixed-board-payment choiceMode
服务端WebSocket/TwelveLegions/L12S2FactionEffects.cs	3133	target	"target"	target	$"选择对方1张费用不高于{maxCost}的军团并击杀"	targets	1	1	"card-effect"	data: WithPromptNarrative( new Dictionary<string, string> { ["action"] = "s2-heracles-promotion-kill" }, new("赫拉克勒斯·晋升", $"展示军团并放回牌库顶部的费用已经支付。现在可击杀对方1张当前费用不高于{maxCost}的军团；若所选目标随后离场或费用升高，已支付的费用不会返还，也不会改选其他目标。", $"请选择1张当前费用不高于{maxCost}的对方军团。", L12PromptWaitingAction.TargetSelection, targetChoices.ToDictionary(target => target.InstanceId, target => $"击杀〈{target.Name}〉；若结算时目标不再合法，费用不返还且不改选。", StringComparer.OrdinalIgnoreCase), PaymentStatus: "paid", PaymentSummary: "已展示军团并将其放回牌库顶部作为费用；目标失效时不返还。"))	data: WithPromptNarrative( new Dictionary<string, string> { ["action"] = "s2-heracles-promotion-kill" }, new("赫拉克勒斯·晋升", $"展示军团并放回牌库顶部的费用已经支付。现在可击杀对方1张当前费用不高于{maxCost}的军团；若所选目标随后离场或费用升高，已支付的费用不会返还，也不会改选其他目标。", $"请选择1张当前费用不高于{maxCost}的对方军团。", L12PromptWaitingAction.TargetSelection, targetChoices.ToDictionary(target => target.InstanceId, target => $"击杀〈{target.Name}〉；若结算时目标不再合法，费用不返还且不改选。", StringComparer.OrdinalIgnoreCase), PaymentStatus: "paid", PaymentSummary: "已展示军团并将其放回牌库顶部作为费用；目标失效时不返还。"))	callsite WithPromptNarrative	narrative.Title > data.sourceName > text prefix > PromptKindTitle(kind)	narrative.Situation > data.effectText > prompt text	narrative.Instruction > PromptInstruction(kind,min,max,uiPattern)	正在选择效果对象	narrative.WaitingAction when present; otherwise PromptWaitingSummary(kind)	narrative.ChoiceConsequences or empty; legacy label/data only for button name	narrative.PaymentStatus/PaymentSummary or null	narrative.SubmissionConsequence or null	runtime data/ApplyDirectBoardChoiceMode	not in choices expression	resolvePrompt with promptId/binding; client instant/pure decision or min/max confirm; server continuation decides effect	skip/cancel/no/decline only when in ValidChoices; meaning from ChoiceConsequences and continuation, not token alone	PromptOverlay; GameBoard for board-target/board-slot/resource-selection/board-selection/mixed-board-payment choiceMode
服务端WebSocket/TwelveLegions/L12S2FactionEffects.cs	3297	option	"option"	effect-decision	$"冲田总司展示了费用不高于3的【高天原】卡牌〈{top.Name}〉"	["play", "hand"]	1	1	"card-effect"	data: data	data: data	runtime data/BuildPromptPresentation fallback; inspect caller	narrative.Title > data.sourceName > text prefix > PromptKindTitle(kind)	narrative.Situation > data.effectText > prompt text	narrative.Instruction > PromptInstruction(kind,min,max,uiPattern)	正在决定是否发动效果	narrative.WaitingAction when present; otherwise PromptWaitingSummary(kind)	narrative.ChoiceConsequences or empty; legacy label/data only for button name	narrative.PaymentStatus/PaymentSummary or null	narrative.SubmissionConsequence or null	runtime data/ApplyDirectBoardChoiceMode	not in choices expression	resolvePrompt with promptId/binding; client instant/pure decision or min/max confirm; server continuation decides effect	skip/cancel/no/decline only when in ValidChoices; meaning from ChoiceConsequences and continuation, not token alone	PromptOverlay; GameBoard for board-target/board-slot/resource-selection/board-selection/mixed-board-payment choiceMode
服务端WebSocket/TwelveLegions/L12S2FactionEffects.cs	3356	hand-card	"hand-card"	card-selection	"始皇帝 嬴政：请先弃置手牌中1张费用为8的军团作为登场时效果费用"	choices	1	1	"s2-yingzheng-enter-cost"	isPrivate: true	data: data	runtime data/BuildPromptPresentation fallback; inspect caller	narrative.Title > data.sourceName > text prefix > PromptKindTitle(kind)	narrative.Situation > data.effectText > prompt text	narrative.Instruction > PromptInstruction(kind,min,max,uiPattern)	正在完成卡牌选择	narrative.WaitingAction when present; otherwise PromptWaitingSummary(kind)	narrative.ChoiceConsequences or empty; legacy label/data only for button name	narrative.PaymentStatus/PaymentSummary or null	narrative.SubmissionConsequence or null	runtime data/ApplyDirectBoardChoiceMode	not in choices expression	resolvePrompt with promptId/binding; client instant/pure decision or min/max confirm; server continuation decides effect	skip/cancel/no/decline only when in ValidChoices; meaning from ChoiceConsequences and continuation, not token alone	PromptOverlay; GameBoard for board-target/board-slot/resource-selection/board-selection/mixed-board-payment choiceMode
服务端WebSocket/TwelveLegions/L12S2UniversalEffects.cs	34	covered-counter	"covered-counter"	other	"宫廷魔术师：可选择战场上 1 张反击战术置入所有者墓地"	choices	1	1	"card-effect"	data: WithPromptNarrative( new Dictionary<string, string> { ["action"] = "s2-magician-remove-counter", ["skip"] = "不发动", }, new("宫廷魔术师", "〈宫廷魔术师〉的登场时效果正在结算。你可以将战场上的1张反击战术置入其所有者墓地，也可以不发动。", "请选择1张战场上的反击战术，或选择“不发动”。", L12PromptWaitingAction.TargetSelection, consequences))	data: WithPromptNarrative( new Dictionary<string, string> { ["action"] = "s2-magician-remove-counter", ["skip"] = "不发动", }, new("宫廷魔术师", "〈宫廷魔术师〉的登场时效果正在结算。你可以将战场上的1张反击战术置入其所有者墓地，也可以不发动。", "请选择1张战场上的反击战术，或选择“不发动”。", L12PromptWaitingAction.TargetSelection, consequences))	callsite WithPromptNarrative	narrative.Title > data.sourceName > text prefix > PromptKindTitle(kind)	narrative.Situation > data.effectText > prompt text	narrative.Instruction > PromptInstruction(kind,min,max,uiPattern)	正在完成当前操作	narrative.WaitingAction when present; otherwise PromptWaitingSummary(kind)	narrative.ChoiceConsequences or empty; legacy label/data only for button name	narrative.PaymentStatus/PaymentSummary or null	narrative.SubmissionConsequence or null	runtime data/ApplyDirectBoardChoiceMode	not in choices expression	resolvePrompt with promptId/binding; client instant/pure decision or min/max confirm; server continuation decides effect	skip/cancel/no/decline only when in ValidChoices; meaning from ChoiceConsequences and continuation, not token alone	PromptOverlay; GameBoard for board-target/board-slot/resource-selection/board-selection/mixed-board-payment choiceMode
服务端WebSocket/TwelveLegions/L12S2UniversalEffects.cs	54	optional	"optional"	effect-decision	"万物统御之戒：是否弃置1张手牌，检索1张【通用】卡牌？"	["yes", "no"]	1	1	"card-effect"	data: WithPromptNarrative( new Dictionary<string, string> { ["action"] = "s2-ring-start", ["choiceMode"] = "instant", ["yes"] = "发动", ["no"] = "不发动", }, new("万物统御之戒", "〈万物统御之戒〉的登场时效果正在结算。你可以弃置1张手牌作为费用；成功支付后，从牌库检索1张【通用】卡牌，展示并加入手牌，然后洗牌。", "请选择“发动”继续支付费用，或选择“不发动”结束本次登场时效果。", L12PromptWaitingAction.EffectDecision, new Dictionary<string, string>(StringComparer.OrdinalIgnoreCase) { ["yes"] = "继续选择并弃置1张手牌作为费用，然后检索1张【通用】卡牌。", ["no"] = "不支付费用，直接结束〈万物统御之戒〉的登场时效果。", }))	data: WithPromptNarrative( new Dictionary<string, string> { ["action"] = "s2-ring-start", ["choiceMode"] = "instant", ["yes"] = "发动", ["no"] = "不发动", }, new("万物统御之戒", "〈万物统御之戒〉的登场时效果正在结算。你可以弃置1张手牌作为费用；成功支付后，从牌库检索1张【通用】卡牌，展示并加入手牌，然后洗牌。", "请选择“发动”继续支付费用，或选择“不发动”结束本次登场时效果。", L12PromptWaitingAction.EffectDecision, new Dictionary<string, string>(StringComparer.OrdinalIgnoreCase) { ["yes"] = "继续选择并弃置1张手牌作为费用，然后检索1张【通用】卡牌。", ["no"] = "不支付费用，直接结束〈万物统御之戒〉的登场时效果。", }))	callsite WithPromptNarrative	narrative.Title > data.sourceName > text prefix > PromptKindTitle(kind)	narrative.Situation > data.effectText > prompt text	narrative.Instruction > PromptInstruction(kind,min,max,uiPattern)	正在决定是否发动效果	narrative.WaitingAction when present; otherwise PromptWaitingSummary(kind)	narrative.ChoiceConsequences or empty; legacy label/data only for button name	narrative.PaymentStatus/PaymentSummary or null	narrative.SubmissionConsequence or null	instant	candidate literal; inspect runtime choices	resolvePrompt with promptId/binding; client instant/pure decision or min/max confirm; server continuation decides effect	skip/cancel/no/decline only when in ValidChoices; meaning from ChoiceConsequences and continuation, not token alone	PromptOverlay; GameBoard for board-target/board-slot/resource-selection/board-selection/mixed-board-payment choiceMode
服务端WebSocket/TwelveLegions/L12S2UniversalEffects.cs	129	opponent-confirm	"opponent-confirm"	effect-decision	"祷告仪式：是否同意公开下1张天灾卡？"	["agree", "refuse"]	1	1	"card-effect"	isPrivate: false	data: new Dictionary<string	runtime data/BuildPromptPresentation fallback; inspect caller	narrative.Title > data.sourceName > text prefix > PromptKindTitle(kind)	narrative.Situation > data.effectText > prompt text	narrative.Instruction > PromptInstruction(kind,min,max,uiPattern)	正在完成当前操作	narrative.WaitingAction when present; otherwise PromptWaitingSummary(kind)	narrative.ChoiceConsequences or empty; legacy label/data only for button name	narrative.PaymentStatus/PaymentSummary or null	narrative.SubmissionConsequence or null	instant	not in choices expression	resolvePrompt with promptId/binding; client instant/pure decision or min/max confirm; server continuation decides effect	skip/cancel/no/decline only when in ValidChoices; meaning from ChoiceConsequences and continuation, not token alone	PromptOverlay; GameBoard for board-target/board-slot/resource-selection/board-selection/mixed-board-payment choiceMode
服务端WebSocket/TwelveLegions/L12S2UniversalEffects.cs	288	hand-card	"hand-card"	card-selection	"万物统御之戒：弃置1张手牌"	discardChoices.Select(candidate => candidate.InstanceId)	1	1	"card-effect"	data: WithPromptNarrative( new Dictionary<string, string> { ["action"] = "s2-ring-discard" }, new("万物统御之戒", "你已决定发动〈万物统御之戒〉的登场时效果。现在必须弃置1张手牌支付费用；只有成功支付后才会继续检索。", "请选择1张手牌弃置作为费用；本步骤不能取消。", L12PromptWaitingAction.CostPayment, discardChoices.ToDictionary(candidate => candidate.InstanceId, candidate => $"弃置〈{candidate.Name}〉作为费用，然后进入【通用】卡牌检索。", StringComparer.OrdinalIgnoreCase)))	data: WithPromptNarrative( new Dictionary<string, string> { ["action"] = "s2-ring-discard" }, new("万物统御之戒", "你已决定发动〈万物统御之戒〉的登场时效果。现在必须弃置1张手牌支付费用；只有成功支付后才会继续检索。", "请选择1张手牌弃置作为费用；本步骤不能取消。", L12PromptWaitingAction.CostPayment, discardChoices.ToDictionary(candidate => candidate.InstanceId, candidate => $"弃置〈{candidate.Name}〉作为费用，然后进入【通用】卡牌检索。", StringComparer.OrdinalIgnoreCase)))	callsite WithPromptNarrative	narrative.Title > data.sourceName > text prefix > PromptKindTitle(kind)	narrative.Situation > data.effectText > prompt text	narrative.Instruction > PromptInstruction(kind,min,max,uiPattern)	正在完成卡牌选择	narrative.WaitingAction when present; otherwise PromptWaitingSummary(kind)	narrative.ChoiceConsequences or empty; legacy label/data only for button name	narrative.PaymentStatus/PaymentSummary or null	narrative.SubmissionConsequence or null	runtime data/ApplyDirectBoardChoiceMode	not in choices expression	resolvePrompt with promptId/binding; client instant/pure decision or min/max confirm; server continuation decides effect	skip/cancel/no/decline only when in ValidChoices; meaning from ChoiceConsequences and continuation, not token alone	PromptOverlay; GameBoard for board-target/board-slot/resource-selection/board-selection/mixed-board-payment choiceMode
服务端WebSocket/TwelveLegions/L12S2UniversalEffects.cs	312	library-search	"library-search"	other	"万物统御之戒：选择牌库1张【通用】卡牌展示并加入手牌"	candidates.Select(candidate => candidate.InstanceId)	1	1	"card-effect"	data: BuildS2RingSearchPromptData(candidates, new Dictionary<string, string> { ["action"] = "s2-ring-search" })	data: BuildS2RingSearchPromptData(candidates, new Dictionary<string, string> { ["action"] = "s2-ring-search" })	runtime data/BuildPromptPresentation fallback; inspect caller	narrative.Title > data.sourceName > text prefix > PromptKindTitle(kind)	narrative.Situation > data.effectText > prompt text	narrative.Instruction > PromptInstruction(kind,min,max,uiPattern)	正在完成当前操作	narrative.WaitingAction when present; otherwise PromptWaitingSummary(kind)	narrative.ChoiceConsequences or empty; legacy label/data only for button name	narrative.PaymentStatus/PaymentSummary or null	narrative.SubmissionConsequence or null	runtime data/ApplyDirectBoardChoiceMode	not in choices expression	resolvePrompt with promptId/binding; client instant/pure decision or min/max confirm; server continuation decides effect	skip/cancel/no/decline only when in ValidChoices; meaning from ChoiceConsequences and continuation, not token alone	PromptOverlay; GameBoard for board-target/board-slot/resource-selection/board-selection/mixed-board-payment choiceMode
服务端WebSocket/TwelveLegions/L12S2UniversalEffects.cs	451	information-confirm	"information-confirm"	information	$"祷告仪式公开下1张天灾卡〈{disaster.Name}〉"	[]	0	0	"s2-prayer-public-confirm"	isPrivate: false	data: new Dictionary<string	runtime data/BuildPromptPresentation fallback; inspect caller	narrative.Title > data.sourceName > text prefix > PromptKindTitle(kind)	narrative.Situation > data.effectText > prompt text	narrative.Instruction > PromptInstruction(kind,min,max,uiPattern)	正在完成当前操作	narrative.WaitingAction when present; otherwise PromptWaitingSummary(kind)	narrative.ChoiceConsequences or empty; legacy label/data only for button name	narrative.PaymentStatus/PaymentSummary or null	narrative.SubmissionConsequence or null	runtime data/ApplyDirectBoardChoiceMode	not in choices expression	resolvePrompt with promptId/binding; client instant/pure decision or min/max confirm; server continuation decides effect	skip/cancel/no/decline only when in ValidChoices; meaning from ChoiceConsequences and continuation, not token alone	PromptOverlay; GameBoard for board-target/board-slot/resource-selection/board-selection/mixed-board-payment choiceMode
服务端WebSocket/TwelveLegions/L12S2UniversalEffects.cs	470	information-confirm	"information-confirm"	information	$"祷告仪式：查看下1张天灾卡〈{disaster.Name}〉"	[]	0	0	"card-effect"	isPrivate: true	data: data	runtime data/BuildPromptPresentation fallback; inspect caller	narrative.Title > data.sourceName > text prefix > PromptKindTitle(kind)	narrative.Situation > data.effectText > prompt text	narrative.Instruction > PromptInstruction(kind,min,max,uiPattern)	正在完成当前操作	narrative.WaitingAction when present; otherwise PromptWaitingSummary(kind)	narrative.ChoiceConsequences or empty; legacy label/data only for button name	narrative.PaymentStatus/PaymentSummary or null	narrative.SubmissionConsequence or null	runtime data/ApplyDirectBoardChoiceMode	not in choices expression	resolvePrompt with promptId/binding; client instant/pure decision or min/max confirm; server continuation decides effect	skip/cancel/no/decline only when in ValidChoices; meaning from ChoiceConsequences and continuation, not token alone	PromptOverlay; GameBoard for board-target/board-slot/resource-selection/board-selection/mixed-board-payment choiceMode
服务端WebSocket/TwelveLegions/L12TrialCompletionTriggerPlans.cs	253	optional-card	"optional-card"	effect-decision	"湖中仙女的馈赠：查看牌库并选择1张〈亚瑟王〉加入手牌"	choices	1	1	"card-effect"	isPrivate: true	data: new Dictionary<string	runtime data/BuildPromptPresentation fallback; inspect caller	narrative.Title > data.sourceName > text prefix > PromptKindTitle(kind)	narrative.Situation > data.effectText > prompt text	narrative.Instruction > PromptInstruction(kind,min,max,uiPattern)	正在完成卡牌选择	narrative.WaitingAction when present; otherwise PromptWaitingSummary(kind)	narrative.ChoiceConsequences or empty; legacy label/data only for button name	narrative.PaymentStatus/PaymentSummary or null	narrative.SubmissionConsequence or null	runtime data/ApplyDirectBoardChoiceMode	not in choices expression	resolvePrompt with promptId/binding; client instant/pure decision or min/max confirm; server continuation decides effect	skip/cancel/no/decline only when in ValidChoices; meaning from ChoiceConsequences and continuation, not token alone	PromptOverlay; GameBoard for board-target/board-slot/resource-selection/board-selection/mixed-board-payment choiceMode
服务端WebSocket/TwelveLegions/L12TrialCompletionTriggerPlans.cs	294	optional-card	"optional-card"	effect-decision	"寻找圣杯之旅：查看牌库并选择1张【彼界】军团展示并加入手牌"	choices	1	1	"card-effect"	isPrivate: true	data: new Dictionary<string	runtime data/BuildPromptPresentation fallback; inspect caller	narrative.Title > data.sourceName > text prefix > PromptKindTitle(kind)	narrative.Situation > data.effectText > prompt text	narrative.Instruction > PromptInstruction(kind,min,max,uiPattern)	正在完成卡牌选择	narrative.WaitingAction when present; otherwise PromptWaitingSummary(kind)	narrative.ChoiceConsequences or empty; legacy label/data only for button name	narrative.PaymentStatus/PaymentSummary or null	narrative.SubmissionConsequence or null	runtime data/ApplyDirectBoardChoiceMode	not in choices expression	resolvePrompt with promptId/binding; client instant/pure decision or min/max confirm; server continuation decides effect	skip/cancel/no/decline only when in ValidChoices; meaning from ChoiceConsequences and continuation, not token alone	PromptOverlay; GameBoard for board-target/board-slot/resource-selection/board-selection/mixed-board-payment choiceMode
